{
  "job_id": "v2",
  "vmaf_threshold": 85,
  "chosen_crf": 29,
  "libx265_params": "aq-mode=1:aq-strength=0.8:rd=5:ref=5:bframes=6:rc-lookahead=20:keyint=60:min-keyint=1:scenecut=50",
  "strategy": "fleet_sla_x265_crf_param_tune",
  "elapsed_sec": 6524.335805244991,
  "error": "",
  "best": {
    "recipe": "default_fast",
    "mode": "RC",
    "encoder": "libx265",
    "crf": 29,
    "bitrate": null,
    "measured_bitrate_mbps": null,
    "path": "work_fleet/85/v2/final_x265.mp4",
    "stage": "sla_final",
    "s_f": 0.45701718345923636,
    "vmaf": 85.341274,
    "vmaf_base": 87.377397,
    "vmaf_delta": 2.0361230000000035,
    "passed_encoding_gates": true,
    "passed_vmaf_delta_gate": true,
    "compression_rate": 0.11684134425541799,
    "compression_ratio": 8.558614301920183,
    "reason": "success",
    "rejected_reason": null,
    "validation_errors": [],
    "encode_sec": 0.0,
    "score_sec": 0.0,
    "elapsed_sec": 0.0,
    "nvenc_overrides": {}
  },
  "features": {
    "segment_count": 6.0,
    "cut_count": 5.0,
    "cut_rate": 0.16666666666666666,
    "hard_fraction": 0.9,
    "worst_difficulty": 0.5787014004403978,
    "difficulty_mean": 0.48993074314918456,
    "difficulty_p90": 0.5606933504490932,
    "duration_weighted_difficulty": 0.49862805836575824,
    "motion_mean": 0.04778975899323207,
    "motion_std": 0.017628209053898766,
    "motion_p90": 0.1267098886468167,
    "texture": 4.77299924105774,
    "texture_lbp": 4.77299924105774,
    "texture_std": 0.8186141358585864,
    "entropy": 0.775279131780068,
    "edge_density": 0.04683408082561728,
    "noise_level": 0.04346052939848354,
    "high_freq_energy": 5.000000000000001,
    "flatness": 0.6103046231995884,
    "luma_mean": 0.25063469423263135,
    "luma_std": 0.21255345239480275,
    "sat_mean": 0.4000577333537582,
    "chroma_std": 0.30721227849786287,
    "cut_density": 0.3333333333333333,
    "volatility": 0.49726195801020007,
    "duration": 30.0,
    "fps": 30.0,
    "width": 3840.0,
    "height": 2160.0,
    "short_side": 2160.0,
    "pixels": 8294400.0,
    "motion_level": 0.4663425732418636,
    "texture_level": 0.5307460962819284,
    "noise_level_norm": 0.475183444534098,
    "edge_level": 0.49647042103683764,
    "cut_level": 0.3333333333333333
  },
  "stage_timings": {
    "download": 0.0,
    "features": 28.075589487008983,
    "prepare": 28.076921523999772,
    "scene_samples": 0.0,
    "crf_search": 622.2001597159979,
    "param_tune": 5874.0239806710015,
    "final_encode": 0.01776763099769596,
    "final_score": 0.0,
    "upload": 0.0
  }
}
