{
  "job_id": "v3",
  "input_path": "/root/terry/videos/3.mp4",
  "vmaf_threshold": 85,
  "crf": 30,
  "libx265_params": "aq-mode=1:aq-strength=0.8:rd=4:ref=5:bframes=8:rc-lookahead=20:keyint=60:min-keyint=1:scenecut=50",
  "s_f": 0.4817488651860813,
  "vmaf": 85.386791,
  "vmaf_base": 87.451842,
  "compression_rate": 0.10746724095602192,
  "features": {
    "segment_count": 6.0,
    "cut_count": 5.0,
    "cut_rate": 0.16666666666666666,
    "hard_fraction": 0.9,
    "worst_difficulty": 0.5602369489439128,
    "difficulty_mean": 0.5035357842034266,
    "difficulty_p90": 0.5582368573413902,
    "duration_weighted_difficulty": 0.5159329244295778,
    "motion_mean": 0.05352005523531429,
    "motion_std": 0.017782605975515252,
    "motion_p90": 0.14063378797506648,
    "texture": 4.61593687409487,
    "texture_lbp": 4.61593687409487,
    "texture_std": 0.17182651324589296,
    "entropy": 0.768528118232886,
    "edge_density": 0.06506609278549383,
    "noise_level": 0.04377546024819215,
    "high_freq_energy": 5.000000000000001,
    "flatness": 0.6103658693415638,
    "luma_mean": 0.25827651818314773,
    "luma_std": 0.2170134536839365,
    "sat_mean": 0.45141583044611877,
    "chroma_std": 0.3449097044877464,
    "cut_density": 0.3333333333333333,
    "volatility": 0.33108103344074596,
    "duration": 30.0,
    "fps": 30.0,
    "width": 3840.0,
    "height": 2160.0,
    "short_side": 2160.0,
    "pixels": 8294400.0,
    "motion_level": 0.4923569755947174,
    "texture_level": 0.5224049175393995,
    "noise_level_norm": 0.47698437174608954,
    "edge_level": 0.5780256840706367,
    "cut_level": 0.3333333333333333
  },
  "param_tune_trials": 25,
  "error": null
}
