{
  "job_id": "v14",
  "input_path": "/root/terry/videos/14.mp4",
  "vmaf_threshold": 85,
  "crf": 31,
  "libx265_params": "aq-mode=2:aq-strength=0.8:rd=5:ref=3:bframes=6:rc-lookahead=20:keyint=60:min-keyint=1:scenecut=50",
  "s_f": 0.5710256768486175,
  "vmaf": 85.848236,
  "vmaf_base": 88.031539,
  "compression_rate": 0.08330056763724934,
  "features": {
    "segment_count": 6.0,
    "cut_count": 5.0,
    "cut_rate": 0.16666666666666666,
    "hard_fraction": 0.7666666666666667,
    "worst_difficulty": 0.513801159132814,
    "difficulty_mean": 0.4649220116619828,
    "difficulty_p90": 0.5064158549018243,
    "duration_weighted_difficulty": 0.4550993004524244,
    "motion_mean": 0.040507450589546516,
    "motion_std": 0.01432967534952665,
    "motion_p90": 0.12026378373880411,
    "texture": 3.832984874655092,
    "texture_lbp": 3.832984874655092,
    "texture_std": 0.33323702639281955,
    "entropy": 0.8777397677302361,
    "edge_density": 0.018106802983539096,
    "noise_level": 0.040456569928210236,
    "high_freq_energy": 3.7728241925473194,
    "flatness": 0.7154488007973251,
    "luma_mean": 0.3817535180205055,
    "luma_std": 0.2679296653144875,
    "sat_mean": 0.25646361750332847,
    "chroma_std": 0.21311169277626169,
    "cut_density": 0.3333333333333333,
    "volatility": 0.3897143500538443,
    "duration": 30.0,
    "fps": 30.0,
    "width": 3840.0,
    "height": 2160.0,
    "short_side": 2160.0,
    "pixels": 8294400.0,
    "motion_level": 0.45337430554494246,
    "texture_level": 0.4759707033249902,
    "noise_level_norm": 0.4573608264603077,
    "edge_level": 0.27598971692130975,
    "cut_level": 0.3333333333333333
  },
  "param_tune_trials": 25,
  "error": null
}
