{
  "video": "0058cebd-3637-4a05-ab65-4c2b3af35bd7.mp4",
  "path": "/root/workspace/raw videos/0058cebd-3637-4a05-ab65-4c2b3af35bd7.mp4",
  "extracted_at": "2026-07-21T16:41:39Z",
  "elapsed_sec": 141.217,
  "meta": {
    "path": "../raw videos/0058cebd-3637-4a05-ab65-4c2b3af35bd7.mp4",
    "width": 3840,
    "height": 2160,
    "fps": 30.0,
    "frame_count": 898,
    "duration": 29.933333333333334,
    "detail_scale": 0.25,
    "texture_compensation": 16.0,
    "scene_spans_provided": true,
    "scene_detect": {
      "detector": "content",
      "ok": true,
      "error": "",
      "detect_sec": 56.559,
      "n_scenes": 6
    },
    "samples_per_segment": 16,
    "si_ti_agg": "mean"
  },
  "cut_times_sec": [
    1.0,
    9.966667,
    10.966667,
    19.966667,
    20.966667
  ],
  "global": {
    "mean_motion": 0.06052236063974604,
    "mean_texture": 5.142764114431984,
    "mean_noise": 0.02670941261758972,
    "mean_edge": 0.11144204024095898,
    "mean_entropy": 0.869031898378662,
    "mean_hf_energy": 5.0,
    "mean_flatness": 0.4267192096978196,
    "mean_luma": 0.2851967064081202,
    "mean_difficulty": 0.5146478659723356,
    "motion_p90": 0.13098709982449763,
    "motion_level": 0.47461312469964484,
    "texture_level": 0.5492784023582103,
    "noise_level_norm": 0.3575106761219698,
    "edge_level": 0.7011489224122884,
    "segment_count": 6,
    "cut_count": 5,
    "cut_rate": 0.16703786191536749,
    "hard_fraction": 0.6670378619153674,
    "worst_difficulty": 0.6038611266025988,
    "volatility": 0.5630765757981625,
    "duration": 29.933333333333334,
    "fps": 30.0,
    "width": 3840,
    "height": 2160,
    "n_segments": 6
  },
  "segments": [
    {
      "index": 0,
      "start_sec": 0.0,
      "end_sec": 1.0,
      "duration": 1.0,
      "frame_count": 30,
      "motion": 0.04878015991890583,
      "motion_p90": 0.05682897073953038,
      "motion_max": 0.05890728637133866,
      "texture": 5.683442201958662,
      "edge": 0.17077411265432102,
      "noise": 0.012209647335112095,
      "entropy": 0.9334125459194184,
      "hf_energy": 5.0,
      "flatness": 0.20447048611111113,
      "si": 106.69767595184949,
      "ti": 28.293639109944383,
      "luma_mean": 0.3762958704006294,
      "sat_mean": 0.4000715187000726,
      "difficulty": 0.523664205486571
    },
    {
      "index": 1,
      "start_sec": 1.0,
      "end_sec": 9.966666666666667,
      "duration": 8.966666666666667,
      "frame_count": 269,
      "motion": 0.08591199259410554,
      "motion_p90": 0.09424281726579521,
      "motion_max": 0.2649607994432341,
      "texture": 5.532558123198248,
      "edge": 0.1258373119212963,
      "noise": 0.027617059560725465,
      "entropy": 0.7951551228761673,
      "hf_energy": 5.0,
      "flatness": 0.439365837191358,
      "si": 93.47218305510444,
      "ti": 44.534218220329755,
      "luma_mean": 0.20241077135908375,
      "sat_mean": 0.5870527391029714,
      "difficulty": 0.536674103404894
    },
    {
      "index": 2,
      "start_sec": 9.966666666666667,
      "end_sec": 10.966666666666667,
      "duration": 1.0,
      "frame_count": 30,
      "motion": 0.033343063876785276,
      "motion_p90": 0.034748792665214155,
      "motion_max": 0.242091684822077,
      "texture": 4.022881171829752,
      "edge": 0.027516010802469137,
      "noise": 0.029651999333873393,
      "entropy": 0.8786760866641998,
      "hf_energy": 5.0,
      "flatness": 0.6660623070987655,
      "si": 67.86549525057296,
      "ti": 14.520167000475258,
      "luma_mean": 0.2693618456487533,
      "sat_mean": 0.4672468560881143,
      "difficulty": 0.4384454367428409
    },
    {
      "index": 3,
      "start_sec": 10.966666666666667,
      "end_sec": 19.966666666666665,
      "duration": 8.999999999999998,
      "frame_count": 270,
      "motion": 0.06394982818551803,
      "motion_p90": 0.07897005870249335,
      "motion_max": 0.23547080004841442,
      "texture": 5.74176355227177,
      "edge": 0.17374831211419753,
      "noise": 0.0279804416350089,
      "entropy": 0.9318332746624947,
      "hf_energy": 5.0,
      "flatness": 0.19172827449845678,
      "si": 105.59005913894933,
      "ti": 36.172604037712446,
      "luma_mean": 0.38442112656212174,
      "sat_mean": 0.4141289993910373,
      "difficulty": 0.5674323629335126
    },
    {
      "index": 4,
      "start_sec": 19.966666666666665,
      "end_sec": 20.966666666666665,
      "duration": 1.0,
      "frame_count": 30,
      "motion": 0.12058688120309853,
      "motion_p90": 0.13098709982449763,
      "motion_max": 0.3019087841926894,
      "texture": 5.980812273671184,
      "edge": 0.1801130401234568,
      "noise": 0.052908468246459964,
      "entropy": 0.8550825476646423,
      "hf_energy": 5.0,
      "flatness": 0.3629106867283951,
      "si": 113.66964189603007,
      "ti": 40.165095948891526,
      "luma_mean": 0.2587725838174776,
      "sat_mean": 0.5212795176712661,
      "difficulty": 0.6038611266025988
    },
    {
      "index": 5,
      "start_sec": 20.966666666666665,
      "end_sec": 29.933333333333334,
      "duration": 8.966666666666669,
      "frame_count": 269,
      "motion": 0.02933456166031227,
      "motion_p90": 0.022731205367949647,
      "motion_max": 0.24370127541757441,
      "texture": 4.122876621124263,
      "edge": 0.02959321952160494,
      "noise": 0.022893088549608365,
      "entropy": 0.8731739670038223,
      "hf_energy": 5.0,
      "flatness": 0.6551468460648149,
      "si": 69.33286773596039,
      "ti": 29.124150402469912,
      "luma_mean": 0.2629424969930102,
      "sat_mean": 0.45806260827054585,
      "difficulty": 0.4178099606635962
    }
  ],
  "distributions": {
    "thresholds": {
      "high_complexity": 0.45,
      "low_complexity": 0.2
    },
    "metrics": {
      "motion_mean": {
        "mean": 0.06365108123978758,
        "max": 0.12058688120309853,
        "min": 0.02933456166031227,
        "p95": 0.11191815905085029,
        "variance": 0.0010091110791634935,
        "std": 0.031766508765734607
      },
      "motion_p90": {
        "mean": 0.0697514907609134,
        "max": 0.13098709982449763,
        "min": 0.022731205367949647,
        "p95": 0.12180102918482202,
        "variance": 0.001339615753727974,
        "std": 0.03660076165502535
      },
      "motion_max": {
        "mean": 0.22450677171588798,
        "max": 0.3019087841926894,
        "min": 0.05890728637133866,
        "p95": 0.29267178800532556,
        "variance": 0.005974776249964355,
        "std": 0.07729667683648732
      },
      "texture": {
        "mean": 5.18072232400898,
        "max": 5.980812273671184,
        "min": 4.022881171829752,
        "p95": 5.92105009332133,
        "variance": 0.6318434262382274,
        "std": 0.7948857944624671
      },
      "edge_density": {
        "mean": 0.11793033452289094,
        "max": 0.1801130401234568,
        "min": 0.027516010802469137,
        "p95": 0.178521858121142,
        "variance": 0.0043025860829241005,
        "std": 0.06559410097656725
      },
      "noise_level": {
        "mean": 0.028876784110131365,
        "max": 0.052908468246459964,
        "min": 0.012209647335112095,
        "p95": 0.04709435101831332,
        "variance": 0.00014901853294711602,
        "std": 0.01220731473122226
      },
      "high_freq_energy": {
        "mean": 5.0,
        "max": 5.0,
        "min": 5.0,
        "p95": 5.0,
        "variance": 0.0,
        "std": 0.0
      },
      "flatness": {
        "mean": 0.4199474062821502,
        "max": 0.6660623070987655,
        "min": 0.19172827449845678,
        "p95": 0.6633334418402779,
        "variance": 0.036339309825496706,
        "std": 0.1906287224567607
      },
      "entropy": {
        "mean": 0.8778889241317908,
        "max": 0.9334125459194184,
        "min": 0.7951551228761673,
        "p95": 0.9330177281051875,
        "variance": 0.0022301214423220473,
        "std": 0.047224161637048116
      },