{
  "video": "0317ca2b-0f03-4bfe-a236-3c790534aa5a.mp4",
  "path": "/root/workspace/raw videos/0317ca2b-0f03-4bfe-a236-3c790534aa5a.mp4",
  "extracted_at": "2026-07-22T06:14:33Z",
  "elapsed_sec": 152.144,
  "meta": {
    "path": "../raw videos/0317ca2b-0f03-4bfe-a236-3c790534aa5a.mp4",
    "width": 3840,
    "height": 2160,
    "fps": 30.0,
    "frame_count": 899,
    "duration": 29.966666666666665,
    "detail_scale": 0.25,
    "texture_compensation": 16.0,
    "scene_spans_provided": true,
    "scene_detect": {
      "detector": "content",
      "ok": true,
      "error": "",
      "detect_sec": 35.661,
      "n_scenes": 6
    },
    "samples_per_segment": 16,
    "si_ti_agg": "mean"
  },
  "cut_times_sec": [
    4.0,
    10.0,
    14.0,
    20.0,
    24.0
  ],
  "global": {
    "mean_motion": 0.040011441329044696,
    "mean_texture": 4.152425662874722,
    "mean_noise": 0.027135648550615916,
    "mean_edge": 0.05766938750746715,
    "mean_entropy": 0.7795112174878661,
    "mean_hf_energy": 4.244343828094117,
    "mean_flatness": 0.6755256594851189,
    "mean_luma": 0.36843642055521125,
    "mean_difficulty": 0.40160856831424785,
    "motion_p90": 0.060071607964173324,
    "motion_level": 0.29292991146130787,
    "texture_level": 0.49596447076114886,
    "noise_level_norm": 0.36115544450695336,
    "edge_level": 0.5483476596587818,
    "segment_count": 6,
    "cut_count": 5,
    "cut_rate": 0.16685205784204674,
    "hard_fraction": 0.33370411568409347,
    "worst_difficulty": 0.5389639118771288,
    "volatility": 0.47837372969599246,
    "duration": 29.966666666666665,
    "fps": 30.0,
    "width": 3840,
    "height": 2160,
    "n_segments": 6
  },
  "segments": [
    {
      "index": 0,
      "start_sec": 0.0,
      "end_sec": 4.0,
      "duration": 4.0,
      "frame_count": 120,
      "motion": 0.04968303301258775,
      "motion_p90": 0.05769348372064875,
      "motion_max": 0.05978451040910191,
      "texture": 6.244377776740153,
      "edge": 0.16445457175925926,
      "noise": 0.0,
      "entropy": 0.9226377047598362,
      "hf_energy": 5.0,
      "flatness": 0.29746684510030863,
      "si": 94.19455953894726,
      "ti": 31.146055554894414,
      "luma_mean": 0.46618588918013193,
      "sat_mean": 0.2060364569149419,
      "difficulty": 0.4916658533043079
    },
    {
      "index": 1,
      "start_sec": 4.0,
      "end_sec": 10.0,
      "duration": 6.0,
      "frame_count": 180,
      "motion": 0.02739137532906681,
      "motion_p90": 0.010467989742193172,
      "motion_max": 0.32129249878963934,
      "texture": 3.70265307940271,
      "edge": 0.010539761766975308,
      "noise": 0.03633823650307022,
      "entropy": 0.9038480706512928,
      "hf_energy": 2.894570481369298,
      "flatness": 0.8495381221064815,
      "si": 38.86869725158348,
      "ti": 21.52046229341475,
      "luma_mean": 0.4531539923936395,
      "sat_mean": 0.2988030757345377,
      "difficulty": 0.3729042223897222
    },
    {
      "index": 2,
      "start_sec": 10.0,
      "end_sec": 14.0,
      "duration": 4.0,
      "frame_count": 120,
      "motion": 0.031100909094347616,
      "motion_p90": 0.014723534707092714,
      "motion_max": 0.33051849582425563,
      "texture": 2.6534179028368685,
      "edge": 0.018885633680555555,
      "noise": 0.0254367645829916,
      "entropy": 0.5192406289279461,
      "hf_energy": 5.0,
      "flatness": 0.8197791280864197,
      "si": 65.52855721052437,
      "ti": 22.503873029417388,
      "luma_mean": 0.16661787494704672,
      "sat_mean": 0.21014288260636044,
      "difficulty": 0.3176054770468351
    },
    {
      "index": 3,
      "start_sec": 14.0,
      "end_sec": 20.0,
      "duration": 6.0,
      "frame_count": 180,
      "motion": 0.06681910781287824,
      "motion_p90": 0.060071607964173324,
      "motion_max": 0.4124133533042847,
      "texture": 5.932176440771841,
      "edge": 0.13000277295524693,
      "noise": 0.03524808958172798,
      "entropy": 0.8790955096483231,
      "hf_energy": 5.0,
      "flatness": 0.3959888599537037,
      "si": 89.57993944226666,
      "ti": 34.63988928126316,
      "luma_mean": 0.48250606173217747,
      "sat_mean": 0.173884179356542,
      "difficulty": 0.5389639118771288
    },
    {
      "index": 4,
      "start_sec": 20.0,
      "end_sec": 24.0,
      "duration": 4.0,
      "frame_count": 120,
      "motion": 0.02528553779729484,
      "motion_p90": 0.006411212478818688,
      "motion_max": 0.33149360021786495,
      "texture": 3.707505827385173,
      "edge": 0.010200858410493827,
      "noise": 0.034157941525336355,
      "entropy": 0.907778300344944,
      "hf_energy": 2.4970201234178084,
      "flatness": 0.8522673128858025,
      "si": 36.014362725758055,
      "ti": 15.488176740196048,
      "luma_mean": 0.45613308435835753,
      "sat_mean": 0.3040783599801803,
      "difficulty": 0.36106849049807643
    },
    {
      "index": 5,
      "start_sec": 24.0,
      "end_sec": 29.966666666666665,
      "duration": 5.966666666666665,
      "frame_count": 179,
      "motion": 0.03510648715504721,
      "motion_p90": 0.019376013677075768,
      "motion_max": 0.32137421326555315,
      "texture": 2.715783108701074,
      "edge": 0.018559751157407406,
      "noise": 0.024346617981791496,
      "entropy": 0.5468823686242104,
      "hf_energy": 5.0,
      "flatness": 0.8198945071373457,
      "si": 66.11917579693885,
      "ti": 37.02803432628938,
      "luma_mean": 0.1795145839006899,
      "sat_mean": 0.21163397274419027,
      "difficulty": 0.3274434547694166
    }
  ],
  "distributions": {
    "thresholds": {
      "high_complexity": 0.45,
      "low_complexity": 0.2
    },
    "metrics": {
      "motion_mean": {
        "mean": 0.03923107503353708,
        "max": 0.06681910781287824,
        "min": 0.02528553779729484,
        "p95": 0.06253508911280561,
        "variance": 0.00021468521658257292,
        "std": 0.014652140341348527
      },
      "motion_p90": {
        "mean": 0.028123973715000406,
        "max": 0.060071607964173324,
        "min": 0.006411212478818688,
        "p95": 0.05947707690329218,
        "variance": 0.0004890472661783844,
        "std": 0.02211441308690747
      },
      "motion_max": {
        "mean": 0.2961461119684499,
        "max": 0.4124133533042847,
        "min": 0.05978451040910191,
        "p95": 0.3921834150326797,
        "variance": 0.012180763610372736,
        "std": 0.11036649677493952
      },
      "texture": {
        "mean": 4.159319022639637,
        "max": 6.244377776740153,
        "min": 2.6534179028368685,
        "p95": 6.166327442748075,
        "variance": 2.04245108294163,
        "std": 1.42914347878078
      },
      "edge_density": {
        "mean": 0.05877389162165638,
        "max": 0.16445457175925926,
        "min": 0.010200858410493827,
        "p95": 0.1558416220582562,
        "variance": 0.004022680123901022,
        "std": 0.06342460188208533
      },
      "noise_level": {
        "mean": 0.02592127502915294,
        "max": 0.03633823650307022,
        "min": 0.0,
        "p95": 0.03606569977273466,
        "variance": 0.00015632867089046415,
        "std": 0.012503146439615276
      },
      "high_freq_energy": {
        "mean": 4.231931767464518,
        "max": 5.0,
        "min": 2.4970201234178084,
        "p95": 5.0,
        "variance": 1.1930281435859726,
        "std": 1.0922582769592422
      },
      "flatness": {
        "mean": 0.672489129211677,
        "max": 0.8522673128858025,
        "min": 0.29746684510030863,
        "p95": 0.8515850151909723,
        "variance": 0.054030557150000456,
        "std": 0.2324447399921118
      },
      "entropy": {
        "mean": 0.7799137638260921,
        "max": 0.9226377047598362,
        "min": 0.5192406289279461,
        "p95": 0.9189228536561131,
        "variance": 0.03069505142246515,
        "std": 0.17520003259835643
      },
      "difficulty": {
        "mean": 0.40160856831424785,
        "max": 0.5389639118771288,