{
  "video": "04f0fc86-1585-4dcb-a44e-6eabfe20be66.mp4",
  "path": "/root/workspace/raw videos/04f0fc86-1585-4dcb-a44e-6eabfe20be66.mp4",
  "extracted_at": "2026-07-22T15:02:04Z",
  "elapsed_sec": 77.484,
  "meta": {
    "path": "../raw videos/04f0fc86-1585-4dcb-a44e-6eabfe20be66.mp4",
    "width": 3840,
    "height": 2160,
    "fps": 30.0,
    "frame_count": 897,
    "duration": 29.9,
    "detail_scale": 0.25,
    "texture_compensation": 16.0,
    "scene_spans_provided": true,
    "scene_detect": {
      "detector": "content",
      "ok": true,
      "error": "",
      "detect_sec": 21.185,
      "n_scenes": 6
    },
    "samples_per_segment": 16,
    "si_ti_agg": "mean"
  },
  "cut_times_sec": [
    1.0,
    9.966667,
    10.966667,
    19.933333,
    20.933333
  ],
  "global": {
    "mean_motion": 0.0333626727131655,
    "mean_texture": 4.424207538125578,
    "mean_noise": 0.022497702748513412,
    "mean_edge": 0.042702394012922015,
    "mean_entropy": 0.8417605910130435,
    "mean_hf_energy": 4.999999999999999,
    "mean_flatness": 0.7132684365569989,
    "mean_luma": 0.5439463874251258,
    "mean_difficulty": 0.4195872372824064,
    "motion_p90": 0.04590989318566923,
    "motion_level": 0.24047938228648846,
    "texture_level": 0.5118118137044323,
    "noise_level_norm": 0.3191267498285655,
    "edge_level": 0.4734064376030269,
    "segment_count": 6,
    "cut_count": 5,
    "cut_rate": 0.16722408026755853,
    "hard_fraction": 0.033444816053511704,
    "worst_difficulty": 0.4618185578112019,
    "volatility": 0.3496710214791255,
    "duration": 29.9,
    "fps": 30.0,
    "width": 3840,
    "height": 2160,
    "n_segments": 6
  },
  "segments": [
    {
      "index": 0,
      "start_sec": 0.0,
      "end_sec": 1.0,
      "duration": 1.0,
      "frame_count": 30,
      "motion": 0.013949829793028324,
      "motion_p90": 0.02015885832728153,
      "motion_max": 0.024928588719438392,
      "texture": 3.9548850614256468,
      "edge": 0.06715065586419752,
      "noise": 0.0,
      "entropy": 0.8735065877437591,
      "hf_energy": 5.0,
      "flatness": 0.6823730709876543,
      "si": 77.68661474408904,
      "ti": 16.112473748975265,
      "luma_mean": 0.3683940987351731,
      "sat_mean": 0.29282590928346647,
      "difficulty": 0.38279848561399704
    },
    {
      "index": 1,
      "start_sec": 1.0,
      "end_sec": 9.966666666666667,
      "duration": 8.966666666666667,
      "frame_count": 269,
      "motion": 0.03671655669405108,
      "motion_p90": 0.023680275659646574,
      "motion_max": 0.32214691509319776,
      "texture": 4.580194598236852,
      "edge": 0.027142529899691358,
      "noise": 0.030160735914250836,
      "entropy": 0.819805096834898,
      "hf_energy": 5.0,
      "flatness": 0.7444097222222222,
      "si": 77.41742157159419,
      "ti": 44.03176687411034,
      "luma_mean": 0.642870790687031,
      "sat_mean": 0.2197410887194384,
      "difficulty": 0.41923524332423046
    },
    {
      "index": 2,
      "start_sec": 9.966666666666667,
      "end_sec": 10.966666666666667,
      "duration": 1.0,
      "frame_count": 30,
      "motion": 0.027465419238683127,
      "motion_p90": 0.02918210935608805,
      "motion_max": 0.19592621338658922,
      "texture": 4.6485417720118765,
      "edge": 0.034900655864197536,
      "noise": 0.015698117017745972,
      "entropy": 0.7850870430469513,
      "hf_energy": 5.0,
      "flatness": 0.7140090663580246,
      "si": 71.8067473948917,
      "ti": 11.064728003166044,
      "luma_mean": 0.5760456858206245,
      "sat_mean": 0.14490812908496734,
      "difficulty": 0.4081509498515421
    },
    {
      "index": 3,
      "start_sec": 10.966666666666667,
      "end_sec": 19.933333333333334,
      "duration": 8.966666666666667,
      "frame_count": 269,
      "motion": 0.038223671818264346,
      "motion_p90": 0.026739840534979423,
      "motion_max": 0.31355886891793755,
      "texture": 4.001240950477296,
      "edge": 0.06587239583333333,
      "noise": 0.02361985345487483,
      "entropy": 0.8919964954257011,
      "hf_energy": 5.0,
      "flatness": 0.6852213541666666,
      "si": 77.82501945541208,
      "ti": 31.288185749112795,
      "luma_mean": 0.3801854178013798,
      "sat_mean": 0.33090820596178283,
      "difficulty": 0.44342437169263227
    },
    {
      "index": 4,
      "start_sec": 19.933333333333334,
      "end_sec": 20.933333333333334,
      "duration": 1.0,
      "frame_count": 30,
      "motion": 0.04427930737109658,
      "motion_p90": 0.04590989318566923,
      "motion_max": 0.31207537521181317,
      "texture": 4.552639778336537,
      "edge": 0.026831211419753087,
      "noise": 0.04767576660960913,
      "entropy": 0.8286787152290345,
      "hf_energy": 5.0,
      "flatness": 0.7457519290123458,
      "si": 75.14082465432358,
      "ti": 18.687688899639163,
      "luma_mean": 0.6510883510348584,
      "sat_mean": 0.22386879311909952,
      "difficulty": 0.4618185578112019
    },
    {
      "index": 5,
      "start_sec": 20.933333333333334,
      "end_sec": 29.9,
      "duration": 8.966666666666665,
      "frame_count": 269,
      "motion": 0.0267530084082244,
      "motion_p90": 0.021925854060760107,
      "motion_max": 0.19939451706608569,
      "texture": 4.70418587636177,
      "edge": 0.03500578703703704,
      "noise": 0.014171911956509575,
      "entropy": 0.8177191503345966,
      "hf_energy": 5.0,
      "flatness": 0.709914520640432,
      "si": 72.19565596294555,
      "ti": 31.63449858008322,
      "luma_mean": 0.6128325106663035,
      "sat_mean": 0.1899122653980574,
      "difficulty": 0.4020958154008343
    }
  ],
  "distributions": {
    "thresholds": {
      "high_complexity": 0.45,
      "low_complexity": 0.2
    },
    "metrics": {
      "motion_mean": {
        "mean": 0.031231298887224642,
        "max": 0.04427930737109658,
        "min": 0.013949829793028324,
        "p95": 0.042765398482888524,
        "variance": 9.701966116742452e-05,
        "std": 0.009849855895769467
      },
      "motion_p90": {
        "mean": 0.027932805187404153,
        "max": 0.04590989318566923,
        "min": 0.02015885832728153,
        "p95": 0.041727947228273936,
        "variance": 7.346022291192379e-05,
        "std": 0.008570893938902978
      },
      "motion_max": {
        "mean": 0.2280050797325103,
        "max": 0.32214691509319776,
        "min": 0.024928588719438392,
        "p95": 0.3199999035493827,
        "variance": 0.011056271625891958,
        "std": 0.10514880705881526
      },
      "texture": {
        "mean": 4.406948006141663,
        "max": 4.70418587636177,
        "min": 3.9548850614256468,
        "p95": 4.690274850274296,
        "variance": 0.09448624905989696,
        "std": 0.30738615625934906
      },
      "edge_density": {
        "mean": 0.04281720598636832,
        "max": 0.06715065586419752,
        "min": 0.026831211419753087,
        "p95": 0.06683109085648148,
        "variance": 0.00029143268106355554,
        "std": 0.01707139950512422
      },
      "noise_level": {
        "mean": 0.02188773082549839,
        "max": 0.04767576660960913,
        "min": 0.0,
        "p95": 0.04329700893576956,
        "variance": 0.0002188972653669889,
        "std": 0.014795177098196185
      },
      "high_freq_energy": {
        "mean": 5.0,
        "max": 5.0,
        "min": 5.0,
        "p95": 5.0,
        "variance": 0.0,
        "std": 0.0
      },
      "flatness": {
        "mean": 0.7136132772312243,
        "max": 0.7457519290123458,
        "min": 0.6823730709876543,
        "p95": 0.7454163773148149,
        "variance": 0.0006295338655311863,
        "std": 0.025090513456906105
      },
      "entropy": {
        "mean": 0.8361321814358235,
        "max": 0.8919964954257011,
        "min": 0.7850870430469513,
        "p95": 0.8873740185052157,
        "variance": 0.001297406923660947,
        "std": 0.03601953530601064
      },
      "difficulty": {
        "mean": 0.4195872372824064,
        "max": 0.4618185578112019,