{
  "video": "05df21f7-3f8e-4529-b834-e73f2828ba1d.mp4",
  "path": "/root/workspace/raw videos/05df21f7-3f8e-4529-b834-e73f2828ba1d.mp4",
  "extracted_at": "2026-07-22T11:38:44Z",
  "elapsed_sec": 141.355,
  "meta": {
    "path": "../raw videos/05df21f7-3f8e-4529-b834-e73f2828ba1d.mp4",
    "width": 3840,
    "height": 2160,
    "fps": 30.0,
    "frame_count": 898,
    "duration": 29.933333333333334,
    "detail_scale": 0.25,
    "texture_compensation": 16.0,
    "scene_spans_provided": true,
    "scene_detect": {
      "detector": "content",
      "ok": true,
      "error": "",
      "detect_sec": 39.163,
      "n_scenes": 6
    },
    "samples_per_segment": 16,
    "si_ti_agg": "mean"
  },
  "cut_times_sec": [
    7.0,
    9.966667,
    16.966667,
    19.933333,
    26.933333
  ],
  "global": {
    "mean_motion": 0.033524212052286166,
    "mean_texture": 4.043545398842946,
    "mean_noise": 0.025127202345109918,
    "mean_edge": 0.04210659935960227,
    "mean_entropy": 0.7702618282877389,
    "mean_hf_energy": 4.3330306318115435,
    "mean_flatness": 0.712307554569783,
    "mean_luma": 0.38287712659469325,
    "mean_difficulty": 0.390065108811847,
    "motion_p90": 0.04451519380900508,
    "motion_level": 0.23488984135946298,
    "texture_level": 0.48932331144560776,
    "noise_level_norm": 0.34360951245648463,
    "edge_level": 0.4699051148077088,
    "segment_count": 6,
    "cut_count": 5,
    "cut_rate": 0.16703786191536749,
    "hard_fraction": 0.0991091314031181,
    "worst_difficulty": 0.48381522074471456,
    "volatility": 0.4389195278237331,
    "duration": 29.933333333333334,
    "fps": 30.0,
    "width": 3840,
    "height": 2160,
    "n_segments": 6
  },
  "segments": [
    {
      "index": 0,
      "start_sec": 0.0,
      "end_sec": 7.0,
      "duration": 7.0,
      "frame_count": 210,
      "motion": 0.03417245323090656,
      "motion_p90": 0.04451519380900508,
      "motion_max": 0.05077049291938998,
      "texture": 5.723779849916216,
      "edge": 0.10501639660493828,
      "noise": 0.0,
      "entropy": 0.8611571528017521,
      "hf_energy": 5.0,
      "flatness": 0.4471120273919753,
      "si": 83.8987015920313,
      "ti": 36.18653785048132,
      "luma_mean": 0.5019735692212842,
      "sat_mean": 0.16782318757942993,
      "difficulty": 0.44956910875646594
    },
    {
      "index": 1,
      "start_sec": 7.0,
      "end_sec": 9.966666666666667,
      "duration": 2.966666666666667,
      "frame_count": 89,
      "motion": 0.02596915329596345,
      "motion_p90": 0.008729983660130721,
      "motion_max": 0.3155075269305253,
      "texture": 3.7981812287004884,
      "edge": 0.010492983217592592,
      "noise": 0.03234103039721958,
      "entropy": 0.9038907699286938,
      "hf_energy": 2.749513275376299,
      "flatness": 0.8510543258101853,
      "si": 38.666783477594535,
      "ti": 14.196898083481049,
      "luma_mean": 0.454022752416939,
      "sat_mean": 0.2989990496777415,
      "difficulty": 0.36596829543028264
    },
    {
      "index": 2,
      "start_sec": 9.966666666666667,
      "end_sec": 16.966666666666665,
      "duration": 6.999999999999998,
      "frame_count": 210,
      "motion": 0.037032002220255385,
      "motion_p90": 0.020774403897361415,
      "motion_max": 0.3481117843742435,
      "texture": 2.7352783495383024,
      "edge": 0.0185570987654321,
      "noise": 0.03524808958172798,
      "entropy": 0.5592622011899948,
      "hf_energy": 5.0,
      "flatness": 0.8204497010030865,
      "si": 66.31447256525071,
      "ti": 35.68268000521621,
      "luma_mean": 0.1838630599809368,
      "sat_mean": 0.21699186647073954,
      "difficulty": 0.34450357715378166
    },
    {
      "index": 3,
      "start_sec": 16.966666666666665,
      "end_sec": 19.933333333333334,
      "duration": 2.9666666666666686,
      "frame_count": 89,
      "motion": 0.04737935398889494,
      "motion_p90": 0.03399079369402082,
      "motion_max": 0.43090748305495036,
      "texture": 5.466943571358907,
      "edge": 0.07958562403549382,
      "noise": 0.034884706139564514,
      "entropy": 0.8181892149150372,
      "hf_energy": 5.0,
      "flatness": 0.5013442804783951,
      "si": 77.2699310709148,
      "ti": 21.095465526416135,
      "luma_mean": 0.5315617614908619,
      "sat_mean": 0.1649599942696986,
      "difficulty": 0.48381522074471456
    },
    {
      "index": 4,
      "start_sec": 19.933333333333334,
      "end_sec": 26.933333333333334,
      "duration": 7.0,
      "frame_count": 210,
      "motion": 0.025205826090081096,
      "motion_p90": 0.006720372639796659,
      "motion_max": 0.325962327523602,
      "texture": 3.72875310719273,
      "edge": 0.010447530864197533,
      "noise": 0.03343117650365457,
      "entropy": 0.9090356566011906,
      "hf_energy": 3.101689646944167,
      "flatness": 0.8535950761959876,
      "si": 38.78078504037214,
      "ti": 18.453696758492747,
      "luma_mean": 0.45707227035297143,
      "sat_mean": 0.3066707365044783,
      "difficulty": 0.3665118976222209
    },
    {
      "index": 5,
      "start_sec": 26.933333333333334,
      "end_sec": 29.933333333333334,
      "duration": 3.0,
      "frame_count": 90,
      "motion": 0.037006290565994915,
      "motion_p90": 0.021489980482933914,
      "motion_max": 0.3215169450496248,
      "texture": 2.7451920728861907,
      "edge": 0.018336829668209875,
      "noise": 0.023983236402273178,
      "entropy": 0.5471605658531189,
      "hf_energy": 5.0,
      "flatness": 0.8205086564429012,
      "si": 65.8445606336087,
      "ti": 32.510494527711074,
      "luma_mean": 0.1788418781961087,
      "sat_mean": 0.21866023709831156,
      "difficulty": 0.33002255316361606
    }
  ],
  "distributions": {
    "thresholds": {
      "high_complexity": 0.45,
      "low_complexity": 0.2
    },
    "metrics": {
      "motion_mean": {
        "mean": 0.03446084656534939,
        "max": 0.04737935398889494,
        "min": 0.025205826090081096,
        "p95": 0.04479251604673505,
        "variance": 5.630423165144994e-05,
        "std": 0.007503614572421077
      },
      "motion_p90": {
        "mean": 0.022703454697208105,
        "max": 0.04451519380900508,
        "min": 0.006720372639796659,
        "p95": 0.041884093780259014,
        "variance": 0.0001765110910408581,
        "std": 0.013285747665858256
      },
      "motion_max": {
        "mean": 0.29879609330872264,
        "max": 0.43090748305495036,
        "min": 0.05077049291938998,
        "p95": 0.41020855838477366,
        "variance": 0.013822611422230693,
        "std": 0.11756960245841905
      },
      "texture": {
        "mean": 4.033021363265473,
        "max": 5.723779849916216,
        "min": 2.7352783495383024,
        "p95": 5.659570780276889,
        "variance": 1.4008612383895993,
        "std": 1.1835798403105722
      },
      "edge_density": {
        "mean": 0.04040607719264403,
        "max": 0.10501639660493828,
        "min": 0.010447530864197533,
        "p95": 0.09865870346257716,
        "variance": 0.001411044583208533,
        "std": 0.037563873378667074
      },
      "noise_level": {
        "mean": 0.02664803983740664,
        "max": 0.03524808958172798,
        "min": 0.0,
        "p95": 0.035157243721187115,
        "variance": 0.0001562406360748219,
        "std": 0.01249962543738099
      },
      "high_freq_energy": {
        "mean": 4.308533820386744,
        "max": 5.0,
        "min": 2.749513275376299,
        "p95": 5.0,
        "variance": 0.9665866381554613,
        "std": 0.983151381098283
      },
      "flatness": {
        "mean": 0.7156773445537551,
        "max": 0.8535950761959876,
        "min": 0.4471120273919753,
        "p95": 0.8529598885995371,
        "variance": 0.029563511720321272,
        "std": 0.17194043073204532
      },
      "entropy": {
        "mean": 0.7664492602149645,
        "max": 0.9090356566011906,
        "min": 0.5471605658531189,
        "p95": 0.9077494349330664,
        "variance": 0.023646944293289066,