{
  "video": "07e80530-089a-4920-934b-251fe546ef73.mp4",
  "path": "/root/workspace/raw videos/07e80530-089a-4920-934b-251fe546ef73.mp4",
  "extracted_at": "2026-07-21T16:41:42Z",
  "elapsed_sec": 144.778,
  "meta": {
    "path": "../raw videos/07e80530-089a-4920-934b-251fe546ef73.mp4",
    "width": 3840,
    "height": 2160,
    "fps": 30.0,
    "frame_count": 899,
    "duration": 29.966666666666665,
    "detail_scale": 0.25,
    "texture_compensation": 16.0,
    "scene_spans_provided": true,
    "scene_detect": {
      "detector": "content",
      "ok": true,
      "error": "",
      "detect_sec": 48.735,
      "n_scenes": 6
    },
    "samples_per_segment": 16,
    "si_ti_agg": "mean"
  },
  "cut_times_sec": [
    2.0,
    10.0,
    12.0,
    19.966667,
    21.966667
  ],
  "global": {
    "mean_motion": 0.06744670982487316,
    "mean_texture": 4.697031523533377,
    "mean_noise": 0.06262019781157652,
    "mean_edge": 0.08503314712141578,
    "mean_entropy": 0.9106364626607322,
    "mean_hf_energy": 3.8429650881052995,
    "mean_flatness": 0.5319358171298442,
    "mean_luma": 0.3991197972308422,
    "mean_difficulty": 0.4830765094670774,
    "motion_p90": 0.26480396317477606,
    "motion_level": 0.6461722847268819,
    "texture_level": 0.5267483367236293,
    "noise_level_norm": 0.5660828587401355,
    "edge_level": 0.6415990940252518,
    "segment_count": 6,
    "cut_count": 5,
    "cut_rate": 0.16685205784204674,
    "hard_fraction": 0.6674082313681869,
    "worst_difficulty": 0.617287154862459,
    "volatility": 0.7345346380925185,
    "duration": 29.966666666666665,
    "fps": 30.0,
    "width": 3840,
    "height": 2160,
    "n_segments": 6
  },
  "segments": [
    {
      "index": 0,
      "start_sec": 0.0,
      "end_sec": 2.0,
      "duration": 2.0,
      "frame_count": 60,
      "motion": 0.012130101481178891,
      "motion_p90": 0.017004429163640762,
      "motion_max": 0.017404245340111354,
      "texture": 3.6360091309964973,
      "edge": 0.011238305362654322,
      "noise": 0.003633823653217405,
      "entropy": 0.8831428438425064,
      "hf_energy": 2.07352925259118,
      "flatness": 0.7391602768132717,
      "si": 36.72988290107922,
      "ti": 15.342256077587624,
      "luma_mean": 0.373485099798021,
      "sat_mean": 0.386745616224885,
      "difficulty": 0.3233652027949116
    },
    {
      "index": 1,
      "start_sec": 2.0,
      "end_sec": 10.0,
      "duration": 8.0,
      "frame_count": 240,
      "motion": 0.023676048853183248,
      "motion_p90": 0.010026181614621156,
      "motion_max": 0.27198555888404746,
      "texture": 6.934812855206748,
      "edge": 0.2158885513117284,
      "noise": 0.02943397019407712,
      "entropy": 0.9732304736971855,
      "hf_energy": 5.0,
      "flatness": 0.14192696277006173,
      "si": 133.65151403850928,
      "ti": 19.980963100857238,
      "luma_mean": 0.4742093484288006,
      "sat_mean": 0.23178939062121762,
      "difficulty": 0.5184277549381263
    },
    {
      "index": 2,
      "start_sec": 10.0,
      "end_sec": 12.0,
      "duration": 2.0,
      "frame_count": 60,
      "motion": 0.19017790978274024,
      "motion_p90": 0.26480396317477606,
      "motion_max": 0.29687674745824255,
      "texture": 3.510758833235915,
      "edge": 0.03504352334104938,
      "noise": 0.1925926497206092,
      "entropy": 0.9276067689061165,
      "hf_energy": 4.8024325973935404,
      "flatness": 0.7158687789351852,
      "si": 68.66607198663839,
      "ti": 39.85857030878397,
      "luma_mean": 0.44187263885106515,
      "sat_mean": 0.3474962795592774,
      "difficulty": 0.617287154862459
    },
    {
      "index": 3,
      "start_sec": 12.0,
      "end_sec": 19.966666666666665,
      "duration": 7.966666666666665,
      "frame_count": 239,
      "motion": 0.02707660495718349,
      "motion_p90": 0.017389981995884776,
      "motion_max": 0.22252394244734933,
      "texture": 3.7352193370227553,
      "edge": 0.008889973958333332,
      "noise": 0.021439559379359707,
      "entropy": 0.8645937591791153,
      "hf_energy": 1.528437503820985,
      "flatness": 0.7246468701774692,
      "si": 30.892394842326716,
      "ti": 20.13266937097478,
      "luma_mean": 0.3781224828280077,
      "sat_mean": 0.3843981438929739,
      "difficulty": 0.3496605811478827
    },
    {
      "index": 4,
      "start_sec": 19.966666666666665,
      "end_sec": 21.966666666666665,
      "duration": 2.0,
      "frame_count": 60,
      "motion": 0.02209082196729,
      "motion_p90": 0.009369704671992253,
      "motion_max": 0.24210216200677803,
      "texture": 6.931747528504469,
      "edge": 0.21531370563271607,
      "noise": 0.02434661876759492,
      "entropy": 0.97285246104002,
      "hf_energy": 5.0,
      "flatness": 0.14427155671296296,
      "si": 133.55762847995277,
      "ti": 13.179617746945635,
      "luma_mean": 0.4727490870287158,
      "sat_mean": 0.23058598808929437,
      "difficulty": 0.5106607367705407
    },
    {
      "index": 5,
      "start_sec": 21.966666666666665,
      "end_sec": 29.966666666666665,
      "duration": 8.0,
      "frame_count": 240,
      "motion": 0.1459045909548233,
      "motion_p90": 0.20912003373880417,
      "motion_max": 0.2676926289034132,
      "texture": 3.4201995970593133,
      "edge": 0.02837962962962963,
      "noise": 0.12863735319115222,
      "entropy": 0.8809701390564442,
      "hf_energy": 4.90404724914319,
      "flatness": 0.7291632908950617,
      "si": 63.759782464482846,
      "ti": 41.767601995878955,
      "luma_mean": 0.32225321312938754,
      "sat_mean": 0.38226517915229363,
      "difficulty": 0.5790576262885442
    }
  ],
  "distributions": {
    "thresholds": {
      "high_complexity": 0.45,
      "low_complexity": 0.2
    },
    "metrics": {
      "motion_mean": {
        "mean": 0.07017601299939986,
        "max": 0.19017790978274024,
        "min": 0.012130101481178891,
        "p95": 0.179109580075761,
        "variance": 0.004972765305085776,
        "std": 0.07051783678677173
      },
      "motion_p90": {
        "mean": 0.08795238239328652,
        "max": 0.26480396317477606,
        "min": 0.009369704671992253,
        "p95": 0.2508829808157831,
        "variance": 0.011369745963410926,
        "std": 0.10662901089014624
      },
      "motion_max": {
        "mean": 0.21976421417332367,
        "max": 0.29687674745824255,
        "min": 0.017404245340111354,
        "p95": 0.29065395031469377,
        "variance": 0.008737783595214777,
        "std": 0.09347611243100976
      },
      "texture": {
        "mean": 4.69479121367095,
        "max": 6.934812855206748,
        "min": 3.4201995970593133,
        "p95": 6.934046523531178,
        "variance": 2.5149974435207003,
        "std": 1.5858743466998577
      },
      "edge_density": {
        "mean": 0.08579228153935187,
        "max": 0.2158885513117284,
        "min": 0.008889973958333332,
        "p95": 0.21574483989197532,
        "variance": 0.00850745800681299,
        "std": 0.09223588242551263
      },
      "noise_level": {
        "mean": 0.06668066248433509,
        "max": 0.1925926497206092,
        "min": 0.003633823653217405,
        "p95": 0.17660382558824494,
        "variance": 0.004815601448975971,
        "std": 0.06939453471978878
      },
      "high_freq_energy": {
        "mean": 3.884741100491483,
        "max": 5.0,
        "min": 1.528437503820985,
        "p95": 5.0,
        "variance": 2.2002337552813613,
        "std": 1.483318494215373
      },
      "flatness": {
        "mean": 0.5325062893840021,
        "max": 0.7391602768132717,
        "min": 0.14192696277006173,
        "p95": 0.7366610303337192,
        "variance": 0.07586634502602475,
        "std": 0.2754384595985549
      },
      "entropy": {
        "mean": 0.917066074286898,
        "max": 0.9732304736971855,
        "min": 0.8645937591791153,
        "p95": 0.9731359705328941,
        "variance": 0.0019307854846429475,
        "std": 0.04394070418920192
      },