{
  "video": "09dbf174-f513-4f3c-98ba-e26cddeb32f2.mp4",
  "path": "/root/workspace/raw videos/09dbf174-f513-4f3c-98ba-e26cddeb32f2.mp4",
  "extracted_at": "2026-07-21T16:41:42Z",
  "elapsed_sec": 144.417,
  "meta": {
    "path": "../raw videos/09dbf174-f513-4f3c-98ba-e26cddeb32f2.mp4",
    "width": 3840,
    "height": 2160,
    "fps": 30.0,
    "frame_count": 897,
    "duration": 29.9,
    "detail_scale": 0.25,
    "texture_compensation": 16.0,
    "scene_spans_provided": true,
    "scene_detect": {
      "detector": "content",
      "ok": true,
      "error": "",
      "detect_sec": 59.727,
      "n_scenes": 8
    },
    "samples_per_segment": 16,
    "si_ti_agg": "mean"
  },
  "cut_times_sec": [
    1.0,
    6.1,
    6.666667,
    9.966667,
    10.966667,
    19.933333,
    20.933333
  ],
  "global": {
    "mean_motion": 0.058198149823476986,
    "mean_texture": 4.955833016466407,
    "mean_noise": 0.025773679860631785,
    "mean_edge": 0.10435128519103459,
    "mean_entropy": 0.8544821335589052,
    "mean_hf_energy": 5.0,
    "mean_flatness": 0.46747377370262266,
    "mean_luma": 0.26413557953184186,
    "mean_difficulty": 0.4926229719860824,
    "motion_p90": 0.09735044480755264,
    "motion_level": 0.40169286623285294,
    "texture_level": 0.5400962514872452,
    "noise_level_norm": 0.34936145125635143,
    "edge_level": 0.6871939546626608,
    "segment_count": 8,
    "cut_count": 7,
    "cut_rate": 0.23411371237458195,
    "hard_fraction": 0.5562987736900781,
    "worst_difficulty": 0.5772810245092624,
    "volatility": 0.5449079649968133,
    "duration": 29.9,
    "fps": 30.0,
    "width": 3840,
    "height": 2160,
    "n_segments": 8
  },
  "segments": [
    {
      "index": 0,
      "start_sec": 0.0,
      "end_sec": 1.0,
      "duration": 1.0,
      "frame_count": 30,
      "motion": 0.0766527119644154,
      "motion_p90": 0.09735044480755264,
      "motion_max": 0.09786222312999274,
      "texture": 5.495528177518848,
      "edge": 0.19244193672839507,
      "noise": 0.018023764807730915,
      "entropy": 0.9382511675357819,
      "hf_energy": 5.0,
      "flatness": 0.1965366512345679,
      "si": 116.976301493313,
      "ti": 34.861865781414764,
      "luma_mean": 0.3933247375030259,
      "sat_mean": 0.32835951192205276,
      "difficulty": 0.5656647685370808
    },
    {
      "index": 1,
      "start_sec": 1.0,
      "end_sec": 6.1,
      "duration": 5.1,
      "frame_count": 153,
      "motion": 0.08090299337327524,
      "motion_p90": 0.07541992707576858,
      "motion_max": 0.3442627012224643,
      "texture": 5.439972931530927,
      "edge": 0.11767276716820987,
      "noise": 0.03597485335194506,
      "entropy": 0.7618620358407497,
      "hf_energy": 5.0,
      "flatness": 0.48617271894290126,
      "si": 96.39387800554526,
      "ti": 35.497736493796985,
      "luma_mean": 0.14835207832168362,
      "sat_mean": 0.6293590785561909,
      "difficulty": 0.5236933387555451
    },
    {
      "index": 2,
      "start_sec": 6.1,
      "end_sec": 6.666666666666667,
      "duration": 0.5666666666666673,
      "frame_count": 17,
      "motion": 0.05979240296941823,
      "motion_p90": 0.06351740271725974,
      "motion_max": 0.06454941297506657,
      "texture": 5.610992423830307,
      "edge": 0.1253298611111111,
      "noise": 0.0019380392817159493,
      "entropy": 0.763122578461965,
      "hf_energy": 5.0,
      "flatness": 0.48062242798353916,
      "si": 97.1038432075516,
      "ti": 31.105375944547212,
      "luma_mean": 0.13181409238077946,
      "sat_mean": 0.6536312308359556,
      "difficulty": 0.4591276236083515
    },
    {
      "index": 3,
      "start_sec": 6.666666666666667,
      "end_sec": 9.966666666666667,
      "duration": 3.3,
      "frame_count": 99,
      "motion": 0.0397504472660978,
      "motion_p90": 0.06107076071169209,
      "motion_max": 0.06304157588961509,
      "texture": 4.737880086637549,
      "edge": 0.07087758005401235,
      "noise": 0.0010901470959652215,
      "entropy": 0.743172500282526,
      "hf_energy": 5.0,
      "flatness": 0.6502413676697532,
      "si": 81.1500465292043,
      "ti": 31.88431800425517,
      "luma_mean": 0.13909626764478938,
      "sat_mean": 0.7451290670010289,
      "difficulty": 0.42208990277500885
    },
    {
      "index": 4,
      "start_sec": 9.966666666666667,
      "end_sec": 10.966666666666667,
      "duration": 1.0,
      "frame_count": 30,
      "motion": 0.034062198166303556,
      "motion_p90": 0.03546582546598878,
      "motion_max": 0.24928468439845075,
      "texture": 4.022694700980759,
      "edge": 0.027559413580246918,
      "noise": 0.036047530034556984,
      "entropy": 0.8786674499511719,
      "hf_energy": 5.0,
      "flatness": 0.6661064814814814,
      "si": 67.86845719808322,
      "ti": 14.52128194511105,
      "luma_mean": 0.2693607389251996,
      "sat_mean": 0.467320265976761,
      "difficulty": 0.446333073811685
    },
    {
      "index": 5,
      "start_sec": 10.966666666666667,
      "end_sec": 19.933333333333334,
      "duration": 8.966666666666667,
      "frame_count": 269,
      "motion": 0.07885634437030985,
      "motion_p90": 0.08694726231542,
      "motion_max": 0.2603632141128056,
      "texture": 5.569693423560802,
      "edge": 0.1819552951388889,
      "noise": 0.03197764651849866,
      "entropy": 0.9377722591161728,
      "hf_energy": 5.0,
      "flatness": 0.20419728973765433,
      "si": 112.75087148824018,
      "ti": 41.80145527151714,
      "luma_mean": 0.3858128782377148,
      "sat_mean": 0.36704438288625635,
      "difficulty": 0.5772810245092624
    },
    {
      "index": 6,
      "start_sec": 19.933333333333334,
      "end_sec": 20.933333333333334,
      "duration": 1.0,
      "frame_count": 30,
      "motion": 0.07997824376664246,
      "motion_p90": 0.08530648980271113,
      "motion_max": 0.2986384955216655,
      "texture": 5.27563567809279,
      "edge": 0.09831886574074075,
      "noise": 0.04942000149749219,
      "entropy": 0.7221455514431,
      "hf_energy": 5.0,
      "flatness": 0.5086354166666667,
      "si": 88.8996571741806,
      "ti": 28.477877127452366,
      "luma_mean": 0.12615324452311788,
      "sat_mean": 0.6170092592592593,
      "difficulty": 0.5301767678562158
    },
    {
      "index": 7,
      "start_sec": 20.933333333333334,
      "end_sec": 29.9,
      "duration": 8.966666666666665,
      "frame_count": 269,
      "motion": 0.029519204547173807,
      "motion_p90": 0.02355221571653353,
      "motion_max": 0.24161853969983055,
      "texture": 4.1136285123727685,
      "edge": 0.029576581790123457,
      "noise": 0.021439558506244794,
      "entropy": 0.8733299560844898,
      "hf_energy": 5.0,
      "flatness": 0.6554931037808642,
      "si": 69.4658876952849,
      "ti": 28.31676500621256,
      "luma_mean": 0.26309126734219923,
      "sat_mean": 0.4588812135000605,
      "difficulty": 0.4166172760355094
    }
  ],
  "distributions": {
    "thresholds": {
      "high_complexity": 0.45,
      "low_complexity": 0.2
    },
    "metrics": {
      "motion_mean": {
        "mean": 0.05993931830295454,
        "max": 0.08090299337327524,
        "min": 0.029519204547173807,
        "p95": 0.08057933101095377,
        "variance": 0.00043510579680606934,
        "std": 0.0208591897447161
      },
      "motion_p90": {
        "mean": 0.06607879107661582,
        "max": 0.09735044480755264,
        "min": 0.02355221571653353,
        "p95": 0.09370933093530621,
        "variance": 0.0005809593740957752,
        "std": 0.0241030988484007
      },
      "motion_max": {
        "mean": 0.20245260586873637,
        "max": 0.3442627012224643,
        "min": 0.06304157588961509,
        "p95": 0.32829422922718465,
        "variance": 0.010729319382947118,
        "std": 0.10358242796414417
      },
      "texture": {
        "mean": 5.0332532418155935,
        "max": 5.610992423830307,
        "min": 4.022694700980759,
        "p95": 5.596537773735981,
        "variance": 0.3767003008599962,