{
  "video": "0aa9ee51-576c-4831-b798-0102e01d2568.mp4",
  "path": "/root/workspace/raw videos/0aa9ee51-576c-4831-b798-0102e01d2568.mp4",
  "extracted_at": "2026-07-21T16:41:48Z",
  "elapsed_sec": 151.149,
  "meta": {
    "path": "../raw videos/0aa9ee51-576c-4831-b798-0102e01d2568.mp4",
    "width": 3840,
    "height": 2160,
    "fps": 30.0,
    "frame_count": 898,
    "duration": 29.933333333333334,
    "detail_scale": 0.25,
    "texture_compensation": 16.0,
    "scene_spans_provided": true,
    "scene_detect": {
      "detector": "content",
      "ok": true,
      "error": "",
      "detect_sec": 60.045,
      "n_scenes": 8
    },
    "samples_per_segment": 16,
    "si_ti_agg": "mean"
  },
  "cut_times_sec": [
    1.0,
    6.1,
    6.666667,
    9.966667,
    10.966667,
    19.933333,
    20.933333
  ],
  "global": {
    "mean_motion": 0.05610561875077304,
    "mean_texture": 4.971515732897374,
    "mean_noise": 0.025562478345732387,
    "mean_edge": 0.1019717097343376,
    "mean_entropy": 0.8515495268079024,
    "mean_hf_energy": 4.999999999999999,
    "mean_flatness": 0.4705576407541736,
    "mean_luma": 0.26116382223217854,
    "mean_difficulty": 0.4882621784594766,
    "motion_p90": 0.08564025357056393,
    "motion_level": 0.3713152940337124,
    "texture_level": 0.5408809468827662,
    "noise_level_norm": 0.34749343579198966,
    "edge_level": 0.6822141120589056,
    "segment_count": 8,
    "cut_count": 7,
    "cut_rate": 0.23385300668151449,
    "hard_fraction": 0.5890868596881959,
    "worst_difficulty": 0.5797663248208276,
    "volatility": 0.5410732874296289,
    "duration": 29.933333333333334,
    "fps": 30.0,
    "width": 3840,
    "height": 2160,
    "n_segments": 8
  },
  "segments": [
    {
      "index": 0,
      "start_sec": 0.0,
      "end_sec": 1.0,
      "duration": 1.0,
      "frame_count": 30,
      "motion": 0.06063657861292665,
      "motion_p90": 0.07654502390462359,
      "motion_max": 0.07847263828370855,
      "texture": 5.505016998866408,
      "edge": 0.18576022376543208,
      "noise": 0.012791059259325267,
      "entropy": 0.9418489754199981,
      "hf_energy": 5.0,
      "flatness": 0.207302662037037,
      "si": 115.46874752866736,
      "ti": 32.46719735059344,
      "luma_mean": 0.39218773602033413,
      "sat_mean": 0.36109590065964653,
      "difficulty": 0.5417501646743931
    },
    {
      "index": 1,
      "start_sec": 1.0,
      "end_sec": 6.1,
      "duration": 5.1,
      "frame_count": 153,
      "motion": 0.08019355511301743,
      "motion_p90": 0.07541992707576858,
      "motion_max": 0.33291168905833934,
      "texture": 5.439972931530927,
      "edge": 0.11767276716820987,
      "noise": 0.03524808833026327,
      "entropy": 0.7618620358407497,
      "hf_energy": 5.0,
      "flatness": 0.48617271894290126,
      "si": 96.39387800554526,
      "ti": 35.497736493796985,
      "luma_mean": 0.14835207832168362,
      "sat_mean": 0.6293590785561909,
      "difficulty": 0.5229448194774737
    },
    {
      "index": 2,
      "start_sec": 6.1,
      "end_sec": 6.666666666666667,
      "duration": 0.5666666666666673,
      "frame_count": 17,
      "motion": 0.05979240296941823,
      "motion_p90": 0.06351740271725974,
      "motion_max": 0.06454941297506657,
      "texture": 5.610992423830307,
      "edge": 0.1253298611111111,
      "noise": 0.0019380392817159493,
      "entropy": 0.763122578461965,
      "hf_energy": 5.0,
      "flatness": 0.48062242798353916,
      "si": 97.1038432075516,
      "ti": 31.105375944547212,
      "luma_mean": 0.13181409238077946,
      "sat_mean": 0.6536312308359556,
      "difficulty": 0.4591276236083515
    },
    {
      "index": 3,
      "start_sec": 6.666666666666667,
      "end_sec": 9.966666666666667,
      "duration": 3.3,
      "frame_count": 99,
      "motion": 0.03975031866527475,
      "motion_p90": 0.06107076071169209,
      "motion_max": 0.06304157588961509,
      "texture": 4.73796639677462,
      "edge": 0.07087143132716049,
      "noise": 0.0010901470959652215,
      "entropy": 0.7431699447333813,
      "hf_energy": 5.0,
      "flatness": 0.650240162037037,
      "si": 81.15069904119474,
      "ti": 31.88427472196604,
      "luma_mean": 0.13909616977578068,
      "sat_mean": 0.7451365953499456,
      "difficulty": 0.4220884032123426
    },
    {
      "index": 4,
      "start_sec": 9.966666666666667,
      "end_sec": 10.966666666666667,
      "duration": 1.0,
      "frame_count": 30,
      "motion": 0.038129069837811676,
      "motion_p90": 0.041443160705640206,
      "motion_max": 0.25616894365771004,
      "texture": 4.045400595178005,
      "edge": 0.02724691358024691,
      "noise": 0.04011741220019758,
      "entropy": 0.8487311422824859,
      "hf_energy": 5.0,
      "flatness": 0.6780399305555556,
      "si": 68.73583116956289,
      "ti": 17.58146249378955,
      "luma_mean": 0.25332462024933433,
      "sat_mean": 0.43414420615468413,
      "difficulty": 0.45165914528220197
    },
    {
      "index": 5,
      "start_sec": 10.966666666666667,
      "end_sec": 19.933333333333334,
      "duration": 8.966666666666667,
      "frame_count": 269,
      "motion": 0.07774907615438151,
      "motion_p90": 0.08411828249818445,
      "motion_max": 0.2696569308278867,
      "texture": 5.6520584570987875,
      "edge": 0.17636393229166666,
      "noise": 0.03633823472773656,
      "entropy": 0.9343468472361565,
      "hf_energy": 5.0,
      "flatness": 0.20275860821759262,
      "si": 109.68413560747497,
      "ti": 39.232753202915795,
      "luma_mean": 0.37805586287369886,
      "sat_mean": 0.38372429401930525,
      "difficulty": 0.5797663248208276
    },
    {
      "index": 6,
      "start_sec": 19.933333333333334,
      "end_sec": 20.933333333333334,
      "duration": 1.0,
      "frame_count": 30,
      "motion": 0.08031278065238441,
      "motion_p90": 0.08564025357056393,
      "motion_max": 0.30198872851609776,
      "texture": 5.27529831281674,
      "edge": 0.09821315586419753,
      "noise": 0.04825717746280134,
      "entropy": 0.7221614718437195,
      "hf_energy": 5.0,
      "flatness": 0.5085887345679012,
      "si": 88.89956185807475,
      "ti": 28.478040033041015,
      "luma_mean": 0.12615218848341808,
      "sat_mean": 0.6169637875211813,
      "difficulty": 0.5294896524323701
    },
    {
      "index": 7,
      "start_sec": 20.933333333333334,
      "end_sec": 29.933333333333334,
      "duration": 9.0,
      "frame_count": 270,
      "motion": 0.025461573884955215,
      "motion_p90": 0.01747483584483176,
      "motion_max": 0.23524140643911884,
      "texture": 4.083276010986664,
      "edge": 0.02830102237654321,
      "noise": 0.017078971111914143,
      "entropy": 0.8698449097573757,
      "hf_energy": 5.0,
      "flatness": 0.6639702690972222,
      "si": 68.70737471240966,
      "ti": 26.680539776290914,
      "luma_mean": 0.26284785387920595,
      "sat_mean": 0.4544816006263616,
      "difficulty": 0.39927129416785245
    }
  ],
  "distributions": {
    "thresholds": {
      "high_complexity": 0.45,
      "low_complexity": 0.2
    },
    "metrics": {
      "motion_mean": {
        "mean": 0.05775316948627124,
        "max": 0.08031278065238441,
        "min": 0.025461573884955215,
        "p95": 0.08027105171360596,
        "variance": 0.00039709635488602453,
        "std": 0.019927276655028015
      },
      "motion_p90": {
        "mean": 0.06315370587857054,
        "max": 0.08564025357056393,
        "min": 0.01747483584483176,
        "p95": 0.0851075636952311,
        "variance": 0.0004796654695126477,
        "std": 0.021901266390614214
      },
      "motion_max": {
        "mean": 0.20025391570594286,
        "max": 0.33291168905833934,
        "min": 0.06304157588961509,
        "p95": 0.32208865286855476,
        "variance": 0.011148633515612228,
        "std": 0.10558708972034521
      },
      "texture": {
        "mean": 5.043747765885307,
        "max": 5.6520584570987875,
        "min": 4.045400595178005,