{
  "video": "1.mp4",
  "path": "/root/terry/videos/1.mp4",
  "extracted_at": "2026-07-17T18:18:23Z",
  "elapsed_sec": 21.954,
  "meta": {
    "path": "/root/terry/videos/1.mp4",
    "width": 3840,
    "height": 2160,
    "fps": 30.0,
    "frame_count": 900,
    "duration": 30.0,
    "detail_scale": 0.25,
    "texture_compensation": 16.0,
    "scene_spans_provided": false
  },
  "cut_times_sec": [
    4.0,
    10.0,
    14.0,
    20.0,
    24.0
  ],
  "global": {
    "mean_motion": 0.05933335602759622,
    "mean_texture": 5.106388338617403,
    "mean_noise": 0.049371549126226454,
    "mean_edge": 0.09243230774176955,
    "mean_entropy": 0.8872380316257477,
    "mean_hf_energy": 5.0,
    "mean_flatness": 0.4565741544495885,
    "mean_luma": 0.31892975741093765,
    "mean_difficulty": 0.5499473432318108,
    "motion_p90": 0.14046241149237468,
    "motion_level": 0.4920522136629072,
    "texture_level": 0.5475204498480495,
    "noise_level_norm": 0.5070428638474698,
    "edge_level": 0.6605501562394276,
    "segment_count": 6,
    "cut_count": 5,
    "cut_rate": 0.16666666666666666,
    "hard_fraction": 0.8666666666666667,
    "worst_difficulty": 0.6264051397809116,
    "volatility": 0.5270904119676018,
    "duration": 30.0,
    "fps": 30.0,
    "width": 3840,
    "height": 2160,
    "n_segments": 6
  },
  "segments": [
    {
      "index": 0,
      "start_sec": 0.0,
      "end_sec": 4.0,
      "duration": 4.0,
      "frame_count": 120,
      "motion": 0.01089987102093924,
      "motion_p90": 0.014648735173081576,
      "motion_max": 0.018659056523844104,
      "texture": 4.075163065227038,
      "edge": 0.03665750385802469,
      "noise": 0.002180294191930443,
      "entropy": 0.8213169649243355,
      "hf_energy": 5.0,
      "flatness": 0.5789976369598766,
      "luma_mean": 0.16294291069051078,
      "difficulty": 0.3655662747809231
    },
    {
      "index": 1,
      "start_sec": 4.0,
      "end_sec": 10.0,
      "duration": 6.0,
      "frame_count": 180,
      "motion": 0.06180307809852337,
      "motion_p90": 0.12252319353667389,
      "motion_max": 0.31605588840474463,
      "texture": 5.131499674461305,
      "edge": 0.09312427662037037,
      "noise": 0.03706499875988811,
      "entropy": 0.9326993897557259,
      "hf_energy": 5.0,
      "flatness": 0.4666550925925926,
      "luma_mean": 0.37338650788247396,
      "difficulty": 0.5724479206156731
    },
    {
      "index": 2,
      "start_sec": 10.0,
      "end_sec": 14.0,
      "duration": 4.0,
      "frame_count": 120,
      "motion": 0.07677909404502542,
      "motion_p90": 0.14046241149237468,
      "motion_max": 0.35225645273541517,
      "texture": 5.931555799706972,
      "edge": 0.14135464891975308,
      "noise": 0.07776382565498352,
      "entropy": 0.9062367230653763,
      "hf_energy": 5.0,
      "flatness": 0.3410344328703704,
      "luma_mean": 0.4176853430994311,
      "difficulty": 0.6264051397809116
    },
    {
      "index": 3,
      "start_sec": 14.0,
      "end_sec": 20.0,
      "duration": 6.0,
      "frame_count": 180,
      "motion": 0.05301195609416606,
      "motion_p90": 0.11438856587388035,
      "motion_max": 0.34078534253207454,
      "texture": 4.137354992174923,
      "edge": 0.03793065200617284,
      "noise": 0.06395529309520498,
      "entropy": 0.8244458138942719,
      "hf_energy": 5.0,
      "flatness": 0.5757209683641975,
      "luma_mean": 0.16694664957032196,
      "difficulty": 0.5342782194254967
    },
    {
      "index": 4,
      "start_sec": 20.0,
      "end_sec": 24.0,
      "duration": 4.0,
      "frame_count": 120,
      "motion": 0.06692929224158799,
      "motion_p90": 0.11909883351488738,
      "motion_max": 0.3070203870128298,
      "texture": 5.2945105021404455,
      "edge": 0.1045505401234568,
      "noise": 0.045059412135742605,
      "entropy": 0.9366724342107773,
      "hf_energy": 5.0,
      "flatness": 0.42674262152777775,
      "luma_mean": 0.37050518942144756,
      "difficulty": 0.5846384101737507
    },
    {
      "index": 5,
      "start_sec": 24.0,
      "end_sec": 30.0,
      "duration": 6.0,
      "frame_count": 180,
      "motion": 0.07877957440692326,
      "motion_p90": 0.13428900009077702,
      "motion_max": 0.31589441872427987,
      "texture": 6.062267448401151,
      "edge": 0.1427314814814815,
      "noise": 0.06250176578760147,
      "entropy": 0.9028942063450813,
      "hf_energy": 5.0,
      "flatness": 0.34264491705246913,
      "luma_mean": 0.4202266674609659,
      "difficulty": 0.6163480946141099
    }
  ],
  "distributions": {
    "thresholds": {
      "high_complexity": 0.45,
      "low_complexity": 0.2
    },
    "metrics": {
      "motion_mean": {
        "mean": 0.058033810984527555,
        "max": 0.07877957440692326,
        "min": 0.01089987102093924,
        "p95": 0.07827945431644881,
        "variance": 0.0005203227702330932,
        "std": 0.02281058460963009
      },
      "motion_p90": {
        "mean": 0.10756845661361249,
        "max": 0.14046241149237468,
        "min": 0.014648735173081576,
        "p95": 0.13891905864197526,
        "variance": 0.0018055303303520604,
        "std": 0.04249153245473809
      },
      "motion_max": {
        "mean": 0.27511192432219805,
        "max": 0.35225645273541517,
        "min": 0.018659056523844104,
        "p95": 0.34938867518458,
        "variance": 0.013398353260199192,
        "std": 0.11575125597676766
      },
      "texture": {
        "mean": 5.105391913685306,
        "max": 6.062267448401151,
        "min": 4.075163065227038,
        "p95": 6.029589536227606,
        "variance": 0.6055119954631841,
        "std": 0.7781465128516507
      },
      "edge_density": {
        "mean": 0.09272485050154322,
        "max": 0.1427314814814815,
        "min": 0.03665750385802469,
        "p95": 0.1423872733410494,
        "variance": 0.0018585797434687006,
        "std": 0.04311124845639129
      },
      "noise_level": {
        "mean": 0.04808759827089185,
        "max": 0.07776382565498352,
        "min": 0.002180294191930443,
        "p95": 0.07431169251503889,
        "variance": 0.0005963964358394882,
        "std": 0.024421229204106172
      },
      "high_freq_energy": {
        "mean": 5.0,
        "max": 5.0,
        "min": 5.0,
        "p95": 5.0,
        "variance": 0.0,
        "std": 0.0
      },
      "flatness": {
        "mean": 0.45529927822788063,
        "max": 0.5789976369598766,
        "min": 0.3410344328703704,
        "p95": 0.5781784698109569,
        "variance": 0.0094157607577443,
        "std": 0.09703484300880948
      },
      "entropy": {
        "mean": 0.8873775886992613,
        "max": 0.9366724342107773,
        "min": 0.8213169649243355,
        "p95": 0.9356791730970144,
        "variance": 0.0022341490184749884,
        "std": 0.047266785573751344
      },
      "difficulty": {
        "mean": 0.5499473432318108,
        "max": 0.6264051397809116,
        "min": 0.3655662747809231,
        "p95": 0.6238908784892112,
        "variance": 0.0077010833982339095,
        "std": 0.08775581689115491
      }
    },
    "high_complexity_ratio": 0.8666666666666667,
    "low_complexity_ratio": 0.0,
    "high_complexity_segment_ratio": 0.8333333333333334,
    "low_complexity_segment_ratio": 0.0,
    "scene_complexity_histogram": {
      "bins": [
        0.0,
        0.2,
        0.4,
        0.6,
        0.8,
        1.0
      ],
      "counts": [
        0,
        1,
        3,
        2,
        0
      ],
      "fractions": [
        0.0,
        0.16666666666666666,
        0.5,
        0.3333333333333333,
        0.0
      ]
    },
    "worst_segment_index": 2
  },
  "summary_raw": {
    "segment_count": 6.0,
    "cut_count": 5.0,
    "cut_rate": 0.16666666666666666,
    "hard_fraction": 0.8666666666666667,
    "worst_difficulty": 0.6264051397809116,
    "difficulty_mean": 0.5499473432318108,
    "difficulty_p90": 0.6213766171975108,
    "duration_weighted_difficulty": 0.554829490229134,