{
  "video": "10.mp4",
  "path": "/root/terry/videos/10.mp4",
  "extracted_at": "2026-07-17T18:21:18Z",
  "elapsed_sec": 17.99,
  "meta": {
    "path": "/root/terry/videos/10.mp4",
    "width": 3840,
    "height": 2160,
    "fps": 30.0,
    "frame_count": 900,
    "duration": 30.0,
    "detail_scale": 0.25,
    "texture_compensation": 16.0,
    "scene_spans_provided": false
  },
  "cut_times_sec": [
    4.0,
    10.0,
    14.0,
    20.0,
    24.0
  ],
  "global": {
    "mean_motion": 0.051007914498103775,
    "mean_texture": 5.119868535261929,
    "mean_noise": 0.04530166642507538,
    "mean_edge": 0.05545367155349794,
    "mean_entropy": 0.8695765778422357,
    "mean_hf_energy": 5.0,
    "mean_flatness": 0.560360452031893,
    "mean_luma": 0.37358615820170665,
    "mean_difficulty": 0.5254221761514378,
    "motion_p90": 0.13071369069232627,
    "motion_level": 0.4740921292812839,
    "texture_level": 0.5481735118575036,
    "noise_level_norm": 0.48553973536425804,
    "edge_level": 0.5386274303455266,
    "segment_count": 6,
    "cut_count": 5,
    "cut_rate": 0.16666666666666666,
    "hard_fraction": 0.8666666666666667,
    "worst_difficulty": 0.5853370428731808,
    "volatility": 0.47680808144876324,
    "duration": 30.0,
    "fps": 30.0,
    "width": 3840,
    "height": 2160,
    "n_segments": 6
  },
  "segments": [
    {
      "index": 0,
      "start_sec": 0.0,
      "end_sec": 4.0,
      "duration": 4.0,
      "frame_count": 120,
      "motion": 0.028422078302771728,
      "motion_p90": 0.04592504538852578,
      "motion_max": 0.053558006535947715,
      "texture": 4.492631183252973,
      "edge": 0.0642361111111111,
      "noise": 0.002907058864366263,
      "entropy": 0.8133225366473198,
      "hf_energy": 5.0,
      "flatness": 0.5788298128858025,
      "luma_mean": 0.23610467823317602,
      "difficulty": 0.4224259103086714
    },
    {
      "index": 1,
      "start_sec": 4.0,
      "end_sec": 10.0,
      "duration": 6.0,
      "frame_count": 180,
      "motion": 0.05476062375181554,
      "motion_p90": 0.11554428634107959,
      "motion_max": 0.3405235036916001,
      "texture": 5.254019989146329,
      "edge": 0.021454716435185185,
      "noise": 0.06976940896129236,
      "entropy": 0.8639601692557335,
      "hf_energy": 5.0,
      "flatness": 0.6833757716049382,
      "luma_mean": 0.46505891903443475,
      "difficulty": 0.5372355304369544
    },
    {
      "index": 2,
      "start_sec": 10.0,
      "end_sec": 14.0,
      "duration": 4.0,
      "frame_count": 120,
      "motion": 0.04159265594740982,
      "motion_p90": 0.07659277036431854,
      "motion_max": 0.20749351700556765,
      "texture": 5.239981219069567,
      "edge": 0.0663032889660494,
      "noise": 0.023256471380591393,
      "entropy": 0.892984427511692,
      "hf_energy": 5.0,
      "flatness": 0.5006336805555556,
      "luma_mean": 0.4025185705262043,
      "difficulty": 0.5133775821089495
    },
    {
      "index": 3,
      "start_sec": 14.0,
      "end_sec": 20.0,
      "duration": 6.0,
      "frame_count": 180,
      "motion": 0.06304235033133625,
      "motion_p90": 0.12572245899903167,
      "motion_max": 0.31856295388525785,
      "texture": 4.4179333640773395,
      "edge": 0.0652126736111111,
      "noise": 0.05741441191639751,
      "entropy": 0.8576764389872551,
      "hf_energy": 5.0,
      "flatness": 0.5575147087191358,
      "luma_mean": 0.26422972551289037,
      "difficulty": 0.5587718427196617
    },
    {
      "index": 4,
      "start_sec": 20.0,
      "end_sec": 24.0,
      "duration": 4.0,
      "frame_count": 120,
      "motion": 0.06528990691569839,
      "motion_p90": 0.13071369069232627,
      "motion_max": 0.3696811683006536,
      "texture": 6.311957029039673,
      "edge": 0.048957609953703705,
      "noise": 0.07485676754731685,
      "entropy": 0.8703197091817856,
      "hf_energy": 5.0,
      "flatness": 0.515953655478395,
      "luma_mean": 0.4545919354045631,
      "difficulty": 0.5853370428731808
    },
    {
      "index": 5,
      "start_sec": 24.0,
      "end_sec": 30.0,
      "duration": 6.0,
      "frame_count": 180,
      "motion": 0.047033504296780444,
      "motion_p90": 0.08642173883442263,
      "motion_max": 0.2205240407891552,
      "texture": 5.231009702177833,
      "edge": 0.07093629436728394,
      "noise": 0.03197764605283737,
      "entropy": 0.9084951654076576,
      "hf_energy": 5.0,
      "flatness": 0.49730034722222227,
      "luma_mean": 0.4098320236852457,
      "difficulty": 0.5353851484612095
    }
  ],
  "distributions": {
    "thresholds": {
      "high_complexity": 0.45,
      "low_complexity": 0.2
    },
    "metrics": {
      "motion_mean": {
        "mean": 0.05002351992430202,
        "max": 0.06528990691569839,
        "min": 0.028422078302771728,
        "p95": 0.06472801776960785,
        "variance": 0.0001619391017648169,
        "std": 0.012725529527874936
      },
      "motion_p90": {
        "mean": 0.09681999843661741,
        "max": 0.13071369069232627,
        "min": 0.04592504538852578,
        "p95": 0.12946588276900262,
        "variance": 0.0009070490604711137,
        "std": 0.030117255194839945
      },
      "motion_max": {
        "mean": 0.251723865034697,
        "max": 0.3696811683006536,
        "min": 0.053558006535947715,
        "p95": 0.36239175214839026,
        "variance": 0.01141103753533725,
        "std": 0.10682245801018272
      },
      "texture": {
        "mean": 5.157922081127286,
        "max": 6.311957029039673,
        "min": 4.4179333640773395,
        "p95": 6.047472769066337,
        "variance": 0.39055037525917946,
        "std": 0.624940297355819
      },
      "edge_density": {
        "mean": 0.05618344907407407,
        "max": 0.07093629436728394,
        "min": 0.021454716435185185,
        "p95": 0.0697780430169753,
        "variance": 0.00028745458116741164,
        "std": 0.016954485576608086
      },
      "noise_level": {
        "mean": 0.04336362745380029,
        "max": 0.07485676754731685,
        "min": 0.002907058864366263,
        "p95": 0.07358492790081073,
        "variance": 0.0006761966589721114,
        "std": 0.02600378162829613
      },
      "high_freq_energy": {
        "mean": 5.0,
        "max": 5.0,
        "min": 5.0,
        "p95": 5.0,
        "variance": 0.0,
        "std": 0.0
      },
      "flatness": {
        "mean": 0.5556013294110083,
        "max": 0.6833757716049382,
        "min": 0.49730034722222227,
        "p95": 0.6572392819251542,
        "variance": 0.004143652756004303,
        "std": 0.06437121061471737
      },
      "entropy": {
        "mean": 0.8677930744985739,
        "max": 0.9084951654076576,
        "min": 0.8133225366473198,
        "p95": 0.9046174809336662,
        "variance": 0.0008969542207166063,
        "std": 0.0299491939911011
      },
      "difficulty": {
        "mean": 0.5254221761514378,
        "max": 0.5853370428731808,
        "min": 0.4224259103086714,
        "p95": 0.578695742834801,
        "variance": 0.0026156851157364183,
        "std": 0.051143769080274265
      }
    },
    "high_complexity_ratio": 0.8666666666666667,
    "low_complexity_ratio": 0.0,
    "high_complexity_segment_ratio": 0.8333333333333334,
    "low_complexity_segment_ratio": 0.0,
    "scene_complexity_histogram": {
      "bins": [
        0.0,
        0.2,
        0.4,
        0.6,
        0.8,
        1.0
      ],
      "counts": [
        0,
        0,
        6,
        0,
        0
      ],
      "fractions": [
        0.0,
        0.0,
        1.0,
        0.0,
        0.0
      ]
    },
    "worst_segment_index": 4
  },
  "summary_raw": {
    "segment_count": 6.0,
    "cut_count": 5.0,
    "cut_rate": 0.16666666666666666,
    "hard_fraction": 0.8666666666666667,
    "worst_difficulty": 0.5853370428731808,
    "difficulty_mean": 0.5254221761514378,
    "difficulty_p90": 0.5720544427964213,
    "duration_weighted_difficulty": 0.5290972423623388,
    "motion_mean": 0.051007914498103775,