{
  "video": "11.mp4",
  "path": "/root/terry/videos/11.mp4",
  "extracted_at": "2026-07-17T18:21:37Z",
  "elapsed_sec": 18.808,
  "meta": {
    "path": "/root/terry/videos/11.mp4",
    "width": 3840,
    "height": 2160,
    "fps": 30.0,
    "frame_count": 900,
    "duration": 30.0,
    "detail_scale": 0.25,
    "texture_compensation": 16.0,
    "scene_spans_provided": false
  },
  "cut_times_sec": [
    7.0,
    10.0,
    17.0,
    20.0,
    27.0
  ],
  "global": {
    "mean_motion": 0.052707556180908575,
    "mean_texture": 4.508223270390636,
    "mean_noise": 0.045107862392129994,
    "mean_edge": 0.05795566486625515,
    "mean_entropy": 0.7926876688996951,
    "mean_hf_energy": 4.228647933616659,
    "mean_flatness": 0.6286556873713991,
    "mean_luma": 0.2988656983465969,
    "mean_difficulty": 0.49555781554447687,
    "motion_p90": 0.14052279336117157,
    "motion_level": 0.49215963358630177,
    "texture_level": 0.5165109932148733,
    "noise_level_norm": 0.4844688862274081,
    "edge_level": 0.549573746841934,
    "segment_count": 6,
    "cut_count": 5,
    "cut_rate": 0.16666666666666666,
    "hard_fraction": 0.7666666666666667,
    "worst_difficulty": 0.5970541797113886,
    "volatility": 0.5272535776406722,
    "duration": 30.0,
    "fps": 30.0,
    "width": 3840,
    "height": 2160,
    "n_segments": 6
  },
  "segments": [
    {
      "index": 0,
      "start_sec": 0.0,
      "end_sec": 7.0,
      "duration": 7.0,
      "frame_count": 210,
      "motion": 0.009234246399176953,
      "motion_p90": 0.011261492374727669,
      "motion_max": 0.011464854151537158,
      "texture": 4.309005257486309,
      "edge": 0.005477912808641975,
      "noise": 0.009447941498365253,
      "entropy": 0.8661739602684975,
      "hf_energy": 2.5912394753914434,
      "flatness": 0.7275508777006172,
      "luma_mean": 0.3664558700602154,
      "difficulty": 0.3317979328751127
    },
    {
      "index": 1,
      "start_sec": 7.0,
      "end_sec": 10.0,
      "duration": 3.0,
      "frame_count": 90,
      "motion": 0.08667750695957395,
      "motion_p90": 0.14052279336117157,
      "motion_max": 0.3207513843500363,
      "texture": 6.084953035923091,
      "edge": 0.14403501157407408,
      "noise": 0.03561146929860115,
      "entropy": 0.8920934647321701,
      "hf_energy": 5.0,
      "flatness": 0.3407040895061728,
      "luma_mean": 0.41599115207425563,
      "difficulty": 0.5970541797113886
    },
    {
      "index": 2,
      "start_sec": 10.0,
      "end_sec": 17.0,
      "duration": 7.0,
      "frame_count": 210,
      "motion": 0.05796674534011135,
      "motion_p90": 0.12696876664245937,
      "motion_max": 0.3974783950617284,
      "texture": 3.2491731511242747,
      "edge": 0.025673707561728397,
      "noise": 0.0690426453948021,
      "entropy": 0.5986990332603455,
      "hf_energy": 5.0,
      "flatness": 0.8168655960648148,
      "luma_mean": 0.10421492979908012,
      "difficulty": 0.47629641301235426
    },
    {
      "index": 3,
      "start_sec": 17.0,
      "end_sec": 20.0,
      "duration": 3.0,
      "frame_count": 90,
      "motion": 0.057111649154260466,
      "motion_p90": 0.12251199770031462,
      "motion_max": 0.38046574679254413,
      "texture": 4.265461943229882,
      "edge": 0.00529296875,
      "noise": 0.08067088440293446,
      "entropy": 0.897679440677166,
      "hf_energy": 2.906920560253222,
      "flatness": 0.7284051890432099,
      "luma_mean": 0.39412260575526503,
      "difficulty": 0.5041394723344119
    },
    {
      "index": 4,
      "start_sec": 20.0,
      "end_sec": 27.0,
      "duration": 7.0,
      "frame_count": 210,
      "motion": 0.0728456402429799,
      "motion_p90": 0.12946357873396266,
      "motion_max": 0.32184569414185427,
      "texture": 5.934009640248129,
      "edge": 0.1427707851080247,
      "noise": 0.03851852938532829,
      "entropy": 0.9079373627901077,
      "hf_energy": 5.0,
      "flatness": 0.341586612654321,
      "luma_mean": 0.41971387829823287,
      "difficulty": 0.5957820493990577
    },
    {
      "index": 5,
      "start_sec": 27.0,
      "end_sec": 30.0,
      "duration": 3.0,
      "frame_count": 90,
      "motion": 0.056510931069958845,
      "motion_p90": 0.12078560200314688,
      "motion_max": 0.36978654532800775,
      "texture": 3.2500456107497184,
      "edge": 0.02440972222222222,
      "noise": 0.061774998903274536,
      "entropy": 0.6005462855100632,
      "hf_energy": 5.0,
      "flatness": 0.8167737268518518,
      "luma_mean": 0.10097897660221497,
      "difficulty": 0.46827684593453617
    }
  ],
  "distributions": {
    "thresholds": {
      "high_complexity": 0.45,
      "low_complexity": 0.2
    },
    "metrics": {
      "motion_mean": {
        "mean": 0.05672445319434358,
        "max": 0.08667750695957395,
        "min": 0.009234246399176953,
        "p95": 0.08321954028042544,
        "variance": 0.0005690227742253341,
        "std": 0.0238541982515727
      },
      "motion_p90": {
        "mean": 0.10858570513596381,
        "max": 0.14052279336117157,
        "min": 0.011261492374727669,
        "p95": 0.13775798970436934,
        "variance": 0.001934763609730413,
        "std": 0.04398594786668139
      },
      "motion_max": {
        "mean": 0.30029876997095134,
        "max": 0.3974783950617284,
        "min": 0.011464854151537158,
        "p95": 0.39322523299443235,
        "variance": 0.01750113082221886,
        "std": 0.13229183959042545
      },
      "texture": {
        "mean": 4.515441439793567,
        "max": 6.084953035923091,
        "min": 3.2491731511242747,
        "p95": 6.0472171870043505,
        "variance": 1.2975783364741325,
        "std": 1.1391129603661494
      },
      "edge_density": {
        "mean": 0.057943351337448566,
        "max": 0.14403501157407408,
        "min": 0.00529296875,
        "p95": 0.14371895495756173,
        "variance": 0.0037163311166790287,
        "std": 0.060961718452476624
      },
      "noise_level": {
        "mean": 0.049177744813884296,
        "max": 0.08067088440293446,
        "min": 0.009447941498365253,
        "p95": 0.07776382465090137,
        "variance": 0.0005702071505427619,
        "std": 0.023879010669262703
      },
      "high_freq_energy": {
        "mean": 4.249693339274111,
        "max": 5.0,
        "min": 2.5912394753914434,
        "p95": 5.0,
        "variance": 1.1342247158708947,
        "std": 1.0649998666060454
      },
      "flatness": {
        "mean": 0.6286476819701646,
        "max": 0.8168655960648148,
        "min": 0.3407040895061728,
        "p95": 0.816842628761574,
        "variance": 0.04264439404165293,
        "std": 0.2065051913188938
      },
      "entropy": {
        "mean": 0.793854924539725,
        "max": 0.9079373627901077,
        "min": 0.5986990332603455,
        "p95": 0.9053728822618723,
        "variance": 0.019021539733459557,
        "std": 0.13791859821452493
      },
      "difficulty": {
        "mean": 0.49555781554447687,
        "max": 0.5970541797113886,
        "min": 0.3317979328751127,
        "p95": 0.5967361471333059,
        "variance": 0.008058767654391197,
        "std": 0.08977063915552344
      }
    },
    "high_complexity_ratio": 0.7666666666666667,
    "low_complexity_ratio": 0.0,
    "high_complexity_segment_ratio": 0.8333333333333334,
    "low_complexity_segment_ratio": 0.0,
    "scene_complexity_histogram": {
      "bins": [
        0.0,
        0.2,
        0.4,
        0.6,
        0.8,
        1.0
      ],
      "counts": [
        0,
        1,
        5,
        0,
        0
      ],
      "fractions": [
        0.0,
        0.16666666666666666,
        0.8333333333333334,
        0.0,
        0.0
      ]
    },
    "worst_segment_index": 1
  },
  "summary_raw": {
    "segment_count": 6.0,
    "cut_count": 5.0,
    "cut_rate": 0.16666666666666666,
    "hard_fraction": 0.7666666666666667,
    "worst_difficulty": 0.5970541797113886,
    "difficulty_mean": 0.49555781554447687,