{
  "video": "12.mp4",
  "path": "/root/terry/videos/12.mp4",
  "extracted_at": "2026-07-17T18:21:58Z",
  "elapsed_sec": 21.19,
  "meta": {
    "path": "/root/terry/videos/12.mp4",
    "width": 3840,
    "height": 2160,
    "fps": 30.0,
    "frame_count": 900,
    "duration": 30.0,
    "detail_scale": 0.25,
    "texture_compensation": 16.0,
    "scene_spans_provided": false
  },
  "cut_times_sec": [
    4.0,
    6.0,
    6.1,
    6.2,
    6.4,
    6.5,
    6.6,
    6.8,
    7.5,
    7.6,
    7.7,
    7.9,
    8.0,
    8.7,
    9.0,
    9.1,
    9.8,
    10.0,
    14.0,
    20.0,
    24.0
  ],
  "global": {
    "mean_motion": 0.062487056402808036,
    "mean_texture": 3.6591261522436973,
    "mean_noise": 0.06723300330728914,
    "mean_edge": 0.032950370531121397,
    "mean_entropy": 0.8119966511925061,
    "mean_hf_energy": 3.8660910773269475,
    "mean_flatness": 0.7218201686278293,
    "mean_luma": 0.2733266474616467,
    "mean_difficulty": 0.484883656241713,
    "motion_p90": 0.17075567961752597,
    "motion_level": 0.5407841905626588,
    "texture_level": 0.4644076108873707,
    "noise_level_norm": 0.5834526687463006,
    "edge_level": 0.4095738815568896,
    "segment_count": 9,
    "cut_count": 8,
    "cut_rate": 0.26666666666666666,
    "hard_fraction": 0.8,
    "worst_difficulty": 0.539537527293989,
    "volatility": 0.5735139006090122,
    "duration": 30.0,
    "fps": 30.0,
    "width": 3840,
    "height": 2160,
    "n_segments": 9
  },
  "segments": [
    {
      "index": 0,
      "start_sec": 0.0,
      "end_sec": 4.0,
      "duration": 4.0,
      "frame_count": 120,
      "motion": 0.018568253941236987,
      "motion_p90": 0.037809335663277654,
      "motion_max": 0.05402828461631566,
      "texture": 3.398839364731656,
      "edge": 0.020167824074074074,
      "noise": 0.021802940987981856,
      "entropy": 0.8008354380726814,
      "hf_energy": 4.403190261492835,
      "flatness": 0.8396315586419754,
      "luma_mean": 0.2045069245869644,
      "difficulty": 0.39260472792679907
    },
    {
      "index": 1,
      "start_sec": 4.0,
      "end_sec": 6.8,
      "duration": 2.8,
      "frame_count": 84,
      "motion": 0.0908525742858872,
      "motion_p90": 0.1390657755386105,
      "motion_max": 0.20822577765674172,
      "texture": 3.1730460181333857,
      "edge": 0.018367091049382715,
      "noise": 0.10320058767683804,
      "entropy": 0.8704165741801262,
      "hf_energy": 2.4683237030696,
      "flatness": 0.7069825424382716,
      "luma_mean": 0.4075928479030501,
      "difficulty": 0.5168018378140347
    },
    {
      "index": 2,
      "start_sec": 6.8,
      "end_sec": 8.0,
      "duration": 1.2000000000000002,
      "frame_count": 36,
      "motion": 0.08152802079550957,
      "motion_p90": 0.11960309776688453,
      "motion_max": 0.14726805706850643,
      "texture": 3.217314450174549,
      "edge": 0.008489101080246914,
      "noise": 0.1090147087816149,
      "entropy": 0.8606865480542183,
      "hf_energy": 1.348456804729563,
      "flatness": 0.823229648919753,
      "luma_mean": 0.3231809233917332,
      "difficulty": 0.47804273322693885
    },
    {
      "index": 3,
      "start_sec": 8.0,
      "end_sec": 9.1,
      "duration": 1.0999999999999996,
      "frame_count": 33,
      "motion": 0.08237761173142095,
      "motion_p90": 0.10556323907649479,
      "motion_max": 0.14171597373517308,
      "texture": 2.938862129071094,
      "edge": 0.0038235435956790126,
      "noise": 0.1068344134837389,
      "entropy": 0.839252158999443,
      "hf_energy": 0.7677660127628428,
      "flatness": 0.8223015528549382,
      "luma_mean": 0.28569341942023724,
      "difficulty": 0.446485894320692
    },
    {
      "index": 4,
      "start_sec": 9.1,
      "end_sec": 10.0,
      "duration": 0.9000000000000004,
      "frame_count": 27,
      "motion": 0.0747329395878722,
      "motion_p90": 0.12331815465383685,
      "motion_max": 0.14774161068748487,
      "texture": 2.7787090829313814,
      "edge": 0.004572241512345679,
      "noise": 0.07267647120170295,
      "entropy": 0.8361736983060837,
      "hf_energy": 0.9104424615255511,
      "flatness": 0.8241121720679012,
      "luma_mean": 0.3770408789866255,
      "difficulty": 0.44307295241373457
    },
    {
      "index": 5,
      "start_sec": 10.0,
      "end_sec": 14.0,
      "duration": 4.0,
      "frame_count": 120,
      "motion": 0.048706183051924465,
      "motion_p90": 0.10343300880537393,
      "motion_max": 0.3076848296417332,
      "texture": 4.468601843850022,
      "edge": 0.06232566550925926,
      "noise": 0.053053826093673706,
      "entropy": 0.7368649914860725,
      "hf_energy": 5.0,
      "flatness": 0.6109840374228395,
      "luma_mean": 0.1823352850399419,
      "difficulty": 0.5224777287764442
    },
    {
      "index": 6,
      "start_sec": 14.0,
      "end_sec": 20.0,
      "duration": 6.0,
      "frame_count": 180,
      "motion": 0.052849565404865656,
      "motion_p90": 0.11575803452553857,
      "motion_max": 0.29427411643669815,
      "texture": 3.3299278623644484,
      "edge": 0.02109447337962963,
      "noise": 0.05814117623958737,
      "entropy": 0.815666176378727,
      "hf_energy": 4.621628834870872,
      "flatness": 0.8251444347993826,
      "luma_mean": 0.2526367650841201,
      "difficulty": 0.4912877658278482
    },
    {
      "index": 7,
      "start_sec": 20.0,
      "end_sec": 24.0,
      "duration": 4.0,
      "frame_count": 120,
      "motion": 0.10696853629569111,
      "motion_p90": 0.17075567961752597,
      "motion_max": 0.35642500302590174,
      "texture": 3.2622333485443993,
      "edge": 0.020379533179012345,
      "noise": 0.11410205555148423,
      "entropy": 0.8716891780495644,
      "hf_energy": 2.6117007252323448,
      "flatness": 0.6714954668209877,
      "luma_mean": 0.41519140246762287,
      "difficulty": 0.539537527293989
    },
    {
      "index": 8,
      "start_sec": 24.0,
      "end_sec": 30.0,
      "duration": 6.0,
      "frame_count": 180,
      "motion": 0.058407759168482204,
      "motion_p90": 0.11176318234083753,
      "motion_max": 0.2921557961147422,
      "texture": 4.466104409503423,
      "edge": 0.06341941550925925,
      "noise": 0.051600296050310135,
      "entropy": 0.7804366797208786,
      "hf_energy": 5.0,
      "flatness": 0.6002724729938272,
      "luma_mean": 0.21552795838628663,
      "difficulty": 0.5336417385749361
    }
  ],
  "distributions": {
    "thresholds": {
      "high_complexity": 0.45,
      "low_complexity": 0.2
    },
    "metrics": {
      "motion_mean": {
        "mean": 0.0683323826958767,
        "max": 0.10696853629569111,
        "min": 0.018568253941236987,
        "p95": 0.10052215149176955,
        "variance": 0.0006235715392093616,
        "std": 0.02497141444150414
      },
      "motion_p90": {
        "mean": 0.11411883422093114,
        "max": 0.17075567961752597,
        "min": 0.037809335663277654,
        "p95": 0.15807971798595977,
        "variance": 0.0011070608330312085,
        "std": 0.033272523694952996
      },
      "motion_max": {
        "mean": 0.21661327210925524,
        "max": 0.35642500302590174,
        "min": 0.05402828461631566,
        "p95": 0.3369289336722343,
        "variance": 0.009027236276568927,
        "std": 0.09501176914766363
      },
      "texture": {
        "mean": 3.4481820565893733,
        "max": 4.468601843850022,
        "min": 2.7787090829313814,
        "p95": 4.467602870111382,
        "variance": 0.329446519876106,
        "std": 0.5739743198751195
      },
      "edge_density": {
        "mean": 0.024737654320987654,
        "max": 0.06341941550925925,
        "min": 0.0038235435956790126,
        "p95": 0.06298191550925926,
        "variance": 0.00045677000327216,
        "std": 0.02137217825286323
      },
      "noise_level": {
        "mean": 0.07671405289632578,
        "max": 0.11410205555148423,
        "min": 0.021802940987981856,
        "p95": 0.1120671168435365,