{
  "video": "13.mp4",
  "path": "/root/terry/videos/13.mp4",
  "extracted_at": "2026-07-17T18:22:19Z",
  "elapsed_sec": 20.181,
  "meta": {
    "path": "/root/terry/videos/13.mp4",
    "width": 3840,
    "height": 2160,
    "fps": 30.0,
    "frame_count": 900,
    "duration": 30.0,
    "detail_scale": 0.25,
    "texture_compensation": 16.0,
    "scene_spans_provided": false
  },
  "cut_times_sec": [
    6.0,
    10.0,
    16.0,
    20.0,
    26.0
  ],
  "global": {
    "mean_motion": 0.0580367875892641,
    "mean_texture": 5.191419383383464,
    "mean_noise": 0.04660984381334857,
    "mean_edge": 0.10306802983539094,
    "mean_entropy": 0.8298124030232429,
    "mean_hf_energy": 5.0,
    "mean_flatness": 0.4797401138117283,
    "mean_luma": 0.30904826275417574,
    "mean_difficulty": 0.5487072653269643,
    "motion_p90": 0.1463336956850641,
    "motion_level": 0.5022889485576462,
    "texture_level": 0.5516085482864878,
    "noise_level_norm": 0.4926532159307122,
    "edge_level": 0.6845279834508723,
    "segment_count": 6,
    "cut_count": 5,
    "cut_rate": 0.16666666666666666,
    "hard_fraction": 1.0,
    "worst_difficulty": 0.590024698739309,
    "volatility": 0.4889916638599948,
    "duration": 30.0,
    "fps": 30.0,
    "width": 3840,
    "height": 2160,
    "n_segments": 6
  },
  "segments": [
    {
      "index": 0,
      "start_sec": 0.0,
      "end_sec": 6.0,
      "duration": 6.0,
      "frame_count": 180,
      "motion": 0.03284494901355604,
      "motion_p90": 0.04695703976034859,
      "motion_max": 0.047262950859356084,
      "texture": 5.927897871827177,
      "edge": 0.14155960648148147,
      "noise": 0.0,
      "entropy": 0.90899208933115,
      "hf_energy": 5.0,
      "flatness": 0.34199918016975306,
      "luma_mean": 0.42013653341351975,
      "difficulty": 0.47216028112170616
    },
    {
      "index": 1,
      "start_sec": 6.0,
      "end_sec": 10.0,
      "duration": 4.0,
      "frame_count": 120,
      "motion": 0.060235761241224886,
      "motion_p90": 0.12158040804284673,
      "motion_max": 0.3154541802832244,
      "texture": 5.038500211481746,
      "edge": 0.0874778163580247,
      "noise": 0.06177500047488138,
      "entropy": 0.9360689148306847,
      "hf_energy": 5.0,
      "flatness": 0.4844511959876543,
      "luma_mean": 0.3747151160811547,
      "difficulty": 0.5883171968070506
    },
    {
      "index": 2,
      "start_sec": 10.0,
      "end_sec": 16.0,
      "duration": 6.0,
      "frame_count": 180,
      "motion": 0.05798608652565965,
      "motion_p90": 0.12190731511740494,
      "motion_max": 0.34952262618010166,
      "texture": 4.394090188015074,
      "edge": 0.06871407214506173,
      "noise": 0.07267647236585617,
      "entropy": 0.64230727404356,
      "hf_energy": 5.0,
      "flatness": 0.6490234375,
      "luma_mean": 0.13132729571381022,
      "difficulty": 0.5296145193697156
    },
    {
      "index": 3,
      "start_sec": 16.0,
      "end_sec": 20.0,
      "duration": 4.0,
      "frame_count": 120,
      "motion": 0.08517836650478093,
      "motion_p90": 0.1463336956850641,
      "motion_max": 0.34671093560881144,
      "texture": 6.054674067582635,
      "edge": 0.14442346643518517,
      "noise": 0.017442353069782257,
      "entropy": 0.8966763913631439,
      "hf_energy": 5.0,
      "flatness": 0.3428337191358025,
      "luma_mean": 0.41813102910917455,
      "difficulty": 0.5760683924756647
    },
    {
      "index": 4,
      "start_sec": 20.0,
      "end_sec": 26.0,
      "duration": 6.0,
      "frame_count": 180,
      "motion": 0.06496579123547568,
      "motion_p90": 0.11491409918905832,
      "motion_max": 0.29303168119099493,
      "texture": 5.277437069644193,
      "edge": 0.10333550347222221,
      "noise": 0.05668764974689111,
      "entropy": 0.9338032379746437,
      "hf_energy": 5.0,
      "flatness": 0.4298664158950617,
      "luma_mean": 0.3723437065026628,
      "difficulty": 0.590024698739309
    },
    {
      "index": 5,
      "start_sec": 26.0,
      "end_sec": 30.0,
      "duration": 4.0,
      "frame_count": 120,
      "motion": 0.056166539011437915,
      "motion_p90": 0.12160377859477119,
      "motion_max": 0.37235730603969985,
      "texture": 4.443333402081934,
      "edge": 0.07069516782407408,
      "noise": 0.07631029188632965,
      "entropy": 0.6631938144564629,
      "hf_energy": 5.0,
      "flatness": 0.6394323881172839,
      "luma_mean": 0.13930452202099977,
      "difficulty": 0.5360585034483402
    }
  ],
  "distributions": {
    "thresholds": {
      "high_complexity": 0.45,
      "low_complexity": 0.2
    },
    "metrics": {
      "motion_mean": {
        "mean": 0.05956291558868918,
        "max": 0.08517836650478093,
        "min": 0.03284494901355604,
        "p95": 0.08012522268745462,
        "variance": 0.00023561110230332124,
        "std": 0.015349628735032038
      },
      "motion_p90": {
        "mean": 0.11221605606491565,
        "max": 0.1463336956850641,
        "min": 0.04695703976034859,
        "p95": 0.1402271005431493,
        "variance": 0.000949962150546067,
        "std": 0.03082145600950849
      },
      "motion_max": {
        "mean": 0.28738994669369805,
        "max": 0.37235730603969985,
        "min": 0.047262950859356084,
        "p95": 0.3666486360748003,
        "variance": 0.012179884373965222,
        "std": 0.11036251344530543
      },
      "texture": {
        "mean": 5.18932213510546,
        "max": 6.054674067582635,
        "min": 4.394090188015074,
        "p95": 6.0229800186437705,
        "variance": 0.4189554366202572,
        "std": 0.6472676699946145
      },
      "edge_density": {
        "mean": 0.10270093878600822,
        "max": 0.14442346643518517,
        "min": 0.06871407214506173,
        "p95": 0.14370750144675926,
        "variance": 0.0009437313293731974,
        "std": 0.030720210438296112
      },
      "noise_level": {
        "mean": 0.047481961257290095,
        "max": 0.07631029188632965,
        "min": 0.0,
        "p95": 0.07540183700621128,
        "variance": 0.0008186310687329734,
        "std": 0.028611729565564074
      },
      "high_freq_energy": {
        "mean": 5.0,
        "max": 5.0,
        "min": 5.0,
        "p95": 5.0,
        "variance": 0.0,
        "std": 0.0
      },
      "flatness": {
        "mean": 0.4812677228009259,
        "max": 0.6490234375,
        "min": 0.34199918016975306,
        "p95": 0.646625675154321,
        "variance": 0.015728328393226725,
        "std": 0.12541263251055185
      },
      "entropy": {
        "mean": 0.8301736203332742,
        "max": 0.9360689148306847,
        "min": 0.64230727404356,
        "p95": 0.9355024956166744,
        "variance": 0.01596065004965242,
        "std": 0.1263354663174693
      },
      "difficulty": {
        "mean": 0.5487072653269643,
        "max": 0.590024698739309,
        "min": 0.47216028112170616,
        "p95": 0.5895978232562444,
        "variance": 0.0017347788617763712,
        "std": 0.041650676606465487
      }
    },
    "high_complexity_ratio": 1.0,
    "low_complexity_ratio": 0.0,
    "high_complexity_segment_ratio": 1.0,
    "low_complexity_segment_ratio": 0.0,
    "scene_complexity_histogram": {
      "bins": [
        0.0,
        0.2,
        0.4,
        0.6,
        0.8,
        1.0
      ],
      "counts": [
        0,
        0,
        6,
        0,
        0
      ],
      "fractions": [
        0.0,
        0.0,
        1.0,
        0.0,
        0.0
      ]
    },
    "worst_segment_index": 4
  },
  "summary_raw": {
    "segment_count": 6.0,
    "cut_count": 5.0,
    "cut_rate": 0.16666666666666666,
    "hard_fraction": 1.0,
    "worst_difficulty": 0.590024698739309,
    "difficulty_mean": 0.5487072653269643,
    "difficulty_p90": 0.5891709477731798,
    "duration_weighted_difficulty": 0.5450857788769535,
    "motion_mean": 0.0580367875892641,
    "motion_std": 0.015349628735032038,
    "motion_p90": 0.1463336956850641,
    "texture": 5.191419383383464,