{
  "video": "14.mp4",
  "path": "/root/terry/videos/14.mp4",
  "extracted_at": "2026-07-17T18:22:40Z",
  "elapsed_sec": 21.12,
  "meta": {
    "path": "/root/terry/videos/14.mp4",
    "width": 3840,
    "height": 2160,
    "fps": 30.0,
    "frame_count": 900,
    "duration": 30.0,
    "detail_scale": 0.25,
    "texture_compensation": 16.0,
    "scene_spans_provided": false
  },
  "cut_times_sec": [
    7.0,
    10.0,
    17.0,
    20.0,
    27.0
  ],
  "global": {
    "mean_motion": 0.040507450589546516,
    "mean_texture": 3.832984874655092,
    "mean_noise": 0.040456569928210236,
    "mean_edge": 0.018106802983539096,
    "mean_entropy": 0.8777397677302361,
    "mean_hf_energy": 3.7728241925473194,
    "mean_flatness": 0.7154488007973251,
    "mean_luma": 0.3817535180205055,
    "mean_difficulty": 0.4649220116619828,
    "motion_p90": 0.12026378373880411,
    "motion_level": 0.45337430554494246,
    "texture_level": 0.4759707033249902,
    "noise_level_norm": 0.4573608264603077,
    "edge_level": 0.27598971692130975,
    "segment_count": 6,
    "cut_count": 5,
    "cut_rate": 0.16666666666666666,
    "hard_fraction": 0.7666666666666667,
    "worst_difficulty": 0.513801159132814,
    "volatility": 0.3897143500538443,
    "duration": 30.0,
    "fps": 30.0,
    "width": 3840,
    "height": 2160,
    "n_segments": 6
  },
  "segments": [
    {
      "index": 0,
      "start_sec": 0.0,
      "end_sec": 7.0,
      "duration": 7.0,
      "frame_count": 210,
      "motion": 0.013685389433551198,
      "motion_p90": 0.01891209831154684,
      "motion_max": 0.02091085693536674,
      "texture": 3.4722789839310737,
      "edge": 0.03159288194444444,
      "noise": 0.0,
      "entropy": 0.8478151261806488,
      "hf_energy": 5.0,
      "flatness": 0.7543923611111112,
      "luma_mean": 0.38525070730452676,
      "difficulty": 0.34857119682082366
    },
    {
      "index": 1,
      "start_sec": 7.0,
      "end_sec": 10.0,
      "duration": 3.0,
      "frame_count": 90,
      "motion": 0.04535002496368918,
      "motion_p90": 0.09907955322561118,
      "motion_max": 0.3077146877269426,
      "texture": 4.307293793737303,
      "edge": 0.005369405864197531,
      "noise": 0.05596088385209441,
      "entropy": 0.8569265380501747,
      "hf_energy": 2.72724728621868,
      "flatness": 0.7311897183641975,
      "luma_mean": 0.3670580651627935,
      "difficulty": 0.47072484163213224
    },
    {
      "index": 2,
      "start_sec": 10.0,
      "end_sec": 17.0,
      "duration": 7.0,
      "frame_count": 210,
      "motion": 0.05109065601549261,
      "motion_p90": 0.10844472812273051,
      "motion_max": 0.2975211132292423,
      "texture": 3.829050819029096,
      "edge": 0.017824315200617284,
      "noise": 0.044332648802082986,
      "entropy": 0.9112118482589722,
      "hf_energy": 3.7751089811094616,
      "flatness": 0.6428325135030863,
      "luma_mean": 0.3850941755174292,
      "difficulty": 0.4990305506708346
    },
    {
      "index": 3,
      "start_sec": 17.0,
      "end_sec": 20.0,
      "duration": 3.0,
      "frame_count": 90,
      "motion": 0.045457894577584125,
      "motion_p90": 0.0893142519970951,
      "motion_max": 0.2543677302711208,
      "texture": 3.408162809494477,
      "edge": 0.03241247106481482,
      "noise": 0.039972059428691864,
      "entropy": 0.8573590517044067,
      "hf_energy": 5.0,
      "flatness": 0.7621988329475309,
      "luma_mean": 0.3906676661598281,
      "difficulty": 0.4839103682926905
    },
    {
      "index": 4,
      "start_sec": 20.0,
      "end_sec": 27.0,
      "duration": 7.0,
      "frame_count": 210,
      "motion": 0.04412007061698136,
      "motion_p90": 0.09974962857056396,
      "motion_max": 0.31309110233599613,
      "texture": 4.192569934764478,
      "edge": 0.005394965277777778,
      "noise": 0.05741441447753459,
      "entropy": 0.8741130381822586,
      "hf_energy": 2.7713169588682023,
      "flatness": 0.735814525462963,
      "luma_mean": 0.37372851136982566,
      "difficulty": 0.47349395342260203
    },
    {
      "index": 5,
      "start_sec": 27.0,
      "end_sec": 30.0,
      "duration": 3.0,
      "frame_count": 90,
      "motion": 0.06017564886679981,
      "motion_p90": 0.12026378373880411,
      "motion_max": 0.3115575980392157,
      "texture": 3.79529275529496,
      "edge": 0.01539110725308642,
      "noise": 0.07122294168220833,
      "entropy": 0.9191187247633934,
      "hf_energy": 3.0593341126399576,
      "flatness": 0.6840075231481482,
      "luma_mean": 0.3903048624349431,
      "difficulty": 0.513801159132814
    }
  ],
  "distributions": {
    "thresholds": {
      "high_complexity": 0.45,
      "low_complexity": 0.2
    },
    "metrics": {
      "motion_mean": {
        "mean": 0.043313280745683046,
        "max": 0.06017564886679981,
        "min": 0.013685389433551198,
        "p95": 0.05790440065397301,
        "variance": 0.00020533959562283176,
        "std": 0.01432967534952665
      },
      "motion_p90": {
        "mean": 0.08929400732772529,
        "max": 0.12026378373880411,
        "min": 0.01891209831154684,
        "p95": 0.11730901983478571,
        "variance": 0.0010807612681036749,
        "std": 0.032874933735350324
      },
      "motion_max": {
        "mean": 0.25086051475631405,
        "max": 0.31309110233599613,
        "min": 0.02091085693536674,
        "p95": 0.312707726261801,
        "variance": 0.010975922679371336,
        "std": 0.10476603781460543
      },
      "texture": {
        "mean": 3.834108182708565,
        "max": 4.307293793737303,
        "min": 3.408162809494477,
        "p95": 4.278612828994097,
        "variance": 0.11104691575912871,
        "std": 0.33323702639281955
      },
      "edge_density": {
        "mean": 0.01799752443415638,
        "max": 0.03241247106481482,
        "min": 0.005369405864197531,
        "p95": 0.03220757378472222,
        "variance": 0.00011962362001076643,
        "std": 0.010937258340679644
      },
      "noise_level": {
        "mean": 0.044817158040435366,
        "max": 0.07122294168220833,
        "min": 0.0,
        "p95": 0.0677708098810399,
        "variance": 0.0005020710481707545,
        "std": 0.02240694196383689
      },
      "high_freq_energy": {
        "mean": 3.7221678898060504,
        "max": 5.0,
        "min": 2.72724728621868,
        "p95": 5.0,
        "variance": 0.9336409465490233,
        "std": 0.9662509749278514
      },
      "flatness": {
        "mean": 0.7184059124228396,
        "max": 0.7621988329475309,
        "min": 0.6428325135030863,
        "p95": 0.760247214988426,
        "variance": 0.0017623196147633254,
        "std": 0.04197999064748973
      },
      "entropy": {
        "mean": 0.8777573878566424,
        "max": 0.9191187247633934,
        "min": 0.8478151261806488,
        "p95": 0.9171420056372881,
        "variance": 0.0007649663086311482,
        "std": 0.027658024308166846
      },
      "difficulty": {
        "mean": 0.4649220116619828,
        "max": 0.513801159132814,
        "min": 0.34857119682082366,
        "p95": 0.5101085070173191,
        "variance": 0.002926297385623364,
        "std": 0.05409526213656205
      }
    },
    "high_complexity_ratio": 0.7666666666666667,
    "low_complexity_ratio": 0.0,
    "high_complexity_segment_ratio": 0.8333333333333334,
    "low_complexity_segment_ratio": 0.0,
    "scene_complexity_histogram": {
      "bins": [
        0.0,
        0.2,
        0.4,
        0.6,
        0.8,
        1.0
      ],
      "counts": [
        0,
        1,
        5,
        0,
        0
      ],
      "fractions": [
        0.0,
        0.16666666666666666,
        0.8333333333333334,
        0.0,
        0.0
      ]
    },
    "worst_segment_index": 5
  },
  "summary_raw": {
    "segment_count": 6.0,
    "cut_count": 5.0,
    "cut_rate": 0.16666666666666666,
    "hard_fraction": 0.7666666666666667,
    "worst_difficulty": 0.513801159132814,
    "difficulty_mean": 0.4649220116619828,