{
  "video": "15.mp4",
  "path": "/root/terry/videos/15.mp4",
  "extracted_at": "2026-07-17T18:23:02Z",
  "elapsed_sec": 22.07,
  "meta": {
    "path": "/root/terry/videos/15.mp4",
    "width": 3840,
    "height": 2160,
    "fps": 30.0,
    "frame_count": 900,
    "duration": 30.0,
    "detail_scale": 0.25,
    "texture_compensation": 16.0,
    "scene_spans_provided": false
  },
  "cut_times_sec": [
    2.0,
    10.0,
    12.0,
    16.0,
    16.1,
    16.2,
    16.4,
    16.5,
    16.6,
    16.8,
    17.5,
    17.6,
    17.7,
    17.9,
    18.0,
    18.7,
    19.0,
    19.1,
    19.8,
    20.0,
    22.0
  ],
  "global": {
    "mean_motion": 0.06070275966964719,
    "mean_texture": 3.7399005210836087,
    "mean_noise": 0.07154514021162564,
    "mean_edge": 0.017630271829989712,
    "mean_entropy": 0.7723408420880635,
    "mean_hf_energy": 3.8232279888323255,
    "mean_flatness": 0.7280177493248456,
    "mean_luma": 0.2902635376510429,
    "mean_difficulty": 0.4689050775310393,
    "motion_p90": 0.1883634592108448,
    "motion_level": 0.5650393107173429,
    "texture_level": 0.4698426206681391,
    "noise_level_norm": 0.5984780316872133,
    "edge_level": 0.270692434326241,
    "segment_count": 9,
    "cut_count": 8,
    "cut_rate": 0.26666666666666666,
    "hard_fraction": 0.6,
    "worst_difficulty": 0.5487544273576311,
    "volatility": 0.5831479276609045,
    "duration": 30.0,
    "fps": 30.0,
    "width": 3840,
    "height": 2160,
    "n_segments": 9
  },
  "segments": [
    {
      "index": 0,
      "start_sec": 0.0,
      "end_sec": 2.0,
      "duration": 2.0,
      "frame_count": 60,
      "motion": 0.05851563823832002,
      "motion_p90": 0.0791483175986444,
      "motion_max": 0.07941921598886467,
      "texture": 3.2408313110079923,
      "edge": 0.009085648148148148,
      "noise": 0.058867942076176405,
      "entropy": 0.8653049468994141,
      "hf_energy": 1.808879181994843,
      "flatness": 0.754955150462963,
      "luma_mean": 0.41686213140734685,
      "difficulty": 0.4424897191016394
    },
    {
      "index": 1,
      "start_sec": 2.0,
      "end_sec": 10.0,
      "duration": 8.0,
      "frame_count": 240,
      "motion": 0.03032616951101428,
      "motion_p90": 0.06782385091382229,
      "motion_max": 0.19597261558944565,
      "texture": 4.579848880727425,
      "edge": 0.007229938271604938,
      "noise": 0.031250882311724126,
      "entropy": 0.8080466613173485,
      "hf_energy": 4.460491419751836,
      "flatness": 0.6780758101851851,
      "luma_mean": 0.3686938165698378,
      "difficulty": 0.4406218137248029
    },
    {
      "index": 2,
      "start_sec": 10.0,
      "end_sec": 12.0,
      "duration": 2.0,
      "frame_count": 60,
      "motion": 0.05051551058309126,
      "motion_p90": 0.10465225429678038,
      "motion_max": 0.31608848493100944,
      "texture": 3.32630063659975,
      "edge": 0.02587890625,
      "noise": 0.05959470570087433,
      "entropy": 0.6150627434253693,
      "hf_energy": 5.0,
      "flatness": 0.7980630304783951,
      "luma_mean": 0.10679040808067054,
      "difficulty": 0.46371116606545953
    },
    {
      "index": 3,
      "start_sec": 12.0,
      "end_sec": 16.8,
      "duration": 4.800000000000001,
      "frame_count": 144,
      "motion": 0.12049341960935608,
      "motion_p90": 0.1883634592108448,
      "motion_max": 0.38776236080852095,
      "texture": 3.1652063688102663,
      "edge": 0.01861352237654321,
      "noise": 0.1468064698856324,
      "entropy": 0.8758258894085884,
      "hf_energy": 2.546605307112057,
      "flatness": 0.6916141010802469,
      "luma_mean": 0.39962444493615346,
      "difficulty": 0.5487544273576311
    },
    {
      "index": 4,
      "start_sec": 16.8,
      "end_sec": 18.0,
      "duration": 1.1999999999999993,
      "frame_count": 36,
      "motion": 0.0815242885348584,
      "motion_p90": 0.11960649282861291,
      "motion_max": 0.14727153685548294,
      "texture": 3.210431792913901,
      "edge": 0.008549382716049382,
      "noise": 0.1090147087816149,
      "entropy": 0.8606790453195572,
      "hf_energy": 1.3426926689243257,
      "flatness": 0.8234382233796296,
      "luma_mean": 0.32318070306826435,
      "difficulty": 0.47794740726994395
    },
    {
      "index": 5,
      "start_sec": 18.0,
      "end_sec": 19.1,
      "duration": 1.1000000000000014,
      "frame_count": 33,
      "motion": 0.08236770474007504,
      "motion_p90": 0.10552657195594287,
      "motion_max": 0.14170892338416846,
      "texture": 2.9203824293834124,
      "edge": 0.003781828703703704,
      "noise": 0.1068344134837389,
      "entropy": 0.8392942994832993,
      "hf_energy": 0.7624688109196983,
      "flatness": 0.8229853877314814,
      "luma_mean": 0.2856836873638344,
      "difficulty": 0.44597663734943405
    },
    {
      "index": 6,
      "start_sec": 19.1,
      "end_sec": 20.0,
      "duration": 0.8999999999999986,
      "frame_count": 27,
      "motion": 0.07474232555676592,
      "motion_p90": 0.12332620203945775,
      "motion_max": 0.14776753510045995,
      "texture": 2.789780333228696,
      "edge": 0.0045377604166666665,
      "noise": 0.07267647120170295,
      "entropy": 0.8361398726701736,
      "hf_energy": 0.9146808779516719,
      "flatness": 0.8233950617283952,
      "luma_mean": 0.377045689224764,
      "difficulty": 0.4432985128869235
    },
    {
      "index": 7,
      "start_sec": 20.0,
      "end_sec": 22.0,
      "duration": 2.0,
      "frame_count": 60,
      "motion": 0.029716898526385864,
      "motion_p90": 0.061498263132413425,
      "motion_max": 0.16820975550714112,
      "texture": 4.659468862221335,
      "edge": 0.01860942322530864,
      "noise": 0.03270441177301109,
      "entropy": 0.8418796136975288,
      "hf_energy": 4.94914239197507,
      "flatness": 0.6085616801697531,
      "luma_mean": 0.4068707542816509,
      "difficulty": 0.4639862906205755
    },
    {
      "index": 8,
      "start_sec": 22.0,
      "end_sec": 30.0,
      "duration": 8.0,
      "frame_count": 240,
      "motion": 0.05836340134047446,
      "motion_p90": 0.120833051167998,
      "motion_max": 0.3631684897724522,
      "texture": 3.5420364091271455,
      "edge": 0.03200906635802469,
      "noise": 0.07194970548152924,
      "entropy": 0.643603578209877,
      "hf_energy": 5.0,
      "flatness": 0.7673191550925926,
      "luma_mean": 0.11721270670691115,
      "difficulty": 0.4933597234029441
    }
  ],
  "distributions": {
    "thresholds": {
      "high_complexity": 0.45,
      "low_complexity": 0.2
    },
    "metrics": {
      "motion_mean": {
        "mean": 0.06517392851559349,
        "max": 0.12049341960935608,
        "min": 0.029716898526385864,
        "p95": 0.10524313366164366,
        "variance": 0.0007213236822030769,
        "std": 0.026857469765468916
      },
      "motion_p90": {
        "mean": 0.1078642736827241,
        "max": 0.1883634592108448,
        "min": 0.061498263132413425,
        "p95": 0.16234855634228995,
        "variance": 0.0012909654934131073,
        "std": 0.0359300082579048
      },
      "motion_max": {
        "mean": 0.21637432421528283,
        "max": 0.38776236080852095,
        "min": 0.07941921598886467,
        "p95": 0.3779248123940934,
        "variance": 0.010823896205996419,
        "std": 0.10403795560273385
      },
      "texture": {
        "mean": 3.4926985582244363,
        "max": 4.659468862221335,
        "min": 2.789780333228696,
        "p95": 4.627620869623771,
        "variance": 0.4050415345965963,
        "std": 0.6364287348922865
      },
      "edge_density": {
        "mean": 0.014255052940672154,
        "max": 0.03200906635802469,
        "min": 0.003781828703703704,
        "p95": 0.029557002314814812,
        "variance": 8.900217880322555e-05,
        "std": 0.009434096607689872
      },
      "noise_level": {
        "mean": 0.07663330118844493,
        "max": 0.1468064698856324,
        "min": 0.031250882311724126,
        "p95": 0.1316897654440254,