{
  "video": "15f98cf3-18d9-4f27-8fea-082a8bc8c1e6.mp4",
  "path": "/root/workspace/raw videos/15f98cf3-18d9-4f27-8fea-082a8bc8c1e6.mp4",
  "extracted_at": "2026-07-21T16:41:36Z",
  "elapsed_sec": 138.251,
  "meta": {
    "path": "../raw videos/15f98cf3-18d9-4f27-8fea-082a8bc8c1e6.mp4",
    "width": 3840,
    "height": 2160,
    "fps": 30.0,
    "frame_count": 900,
    "duration": 30.0,
    "detail_scale": 0.25,
    "texture_compensation": 16.0,
    "scene_spans_provided": true,
    "scene_detect": {
      "detector": "content",
      "ok": true,
      "error": "",
      "detect_sec": 53.823,
      "n_scenes": 6
    },
    "samples_per_segment": 16,
    "si_ti_agg": "mean"
  },
  "cut_times_sec": [
    1.0,
    10.0,
    11.0,
    20.0,
    21.0
  ],
  "global": {
    "mean_motion": 0.033578484521251915,
    "mean_texture": 4.411170860598107,
    "mean_noise": 0.011126767793903126,
    "mean_edge": 0.06198432355967079,
    "mean_entropy": 0.9042802034566799,
    "mean_hf_energy": 4.514577488174363,
    "mean_flatness": 0.6317554317772633,
    "mean_luma": 0.44133561749198125,
    "mean_difficulty": 0.42281173964154156,
    "motion_p90": 0.06492396211571043,
    "motion_level": 0.3092737077815073,
    "texture_level": 0.5110744453843924,
    "noise_level_norm": 0.18818494920418205,
    "edge_level": 0.5661479337348995,
    "segment_count": 6,
    "cut_count": 5,
    "cut_rate": 0.16666666666666666,
    "hard_fraction": 0.3333333333333333,
    "worst_difficulty": 0.4921389279100019,
    "volatility": 0.4527310457686473,
    "duration": 30.0,
    "fps": 30.0,
    "width": 3840,
    "height": 2160,
    "n_segments": 6
  },
  "segments": [
    {
      "index": 0,
      "start_sec": 0.0,
      "end_sec": 1.0,
      "duration": 1.0,
      "frame_count": 30,
      "motion": 0.022981893760590656,
      "motion_p90": 0.02893610354635681,
      "motion_max": 0.03265059156378601,
      "texture": 4.4638481370801415,
      "edge": 0.08013811728395062,
      "noise": 0.0,
      "entropy": 0.8726803302764893,
      "hf_energy": 5.0,
      "flatness": 0.6311508487654321,
      "si": 97.87259084688468,
      "ti": 23.509112320036976,
      "luma_mean": 0.4250794768215929,
      "sat_mean": 0.304583681312031,
      "difficulty": 0.4065781683569915
    },
    {
      "index": 1,
      "start_sec": 1.0,
      "end_sec": 10.0,
      "duration": 9.0,
      "frame_count": 270,
      "motion": 0.04623060302438877,
      "motion_p90": 0.04674622896998305,
      "motion_max": 0.1876283057976277,
      "texture": 4.926542224280542,
      "edge": 0.09868248456790124,
      "noise": 0.004723970661871135,
      "entropy": 0.9229259751737118,
      "hf_energy": 5.0,
      "flatness": 0.5461857397762345,
      "si": 99.67962901839539,
      "ti": 39.875079615125735,
      "luma_mean": 0.4694638863357843,
      "sat_mean": 0.33456220781136525,
      "difficulty": 0.4607984843230103
    },
    {
      "index": 2,
      "start_sec": 10.0,
      "end_sec": 11.0,
      "duration": 1.0,
      "frame_count": 30,
      "motion": 0.020717926198257082,
      "motion_p90": 0.021066476034858322,
      "motion_max": 0.18086941721132896,
      "texture": 3.7705292597432987,
      "edge": 0.008479745370370374,
      "noise": 0.019186588656157254,
      "entropy": 0.9441033482551575,
      "hf_energy": 2.898933067888981,
      "flatness": 0.7060644290123457,
      "si": 43.0130739502399,
      "ti": 3.849506774875064,
      "luma_mean": 0.44011231390704425,
      "sat_mean": 0.17273703854998793,
      "difficulty": 0.3771316278974375
    },
    {
      "index": 3,
      "start_sec": 11.0,
      "end_sec": 20.0,
      "duration": 9.0,
      "frame_count": 270,
      "motion": 0.03899574293451948,
      "motion_p90": 0.03393341503267974,
      "motion_max": 0.18637248093681916,
      "texture": 4.44659030067438,
      "edge": 0.07861858603395062,
      "noise": 0.0127183822914958,
      "entropy": 0.8397463485598564,
      "hf_energy": 5.0,
      "flatness": 0.6371544656635802,
      "si": 97.392133660421,
      "ti": 44.380121621484555,
      "luma_mean": 0.40667062161477247,
      "sat_mean": 0.2788565112677015,
      "difficulty": 0.4379362790956899
    },
    {
      "index": 4,
      "start_sec": 20.0,
      "end_sec": 21.0,
      "duration": 1.0,
      "frame_count": 30,
      "motion": 0.06115710708666183,
      "motion_p90": 0.06492396211571043,
      "motion_max": 0.21849785917453401,
      "texture": 4.903680089286778,
      "edge": 0.09873302469135803,
      "noise": 0.010465411935001612,
      "entropy": 0.9353976726531983,
      "hf_energy": 5.0,
      "flatness": 0.5480106095679013,
      "si": 97.61906090195781,
      "ti": 29.795714787380007,
      "luma_mean": 0.48458839491043326,
      "sat_mean": 0.34937465807310575,
      "difficulty": 0.4921389279100019
    },
    {
      "index": 5,
      "start_sec": 21.0,
      "end_sec": 30.0,
      "duration": 9.0,
      "frame_count": 270,
      "motion": 0.015051166106874847,
      "motion_p90": 0.009308490680222707,
      "motion_max": 0.16100053709755507,
      "texture": 3.8709861785820765,
      "edge": 0.00849657600308642,
      "noise": 0.01635220629395917,
      "entropy": 0.9457970932126045,
      "hf_energy": 3.6153768419268815,
      "flatness": 0.713041690779321,
      "si": 43.03704371065119,
      "ti": 19.367965304925406,
      "luma_mean": 0.44500864084059544,
      "sat_mean": 0.17562596592456428,
      "difficulty": 0.36228695026611846
    }
  ],
  "distributions": {
    "thresholds": {
      "high_complexity": 0.45,
      "low_complexity": 0.2
    },
    "metrics": {
      "motion_mean": {
        "mean": 0.03418907318521545,
        "max": 0.06115710708666183,
        "min": 0.015051166106874847,
        "p95": 0.05742548107109357,
        "variance": 0.0002614515877658846,
        "std": 0.016169464671592703
      },
      "motion_p90": {
        "mean": 0.034152446063301846,
        "max": 0.06492396211571043,
        "min": 0.009308490680222707,
        "p95": 0.060379528829278585,
        "variance": 0.00032020208376207796,
        "std": 0.017894191341384442
      },
      "motion_max": {
        "mean": 0.1611698652969418,
        "max": 0.21849785917453401,
        "min": 0.03265059156378601,
        "p95": 0.21078047083030743,
        "variance": 0.0035878374215689256,
        "std": 0.05989855942816092
      },
      "texture": {
        "mean": 4.3970293649412024,
        "max": 4.926542224280542,
        "min": 3.7705292597432987,
        "p95": 4.920826690532101,
        "variance": 0.20220394584572823,
        "std": 0.4496709306211913
      },
      "edge_density": {
        "mean": 0.062191422325102885,
        "max": 0.09873302469135803,
        "min": 0.008479745370370374,
        "p95": 0.09872038966049383,
        "variance": 0.0015044837762331687,
        "std": 0.038787675571412744
      },
      "noise_level": {
        "mean": 0.010574426639747496,
        "max": 0.019186588656157254,
        "min": 0.0,
        "p95": 0.018477993065607733,
        "variance": 4.3034472713416406e-05,
        "std": 0.006560066517453646
      },
      "high_freq_energy": {
        "mean": 4.419051651635978,
        "max": 5.0,
        "min": 2.898933067888981,
        "p95": 5.0,
        "variance": 0.7177762737135781,
        "std": 0.8472167808262405
      },
      "flatness": {
        "mean": 0.6302679639274691,
        "max": 0.713041690779321,
        "min": 0.5461857397762345,
        "p95": 0.7112973753375772,
        "variance": 0.004413481688760073,
        "std": 0.06643404013576228
      },
      "entropy": {
        "mean": 0.9101084613551697,
        "max": 0.9457970932126045,
        "min": 0.8397463485598564,
        "p95": 0.9453736569732427,
        "variance": 0.0015974759268044337,
        "std": 0.03996843663197791
      },
      "difficulty": {
        "mean": 0.42281173964154156,
        "max": 0.4921389279100019,
        "min": 0.36228695026611846,
        "p95": 0.484303817013254,