{
  "video": "16.mp4",
  "path": "/root/terry/videos/16.mp4",
  "extracted_at": "2026-07-17T18:23:22Z",
  "elapsed_sec": 20.031,
  "meta": {
    "path": "/root/terry/videos/16.mp4",
    "width": 3840,
    "height": 2160,
    "fps": 30.0,
    "frame_count": 900,
    "duration": 30.0,
    "detail_scale": 0.25,
    "texture_compensation": 16.0,
    "scene_spans_provided": false
  },
  "cut_times_sec": [
    3.0,
    10.0,
    13.0,
    20.0,
    20.1,
    23.0
  ],
  "global": {
    "mean_motion": 0.06666472343258291,
    "mean_texture": 4.8592670670577345,
    "mean_noise": 0.05439107077157435,
    "mean_edge": 0.09975271829989711,
    "mean_entropy": 0.8532147192892928,
    "mean_hf_energy": 4.894485572398878,
    "mean_flatness": 0.5068757691936729,
    "mean_luma": 0.3290897776151356,
    "mean_difficulty": 0.5533398947766229,
    "motion_p90": 0.1999529298293391,
    "motion_level": 0.5796527947400335,
    "texture_level": 0.5352047727165766,
    "noise_level_norm": 0.5312091216715189,
    "edge_level": 0.67742530970966,
    "segment_count": 6,
    "cut_count": 5,
    "cut_rate": 0.16666666666666666,
    "hard_fraction": 0.9,
    "worst_difficulty": 0.6251364429507649,
    "volatility": 0.5484834443794995,
    "duration": 30.0,
    "fps": 30.0,
    "width": 3840,
    "height": 2160,
    "n_segments": 6
  },
  "segments": [
    {
      "index": 0,
      "start_sec": 0.0,
      "end_sec": 3.0,
      "duration": 3.0,
      "frame_count": 90,
      "motion": 0.008580993933067053,
      "motion_p90": 0.012139276204308883,
      "motion_max": 0.012933755446623093,
      "texture": 4.2875324792087905,
      "edge": 0.06027560763888889,
      "noise": 0.0,
      "entropy": 0.7472773343324661,
      "hf_energy": 5.0,
      "flatness": 0.6244089988425926,
      "luma_mean": 0.19290324773813844,
      "difficulty": 0.35695486916790453
    },
    {
      "index": 1,
      "start_sec": 3.0,
      "end_sec": 10.0,
      "duration": 7.0,
      "frame_count": 210,
      "motion": 0.08396489859446865,
      "motion_p90": 0.15009743100944076,
      "motion_max": 0.3494046387073348,
      "texture": 5.306278927251824,
      "edge": 0.1429764660493827,
      "noise": 0.04942000168375671,
      "entropy": 0.9507937803864479,
      "hf_energy": 5.0,
      "flatness": 0.40121286651234567,
      "luma_mean": 0.45830081056342287,
      "difficulty": 0.6123264031684923
    },
    {
      "index": 2,
      "start_sec": 10.0,
      "end_sec": 13.0,
      "duration": 3.0,
      "frame_count": 90,
      "motion": 0.05653477233871944,
      "motion_p90": 0.11189653156015487,
      "motion_max": 0.30963769365771,
      "texture": 5.161286133080791,
      "edge": 0.09273341049382716,
      "noise": 0.05378058867063373,
      "entropy": 0.9145773947238922,
      "hf_energy": 5.0,
      "flatness": 0.4807863136574074,
      "luma_mean": 0.34271251191448804,
      "difficulty": 0.5775111039571001
    },
    {
      "index": 3,
      "start_sec": 13.0,
      "end_sec": 20.1,
      "duration": 7.100000000000001,
      "frame_count": 213,
      "motion": 0.06561562254145485,
      "motion_p90": 0.1999529298293391,
      "motion_max": 0.29509275901718707,
      "texture": 3.8724256951544276,
      "edge": 0.053651861496913575,
      "noise": 0.07122294045984745,
      "entropy": 0.6791285891085863,
      "hf_energy": 4.554164390417795,
      "flatness": 0.6683010223765432,
      "luma_mean": 0.17912167056251513,
      "difficulty": 0.5494389634504963
    },
    {
      "index": 4,
      "start_sec": 20.1,
      "end_sec": 23.0,
      "duration": 2.8999999999999986,
      "frame_count": 87,
      "motion": 0.09693919166817962,
      "motion_p90": 0.16725674927378353,
      "motion_max": 0.4272016158315178,
      "texture": 5.336995241628517,
      "edge": 0.13809630594135802,
      "noise": 0.06250176404137164,
      "entropy": 0.9356216192245483,
      "hf_energy": 5.0,
      "flatness": 0.4020739293981481,
      "luma_mean": 0.4515325880159162,
      "difficulty": 0.6251364429507649
    },
    {
      "index": 5,
      "start_sec": 23.0,
      "end_sec": 30.0,
      "duration": 7.0,
      "frame_count": 210,
      "motion": 0.06712079115982814,
      "motion_p90": 0.12941843152384408,
      "motion_max": 0.3259949391793755,
      "texture": 5.330870721111626,
      "edge": 0.10733024691358026,
      "noise": 0.06250176462344825,
      "entropy": 0.9171721786260605,
      "hf_energy": 5.0,
      "flatness": 0.45303505979938274,
      "luma_mean": 0.3537902870446018,
      "difficulty": 0.5986715859649795
    }
  ],
  "distributions": {
    "thresholds": {
      "high_complexity": 0.45,
      "low_complexity": 0.2
    },
    "metrics": {
      "motion_mean": {
        "mean": 0.0631260450392863,
        "max": 0.09693919166817962,
        "min": 0.008580993933067053,
        "p95": 0.09369561839975188,
        "variance": 0.0007697250285235952,
        "std": 0.02774391876652603
      },
      "motion_p90": {
        "mean": 0.1284602249001452,
        "max": 0.1999529298293391,
        "min": 0.012139276204308883,
        "p95": 0.1917788846904502,
        "variance": 0.003481730508712927,
        "std": 0.059006190427046946
      },
      "motion_max": {
        "mean": 0.28671090030662466,
        "max": 0.4272016158315178,
        "min": 0.012933755446623093,
        "p95": 0.40775237155047206,
        "variance": 0.016793533358335066,
        "std": 0.1295898659553866
      },
      "texture": {
        "mean": 4.8825648662393295,
        "max": 5.336995241628517,
        "min": 3.8724256951544276,
        "p95": 5.335464111499294,
        "variance": 0.339858157042317,
        "std": 0.5829735474636195
      },
      "edge_density": {
        "mean": 0.09917731642232509,
        "max": 0.1429764660493827,
        "min": 0.053651861496913575,
        "p95": 0.14175642602237654,
        "variance": 0.0011878262408139162,
        "std": 0.03446485515440209
      },
      "noise_level": {
        "mean": 0.0499045099131763,
        "max": 0.07122294045984745,
        "min": 0.0,
        "p95": 0.06904264650074765,
        "variance": 0.0005462626605352908,
        "std": 0.02337226263191672
      },
      "high_freq_energy": {
        "mean": 4.925694065069632,
        "max": 5.0,
        "min": 4.554164390417795,
        "p95": 5.0,
        "variance": 0.027606859829380038,
        "std": 0.1661531216359778
      },
      "flatness": {
        "mean": 0.50496969843107,
        "max": 0.6683010223765432,
        "min": 0.40121286651234567,
        "p95": 0.6573280164930555,
        "variance": 0.010929655018029472,
        "std": 0.10454499040140312
      },
      "entropy": {
        "mean": 0.8574284827336669,
        "max": 0.9507937803864479,
        "min": 0.6791285891085863,
        "p95": 0.947000740095973,
        "variance": 0.010931780050240291,
        "std": 0.10455515315009725
      },
      "difficulty": {
        "mean": 0.5533398947766229,
        "max": 0.6251364429507649,
        "min": 0.35695486916790453,
        "p95": 0.6219339330051967,
        "variance": 0.008309276271629501,
        "std": 0.09115523172933905
      }
    },
    "high_complexity_ratio": 0.9,
    "low_complexity_ratio": 0.0,
    "high_complexity_segment_ratio": 0.8333333333333334,
    "low_complexity_segment_ratio": 0.0,
    "scene_complexity_histogram": {
      "bins": [
        0.0,
        0.2,
        0.4,
        0.6,
        0.8,
        1.0
      ],
      "counts": [
        0,
        1,
        3,
        2,
        0
      ],
      "fractions": [
        0.0,
        0.16666666666666666,
        0.5,
        0.3333333333333333,
        0.0
      ]
    },
    "worst_segment_index": 4
  },
  "summary_raw": {
    "segment_count": 6.0,
    "cut_count": 5.0,
    "cut_rate": 0.16666666666666666,
    "hard_fraction": 0.9,
    "worst_difficulty": 0.6251364429507649,
    "difficulty_mean": 0.5533398947766229,
    "difficulty_p90": 0.6187314230596286,