{
  "video": "17.mp4",
  "path": "/root/terry/videos/17.mp4",
  "extracted_at": "2026-07-17T18:23:42Z",
  "elapsed_sec": 20.117,
  "meta": {
    "path": "/root/terry/videos/17.mp4",
    "width": 3840,
    "height": 2160,
    "fps": 30.0,
    "frame_count": 900,
    "duration": 30.0,
    "detail_scale": 0.25,
    "texture_compensation": 16.0,
    "scene_spans_provided": false
  },
  "cut_times_sec": [
    2.0,
    10.0,
    12.0,
    20.0,
    22.0
  ],
  "global": {
    "mean_motion": 0.056740794450496256,
    "mean_texture": 5.037202387590081,
    "mean_noise": 0.04840252977252627,
    "mean_edge": 0.08432524755658435,
    "mean_entropy": 0.8549810285369555,
    "mean_hf_energy": 5.0,
    "mean_flatness": 0.5044382394547325,
    "mean_luma": 0.29316532587700717,
    "mean_difficulty": 0.5286791268787004,
    "motion_p90": 0.1307658300048414,
    "motion_level": 0.47419156319166034,
    "texture_level": 0.5441387340027046,
    "noise_level_norm": 0.5020877552356566,
    "edge_level": 0.6396744866372337,
    "segment_count": 6,
    "cut_count": 5,
    "cut_rate": 0.16666666666666666,
    "hard_fraction": 1.0,
    "worst_difficulty": 0.6230794198261261,
    "volatility": 0.48258469753634575,
    "duration": 30.0,
    "fps": 30.0,
    "width": 3840,
    "height": 2160,
    "n_segments": 6
  },
  "segments": [
    {
      "index": 0,
      "start_sec": 0.0,
      "end_sec": 2.0,
      "duration": 2.0,
      "frame_count": 60,
      "motion": 0.029999131944444445,
      "motion_p90": 0.04018032558702494,
      "motion_max": 0.040212372912127814,
      "texture": 5.7952807553687125,
      "edge": 0.172749324845679,
      "noise": 0.002180294191930443,
      "entropy": 0.9334163889288902,
      "hf_energy": 5.0,
      "flatness": 0.2530938946759259,
      "luma_mean": 0.3664394554889857,
      "difficulty": 0.48233236321194073
    },
    {
      "index": 1,
      "start_sec": 2.0,
      "end_sec": 10.0,
      "duration": 8.0,
      "frame_count": 240,
      "motion": 0.05672779839173323,
      "motion_p90": 0.10932536764705877,
      "motion_max": 0.28401543209876545,
      "texture": 4.468732764954907,
      "edge": 0.0631397087191358,
      "noise": 0.04723970592021942,
      "entropy": 0.7707014009356499,
      "hf_energy": 5.0,
      "flatness": 0.6018699363425926,
      "luma_mean": 0.20831447345527718,
      "difficulty": 0.5273596488077417
    },
    {
      "index": 2,
      "start_sec": 10.0,
      "end_sec": 12.0,
      "duration": 2.0,
      "frame_count": 60,
      "motion": 0.05496523333484629,
      "motion_p90": 0.11122986943234078,
      "motion_max": 0.3313030818809005,
      "texture": 4.809118118066495,
      "edge": 0.01771797839506173,
      "noise": 0.0581411796156317,
      "entropy": 0.8747072517871857,
      "hf_energy": 5.0,
      "flatness": 0.6585677083333333,
      "luma_mean": 0.30461136453038007,
      "difficulty": 0.5227110123523648
    },
    {
      "index": 3,
      "start_sec": 12.0,
      "end_sec": 20.0,
      "duration": 8.0,
      "frame_count": 240,
      "motion": 0.0715929509728274,
      "motion_p90": 0.1307658300048414,
      "motion_max": 0.29903659071653355,
      "texture": 5.786831557498486,
      "edge": 0.17580102237654321,
      "noise": 0.05814117821864784,
      "entropy": 0.9340191259980202,
      "hf_energy": 5.0,
      "flatness": 0.2434618537808642,
      "luma_mean": 0.37481096624606636,
      "difficulty": 0.6230794198261261
    },
    {
      "index": 4,
      "start_sec": 20.0,
      "end_sec": 22.0,
      "duration": 2.0,
      "frame_count": 60,
      "motion": 0.04316587331305979,
      "motion_p90": 0.09245967305131923,
      "motion_max": 0.27089510711692083,
      "texture": 4.454377682085518,
      "edge": 0.06199725115740741,
      "noise": 0.04360588267445564,
      "entropy": 0.734947681427002,
      "hf_energy": 5.0,
      "flatness": 0.6117985628858025,
      "luma_mean": 0.18005895874939482,
      "difficulty": 0.5077690712616687
    },
    {
      "index": 5,
      "start_sec": 22.0,
      "end_sec": 30.0,
      "duration": 8.0,
      "frame_count": 240,
      "motion": 0.052424670176712665,
      "motion_p90": 0.1057613849552166,
      "motion_max": 0.306290426046962,
      "texture": 4.869250492129228,
      "edge": 0.014162808641975309,
      "noise": 0.05014676338760182,
      "entropy": 0.8656904995441437,
      "hf_energy": 5.0,
      "flatness": 0.6654465663580247,
      "luma_mean": 0.3034670876452433,
      "difficulty": 0.5088232458123603
    }
  ],
  "distributions": {
    "thresholds": {
      "high_complexity": 0.45,
      "low_complexity": 0.2
    },
    "metrics": {
      "motion_mean": {
        "mean": 0.05147927635560396,
        "max": 0.0715929509728274,
        "min": 0.029999131944444445,
        "p95": 0.06787666282755386,
        "variance": 0.0001626103049635737,
        "std": 0.012751874566649944
      },
      "motion_p90": {
        "mean": 0.09828707511296697,
        "max": 0.1307658300048414,
        "min": 0.04018032558702494,
        "p95": 0.12588183986171625,
        "variance": 0.0008017412681774783,
        "std": 0.028315036079395665
      },
      "motion_max": {
        "mean": 0.255292168462035,
        "max": 0.3313030818809005,
        "min": 0.040212372912127814,
        "p95": 0.3250499179224159,
        "variance": 0.009603308622708638,
        "std": 0.09799647250135404
      },
      "texture": {
        "mean": 5.030598561683891,
        "max": 5.7952807553687125,
        "min": 4.454377682085518,
        "p95": 5.793168455901156,
        "variance": 0.3132396105617236,
        "std": 0.5596781312162586
      },
      "edge_density": {
        "mean": 0.08426134902263376,
        "max": 0.17580102237654321,
        "min": 0.014162808641975309,
        "p95": 0.17503809799382716,
        "variance": 0.004415545490640038,
        "std": 0.06644957103428162
      },
      "noise_level": {
        "mean": 0.04324250066808114,
        "max": 0.0581411796156317,
        "min": 0.002180294191930443,
        "p95": 0.058141179266385734,
        "variance": 0.00036563742797307005,
        "std": 0.019121648150017562
      },
      "high_freq_energy": {
        "mean": 5.0,
        "max": 5.0,
        "min": 5.0,
        "p95": 5.0,
        "variance": 0.0,
        "std": 0.0
      },
      "flatness": {
        "mean": 0.5057064203960905,
        "max": 0.6654465663580247,
        "min": 0.2434618537808642,
        "p95": 0.6637268518518519,
        "variance": 0.03366195882482531,
        "std": 0.18347195650786882
      },
      "entropy": {
        "mean": 0.8522470581034819,
        "max": 0.9340191259980202,
        "min": 0.734947681427002,
        "p95": 0.9338684417307377,
        "variance": 0.005728192624015978,
        "std": 0.07568482426494745
      },
      "difficulty": {
        "mean": 0.5286791268787004,
        "max": 0.6230794198261261,
        "min": 0.48233236321194073,
        "p95": 0.59914947707153,
        "variance": 0.001988047277191579,
        "std": 0.044587523784031545
      }
    },
    "high_complexity_ratio": 1.0,
    "low_complexity_ratio": 0.0,
    "high_complexity_segment_ratio": 1.0,
    "low_complexity_segment_ratio": 0.0,
    "scene_complexity_histogram": {
      "bins": [
        0.0,
        0.2,
        0.4,
        0.6,
        0.8,
        1.0
      ],
      "counts": [
        0,
        0,
        5,
        1,
        0
      ],
      "fractions": [
        0.0,
        0.0,
        0.8333333333333334,
        0.16666666666666666,
        0.0
      ]
    },
    "worst_segment_index": 3
  },
  "summary_raw": {
    "segment_count": 6.0,
    "cut_count": 5.0,
    "cut_rate": 0.16666666666666666,
    "hard_fraction": 1.0,
    "worst_difficulty": 0.6230794198261261,
    "difficulty_mean": 0.5286791268787004,
    "difficulty_p90": 0.575219534316934,
    "duration_weighted_difficulty": 0.5433241136407259,
    "motion_mean": 0.056740794450496256,
    "motion_std": 0.012751874566649944,