{
  "video": "175f3a0b-8275-4276-b9e6-d65e64c3d6f7.mp4",
  "path": "/root/workspace/raw videos/175f3a0b-8275-4276-b9e6-d65e64c3d6f7.mp4",
  "extracted_at": "2026-07-21T16:41:46Z",
  "elapsed_sec": 148.897,
  "meta": {
    "path": "../raw videos/175f3a0b-8275-4276-b9e6-d65e64c3d6f7.mp4",
    "width": 3840,
    "height": 2160,
    "fps": 30.0,
    "frame_count": 899,
    "duration": 29.966666666666665,
    "detail_scale": 0.25,
    "texture_compensation": 16.0,
    "scene_spans_provided": true,
    "scene_detect": {
      "detector": "content",
      "ok": true,
      "error": "",
      "detect_sec": 55.174,
      "n_scenes": 6
    },
    "samples_per_segment": 16,
    "si_ti_agg": "mean"
  },
  "cut_times_sec": [
    6.0,
    9.966667,
    15.966667,
    19.966667,
    25.966667
  ],
  "global": {
    "mean_motion": 0.03714863734909114,
    "mean_texture": 4.1243511940387325,
    "mean_noise": 0.02555115618618688,
    "mean_edge": 0.05106903372467178,
    "mean_entropy": 0.7793743497090158,
    "mean_hf_energy": 4.266519050833221,
    "mean_flatness": 0.6923380100349412,
    "mean_luma": 0.3770262191817464,
    "mean_difficulty": 0.3978653045514943,
    "motion_p90": 0.05608817477608327,
    "motion_level": 0.2789232874510839,
    "texture_level": 0.49426864930915176,
    "noise_level_norm": 0.34739299164117643,
    "edge_level": 0.5181042341078487,
    "segment_count": 6,
    "cut_count": 5,
    "cut_rate": 0.16685205784204674,
    "hard_fraction": 0.3337041156840934,
    "worst_difficulty": 0.5102230120803143,
    "volatility": 0.4632155569648162,
    "duration": 29.966666666666665,
    "fps": 30.0,
    "width": 3840,
    "height": 2160,
    "n_segments": 6
  },
  "segments": [
    {
      "index": 0,
      "start_sec": 0.0,
      "end_sec": 6.0,
      "duration": 6.0,
      "frame_count": 180,
      "motion": 0.044801081948983294,
      "motion_p90": 0.05608817477608327,
      "motion_max": 0.062347025538610504,
      "texture": 6.023372089831099,
      "edge": 0.14215181327160492,
      "noise": 0.0,
      "entropy": 0.8912030197679996,
      "hf_energy": 5.0,
      "flatness": 0.36906527295524694,
      "si": 91.16052950108187,
      "ti": 35.33680006192825,
      "luma_mean": 0.48083944423641367,
      "sat_mean": 0.18198226396075406,
      "difficulty": 0.47756742112970035
    },
    {
      "index": 1,
      "start_sec": 6.0,
      "end_sec": 9.966666666666667,
      "duration": 3.966666666666667,
      "frame_count": 119,
      "motion": 0.02356446352653716,
      "motion_p90": 0.003928573589929799,
      "motion_max": 0.333361542302106,
      "texture": 3.6629439585134342,
      "edge": 0.010336250964506175,
      "noise": 0.0316142663359642,
      "entropy": 0.9024836346507072,
      "hf_energy": 2.6391113318226234,
      "flatness": 0.8503757957175926,
      "si": 37.13269045347795,
      "ti": 9.093837908024899,
      "luma_mean": 0.45217336714778505,
      "sat_mean": 0.2912975662294239,
      "difficulty": 0.35441005381920776
    },
    {
      "index": 2,
      "start_sec": 9.966666666666667,
      "end_sec": 15.966666666666667,
      "duration": 6.0,
      "frame_count": 180,
      "motion": 0.036510309814512226,
      "motion_p90": 0.020190419995158557,
      "motion_max": 0.34552823922778986,
      "texture": 2.734062620310051,
      "edge": 0.0188524787808642,
      "noise": 0.03415794298052788,
      "entropy": 0.5564276501536369,
      "hf_energy": 5.0,
      "flatness": 0.8201244212962963,
      "si": 66.40443314090528,
      "ti": 36.465565466368425,
      "luma_mean": 0.18314257245143428,
      "sat_mean": 0.21777536603954856,
      "difficulty": 0.3424728972737241
    },
    {
      "index": 3,
      "start_sec": 15.966666666666667,
      "end_sec": 19.966666666666665,
      "duration": 3.9999999999999982,
      "frame_count": 120,
      "motion": 0.059810136959876546,
      "motion_p90": 0.047386570291696926,
      "motion_max": 0.4175530137981118,
      "texture": 5.679130998226864,
      "edge": 0.09639720775462962,
      "noise": 0.03379455953836441,
      "entropy": 0.8541821390390396,
      "hf_energy": 5.0,
      "flatness": 0.4647309027777778,
      "si": 81.96879695613939,
      "ti": 30.484803742390106,
      "luma_mean": 0.510467870597313,
      "sat_mean": 0.16452569368796902,
      "difficulty": 0.5102230120803143
    },
    {
      "index": 4,
      "start_sec": 19.966666666666665,
      "end_sec": 25.966666666666665,
      "duration": 6.0,
      "frame_count": 180,
      "motion": 0.02604385193506415,
      "motion_p90": 0.010120200163398693,
      "motion_max": 0.31319071502057616,
      "texture": 3.8278743557264354,
      "edge": 0.010616319444444444,
      "noise": 0.029433971678372473,
      "entropy": 0.9095750786364079,
      "hf_energy": 2.8974798789565215,
      "flatness": 0.8501261091820989,
      "si": 38.94426860787061,
      "ti": 20.031608429142956,
      "luma_mean": 0.45848188288625635,
      "sat_mean": 0.30218528069020817,
      "difficulty": 0.36738789707574365
    },
    {
      "index": 5,
      "start_sec": 25.966666666666665,
      "end_sec": 29.966666666666665,
      "duration": 4.0,
      "frame_count": 120,
      "motion": 0.0340941126354091,
      "motion_p90": 0.018306833999031713,
      "motion_max": 0.3313676621883321,
      "texture": 2.708750339452775,
      "edge": 0.01851393711419753,
      "noise": 0.030887499451637268,
      "entropy": 0.5538591369986534,
      "hf_energy": 5.0,
      "flatness": 0.8197716531635802,
      "si": 66.27541876540957,
      "ti": 28.16710361375069,
      "luma_mean": 0.18198578298989349,
      "sat_mean": 0.2150351964377572,
      "difficulty": 0.33513054593027536
    }
  ],
  "distributions": {
    "thresholds": {
      "high_complexity": 0.45,
      "low_complexity": 0.2
    },
    "metrics": {
      "motion_mean": {
        "mean": 0.03747065947006375,
        "max": 0.059810136959876546,
        "min": 0.02356446352653716,
        "p95": 0.05605787320715323,
        "variance": 0.00014817748404775247,
        "std": 0.012172817424399024
      },
      "motion_p90": {
        "mean": 0.02600346213588316,
        "max": 0.05608817477608327,
        "min": 0.003928573589929799,
        "p95": 0.05391277365498669,
        "variance": 0.00036582258464271556,
        "std": 0.019126489083015615
      },
      "motion_max": {
        "mean": 0.30055803301258777,
        "max": 0.4175530137981118,
        "min": 0.062347025538610504,
        "p95": 0.39954682015553133,
        "variance": 0.012439919530696592,
        "std": 0.11153438721173212
      },
      "texture": {
        "mean": 4.106022393676777,
        "max": 6.023372089831099,
        "min": 2.708750339452775,
        "p95": 5.93731181693004,
        "variance": 1.7098713638378091,
        "std": 1.307620496871248
      },
      "edge_density": {
        "mean": 0.04947800122170782,
        "max": 0.14215181327160492,
        "min": 0.010336250964506175,
        "p95": 0.1307131618923611,
        "variance": 0.0026214750326869463,
        "std": 0.05120034211494046
      },
      "noise_level": {
        "mean": 0.026648039997477706,
        "max": 0.03415794298052788,
        "min": 0.0,
        "p95": 0.03406709711998701,
        "variance": 0.00014466454265157097,
        "std": 0.012027657404980031
      },
      "high_freq_energy": {
        "mean": 4.2560985351298575,
        "max": 5.0,
        "min": 2.6391113318226234,
        "p95": 5.0,
        "variance": 1.1123416377175612,
        "std": 1.0546760818931855
      },
      "flatness": {
        "mean": 0.6956990258487655,
        "max": 0.8503757957175926,
        "min": 0.36906527295524694,
        "p95": 0.8503133740837192,
        "variance": 0.03978070091486812,
        "std": 0.19945099878132502
      },
      "entropy": {
        "mean": 0.7779551098744074,
        "max": 0.9095750786364079,
        "min": 0.5538591369986534,
        "p95": 0.9078022176399827,
        "variance": 0.025126706533312105,