{
  "video": "17a03df7-0cba-4013-9394-0bdf58f1c2b8.mp4",
  "path": "/root/workspace/raw videos/17a03df7-0cba-4013-9394-0bdf58f1c2b8.mp4",
  "extracted_at": "2026-07-21T16:46:14Z",
  "elapsed_sec": 160.153,
  "meta": {
    "path": "../raw videos/17a03df7-0cba-4013-9394-0bdf58f1c2b8.mp4",
    "width": 3840,
    "height": 2160,
    "fps": 30.0,
    "frame_count": 898,
    "duration": 29.933333333333334,
    "detail_scale": 0.25,
    "texture_compensation": 16.0,
    "scene_spans_provided": true,
    "scene_detect": {
      "detector": "content",
      "ok": true,
      "error": "",
      "detect_sec": 43.896,
      "n_scenes": 6
    },
    "samples_per_segment": 16,
    "si_ti_agg": "mean"
  },
  "cut_times_sec": [
    2.0,
    9.966667,
    11.966667,
    19.933333,
    21.933333
  ],
  "global": {
    "mean_motion": 0.02989038561880482,
    "mean_texture": 4.382842010085512,
    "mean_noise": 0.011026914812907584,
    "mean_edge": 0.062120287184398104,
    "mean_entropy": 0.9044635260108451,
    "mean_hf_energy": 4.41860326142804,
    "mean_flatness": 0.6323216722872242,
    "mean_luma": 0.4436256379286536,
    "mean_difficulty": 0.4093624170778609,
    "motion_p90": 0.042939962327523604,
    "motion_level": 0.22847701891464675,
    "texture_level": 0.509464431050495,
    "noise_level_norm": 0.1868116408905772,
    "edge_level": 0.5666860467159903,
    "segment_count": 6,
    "cut_count": 5,
    "cut_rate": 0.16703786191536749,
    "hard_fraction": 0.2661469933184855,
    "worst_difficulty": 0.4593411425290892,
    "volatility": 0.4085437886170973,
    "duration": 29.933333333333334,
    "fps": 30.0,
    "width": 3840,
    "height": 2160,
    "n_segments": 6
  },
  "segments": [
    {
      "index": 0,
      "start_sec": 0.0,
      "end_sec": 2.0,
      "duration": 2.0,
      "frame_count": 60,
      "motion": 0.024592223810820622,
      "motion_p90": 0.03161384955216655,
      "motion_max": 0.03321977880658436,
      "texture": 4.46622030213193,
      "edge": 0.08263635706018518,
      "noise": 0.0,
      "entropy": 0.8429979272186756,
      "hf_energy": 5.0,
      "flatness": 0.6335387731481481,
      "si": 101.82558468093309,
      "ti": 26.438085985740933,
      "luma_mean": 0.41521205992041876,
      "sat_mean": 0.30240426094241707,
      "difficulty": 0.40590719028162386
    },
    {
      "index": 1,
      "start_sec": 2.0,
      "end_sec": 9.966666666666667,
      "duration": 7.966666666666667,
      "frame_count": 239,
      "motion": 0.040775248785856935,
      "motion_p90": 0.042939962327523604,
      "motion_max": 0.2090143276446381,
      "texture": 4.846389947207241,
      "edge": 0.09565140335648148,
      "noise": 0.006177500239573419,
      "entropy": 0.9263238348066807,
      "hf_energy": 5.0,
      "flatness": 0.552150245949074,
      "si": 95.1541241994284,
      "ti": 33.548156375785304,
      "luma_mean": 0.4716889784366679,
      "sat_mean": 0.3251568187749637,
      "difficulty": 0.4593411425290892
    },
    {
      "index": 2,
      "start_sec": 9.966666666666667,
      "end_sec": 11.966666666666667,
      "duration": 2.0,
      "frame_count": 60,
      "motion": 0.014645929311153473,
      "motion_p90": 0.004960538459210845,
      "motion_max": 0.18280936819172114,
      "texture": 3.7971924921328744,
      "edge": 0.008414351851851853,
      "noise": 0.014898677269229665,
      "entropy": 0.9441231787204742,
      "hf_energy": 2.889379101219252,
      "flatness": 0.7062260079089506,
      "si": 42.366430634449216,
      "ti": 5.724680619802587,
      "luma_mean": 0.4396747046909041,
      "sat_mean": 0.1709120408194142,
      "difficulty": 0.34655212113974293
    },
    {
      "index": 3,
      "start_sec": 11.966666666666667,
      "end_sec": 19.933333333333334,
      "duration": 7.966666666666667,
      "frame_count": 239,
      "motion": 0.03783993452705156,
      "motion_p90": 0.034055827886710244,
      "motion_max": 0.2282687832849189,
      "texture": 4.4649377592119635,
      "edge": 0.08282347125771605,
      "noise": 0.011991618201136589,
      "entropy": 0.8396479524672031,
      "hf_energy": 5.0,
      "flatness": 0.6328838734567901,
      "si": 105.63682574662175,
      "ti": 40.229202094270434,
      "luma_mean": 0.41330379344060153,
      "sat_mean": 0.30049750930464775,
      "difficulty": 0.4382579472496856
    },
    {
      "index": 4,
      "start_sec": 19.933333333333334,
      "end_sec": 21.933333333333334,
      "duration": 2.0,
      "frame_count": 60,
      "motion": 0.0333845571214597,
      "motion_p90": 0.024827920751633988,
      "motion_max": 0.23435794147906075,
      "texture": 4.844423446800674,
      "edge": 0.09412422839506171,
      "noise": 0.007994411833351478,
      "entropy": 0.9291467443108559,
      "hf_energy": 5.0,
      "flatness": 0.5517234519675926,
      "si": 92.20470389486313,
      "ti": 19.296947006262464,
      "luma_mean": 0.4747489962516642,
      "sat_mean": 0.328315780266582,
      "difficulty": 0.4431495417912247
    },
    {
      "index": 5,
      "start_sec": 21.933333333333334,
      "end_sec": 29.933333333333334,
      "duration": 8.0,
      "frame_count": 240,
      "motion": 0.015396561913731541,
      "motion_p90": 0.00992984446865166,
      "motion_max": 0.15994464869281044,
      "texture": 3.849644286494465,
      "edge": 0.008408444251543211,
      "noise": 0.017442353535443544,
      "entropy": 0.9465204924345016,
      "hf_energy": 3.3522624278717723,
      "flatness": 0.7129683883101852,
      "si": 42.13246397185081,
      "ti": 18.936211934012512,
      "luma_mean": 0.44618501970618496,
      "sat_mean": 0.1772617480634229,
      "difficulty": 0.362966559475799
    }
  ],
  "distributions": {
    "thresholds": {
      "high_complexity": 0.45,
      "low_complexity": 0.2
    },
    "metrics": {
      "motion_mean": {
        "mean": 0.0277724092450123,
        "max": 0.040775248785856935,
        "min": 0.014645929311153473,
        "p95": 0.04004142022115559,
        "variance": 0.00010625079287226298,
        "std": 0.010307802523926378
      },
      "motion_p90": {
        "mean": 0.024721323907649483,
        "max": 0.042939962327523604,
        "min": 0.004960538459210845,
        "p95": 0.04071892871732026,
        "variance": 0.00017930775476503448,
        "std": 0.013390584556509641
      },
      "motion_max": {
        "mean": 0.17460247468328896,
        "max": 0.23435794147906075,
        "min": 0.03321977880658436,
        "p95": 0.2328356519305253,
        "variance": 0.004651039295388353,
        "std": 0.06819852854269183
      },
      "texture": {
        "mean": 4.378134705663192,
        "max": 4.846389947207241,
        "min": 3.7971924921328744,
        "p95": 4.845898322105599,
        "variance": 0.17812966372838987,
        "std": 0.42205410047574454
      },
      "edge_density": {
        "mean": 0.06200970936213992,
        "max": 0.09565140335648148,
        "min": 0.008408444251543211,
        "p95": 0.09526960961612654,
        "variance": 0.0014612225258569817,
        "std": 0.03822594048361638
      },
      "noise_level": {
        "mean": 0.009750760179789117,
        "max": 0.017442353535443544,
        "min": 0.0,
        "p95": 0.016806434468890075,
        "variance": 3.3602228929747386e-05,
        "std": 0.005796742958743935
      },
      "high_freq_energy": {
        "mean": 4.3736069215151705,
        "max": 5.0,
        "min": 2.889379101219252,
        "p95": 5.0,
        "variance": 0.8025916587218115,
        "std": 0.895874800807463
      },
      "flatness": {
        "mean": 0.6315817901234567,
        "max": 0.7129683883101852,
        "min": 0.5517234519675926,
        "p95": 0.7112827932098765,
        "variance": 0.00414796453328756,
        "std": 0.06440469341039952
      },
      "entropy": {
        "mean": 0.9047933549930652,
        "max": 0.9465204924345016,
        "min": 0.8396479524672031,
        "p95": 0.9459211640059948,
        "variance": 0.002067872754971729,