{
  "video": "18.mp4",
  "path": "/root/terry/videos/18.mp4",
  "extracted_at": "2026-07-17T18:24:00Z",
  "elapsed_sec": 18.388,
  "meta": {
    "path": "/root/terry/videos/18.mp4",
    "width": 3840,
    "height": 2160,
    "fps": 30.0,
    "frame_count": 900,
    "duration": 30.0,
    "detail_scale": 0.25,
    "texture_compensation": 16.0,
    "scene_spans_provided": false
  },
  "cut_times_sec": [
    2.0,
    10.0,
    12.0,
    20.0,
    22.0
  ],
  "global": {
    "mean_motion": 0.05137585506939401,
    "mean_texture": 3.8561897016259965,
    "mean_noise": 0.05479805918488031,
    "mean_edge": 0.03505393197016461,
    "mean_entropy": 0.7906656568249066,
    "mean_hf_energy": 4.356900946491264,
    "mean_flatness": 0.7128709169238682,
    "mean_luma": 0.24951621832889534,
    "mean_difficulty": 0.47869891857466024,
    "motion_p90": 0.14363235748002898,
    "motion_level": 0.49763082259398855,
    "texture_level": 0.4774763649805826,
    "noise_level_norm": 0.533065114452473,
    "edge_level": 0.42461856308471496,
    "segment_count": 6,
    "cut_count": 5,
    "cut_rate": 0.16666666666666666,
    "hard_fraction": 0.9333333333333333,
    "worst_difficulty": 0.5508797978557115,
    "volatility": 0.4902002754401959,
    "duration": 30.0,
    "fps": 30.0,
    "width": 3840,
    "height": 2160,
    "n_segments": 6
  },
  "segments": [
    {
      "index": 0,
      "start_sec": 0.0,
      "end_sec": 2.0,
      "duration": 2.0,
      "frame_count": 60,
      "motion": 0.009282466979847494,
      "motion_p90": 0.011754628116678769,
      "motion_max": 0.01202551591624304,
      "texture": 3.1218267026972235,
      "edge": 0.011106770833333333,
      "noise": 0.006540882575791329,
      "entropy": 0.7235491126775742,
      "hf_energy": 3.889626075117185,
      "flatness": 0.8818130304783951,
      "luma_mean": 0.11240685234356088,
      "difficulty": 0.2989750276184888
    },
    {
      "index": 1,
      "start_sec": 2.0,
      "end_sec": 10.0,
      "duration": 8.0,
      "frame_count": 240,
      "motion": 0.055057562106632776,
      "motion_p90": 0.11078987381989829,
      "motion_max": 0.2898657936940208,
      "texture": 3.8586395430596196,
      "edge": 0.016925154320987654,
      "noise": 0.0494199997629039,
      "entropy": 0.9198459684848785,
      "hf_energy": 3.3267193569665325,
      "flatness": 0.6584001253858024,
      "luma_mean": 0.3944600051440329,
      "difficulty": 0.5012305864986122
    },
    {
      "index": 2,
      "start_sec": 10.0,
      "end_sec": 12.0,
      "duration": 2.0,
      "frame_count": 60,
      "motion": 0.06633714218712176,
      "motion_p90": 0.14363235748002898,
      "motion_max": 0.4219450647542968,
      "texture": 4.472624437826488,
      "edge": 0.0715745563271605,
      "noise": 0.09011882543563843,
      "entropy": 0.6488079950213432,
      "hf_energy": 5.0,
      "flatness": 0.6357069830246913,
      "luma_mean": 0.13122065726367707,
      "difficulty": 0.5508797978557115
    },
    {
      "index": 3,
      "start_sec": 12.0,
      "end_sec": 20.0,
      "duration": 8.0,
      "frame_count": 240,
      "motion": 0.049477259402989596,
      "motion_p90": 0.1092676190692326,
      "motion_max": 0.24167701525054466,
      "texture": 3.3722307155832048,
      "edge": 0.020541811342592593,
      "noise": 0.054507351538632065,
      "entropy": 0.8253522887825966,
      "hf_energy": 4.722914683639816,
      "flatness": 0.8287186535493827,
      "luma_mean": 0.2492920373396272,
      "difficulty": 0.4872105321783709
    },
    {
      "index": 4,
      "start_sec": 20.0,
      "end_sec": 22.0,
      "duration": 2.0,
      "frame_count": 60,
      "motion": 0.05189547873547567,
      "motion_p90": 0.11157442659162425,
      "motion_max": 0.31708638192931493,
      "texture": 3.7714974408298536,
      "edge": 0.019148099922839504,
      "noise": 0.04796647105831653,
      "entropy": 0.9030102491378784,
      "hf_energy": 4.265351959826383,
      "flatness": 0.6293082079475308,
      "luma_mean": 0.38367775470527715,
      "difficulty": 0.5068785357705918
    },
    {
      "index": 5,
      "start_sec": 22.0,
      "end_sec": 30.0,
      "duration": 8.0,
      "frame_count": 240,
      "motion": 0.05624586302499395,
      "motion_p90": 0.12206923943960295,
      "motion_max": 0.3613329324013556,
      "texture": 4.388353977116272,
      "edge": 0.0685279224537037,
      "noise": 0.06540882587432861,
      "entropy": 0.6509561166167259,
      "hf_energy": 5.0,
      "flatness": 0.6494401041666666,
      "luma_mean": 0.13510746017156863,
      "difficulty": 0.5270190315261865
    }
  ],
  "distributions": {
    "thresholds": {
      "high_complexity": 0.45,
      "low_complexity": 0.2
    },
    "metrics": {
      "motion_mean": {
        "mean": 0.04804929540617688,
        "max": 0.06633714218712176,
        "min": 0.009282466979847494,
        "p95": 0.06381432239658981,
        "variance": 0.00032840734272885085,
        "std": 0.018122012656679468
      },
      "motion_p90": {
        "mean": 0.1015146907528443,
        "max": 0.14363235748002898,
        "min": 0.011754628116678769,
        "p95": 0.13824157796992248,
        "variance": 0.0017500985617098907,
        "std": 0.04183417934787165
      },
      "motion_max": {
        "mean": 0.27398878399096266,
        "max": 0.4219450647542968,
        "min": 0.01202551591624304,
        "p95": 0.4067920316660615,
        "variance": 0.016883057980590636,
        "std": 0.12993482204778917
      },
      "texture": {
        "mean": 3.830862136185443,
        "max": 4.472624437826488,
        "min": 3.1218267026972235,
        "p95": 4.451556822648934,
        "variance": 0.24000429696747094,
        "std": 0.48990233411106643
      },
      "edge_density": {
        "mean": 0.034637385866769545,
        "max": 0.0715745563271605,
        "min": 0.011106770833333333,
        "p95": 0.0708128978587963,
        "variance": 0.0006364898703621536,
        "std": 0.025228750868050397
      },
      "noise_level": {
        "mean": 0.05232705937426848,
        "max": 0.09011882543563843,
        "min": 0.006540882575791329,
        "p95": 0.08394132554531097,
        "variance": 0.0006213239304313409,
        "std": 0.024926370181623737
      },
      "high_freq_energy": {
        "mean": 4.367435345924986,
        "max": 5.0,
        "min": 3.3267193569665325,
        "p95": 5.0,
        "variance": 0.37474235489554486,
        "std": 0.6121620332032565
      },
      "flatness": {
        "mean": 0.7138978507587449,
        "max": 0.8818130304783951,
        "min": 0.6293082079475308,
        "p95": 0.868539436246142,
        "variance": 0.010313890403166855,
        "std": 0.10155732569916784
      },
      "entropy": {
        "mean": 0.7785869551201662,
        "max": 0.9198459684848785,
        "min": 0.6488079950213432,
        "p95": 0.9156370386481285,
        "variance": 0.012297272484284534,
        "std": 0.1108930677918351
      },
      "difficulty": {
        "mean": 0.47869891857466024,
        "max": 0.5508797978557115,
        "min": 0.2989750276184888,
        "p95": 0.5449146062733302,
        "variance": 0.0068699673467905184,
        "std": 0.08288526616227107
      }
    },
    "high_complexity_ratio": 0.9333333333333333,
    "low_complexity_ratio": 0.0,
    "high_complexity_segment_ratio": 0.8333333333333334,
    "low_complexity_segment_ratio": 0.0,
    "scene_complexity_histogram": {
      "bins": [
        0.0,
        0.2,
        0.4,
        0.6,
        0.8,
        1.0
      ],
      "counts": [
        0,
        1,
        5,
        0,
        0
      ],
      "fractions": [
        0.0,
        0.16666666666666666,
        0.8333333333333334,
        0.0,
        0.0
      ]
    },
    "worst_segment_index": 2
  },
  "summary_raw": {
    "segment_count": 6.0,
    "cut_count": 5.0,
    "cut_rate": 0.16666666666666666,
    "hard_fraction": 0.9333333333333333,
    "worst_difficulty": 0.5508797978557115,