{
  "video": "19.mp4",
  "path": "/root/terry/videos/19.mp4",
  "extracted_at": "2026-07-17T18:24:20Z",
  "elapsed_sec": 19.357,
  "meta": {
    "path": "/root/terry/videos/19.mp4",
    "width": 3840,
    "height": 2160,
    "fps": 30.0,
    "frame_count": 900,
    "duration": 30.0,
    "detail_scale": 0.25,
    "texture_compensation": 16.0,
    "scene_spans_provided": false
  },
  "cut_times_sec": [
    4.0,
    10.0,
    14.0,
    20.0,
    24.0
  ],
  "global": {
    "mean_motion": 0.06021927013989753,
    "mean_texture": 4.570762043487123,
    "mean_noise": 0.05726905942816909,
    "mean_edge": 0.056167534722222225,
    "mean_entropy": 0.9046048209071159,
    "mean_hf_energy": 3.82019032929159,
    "mean_flatness": 0.557770752957819,
    "mean_luma": 0.4205794016153272,
    "mean_difficulty": 0.5204481131948497,
    "motion_p90": 0.14456619084362138,
    "motion_level": 0.4992509326535762,
    "texture_level": 0.5199506050642672,
    "noise_level_norm": 0.5440255640095933,
    "edge_level": 0.541804479799037,
    "segment_count": 6,
    "cut_count": 5,
    "cut_rate": 0.16666666666666666,
    "hard_fraction": 0.8666666666666667,
    "worst_difficulty": 0.6264268703061294,
    "volatility": 0.5382659716109943,
    "duration": 30.0,
    "fps": 30.0,
    "width": 3840,
    "height": 2160,
    "n_segments": 6
  },
  "segments": [
    {
      "index": 0,
      "start_sec": 0.0,
      "end_sec": 4.0,
      "duration": 4.0,
      "frame_count": 120,
      "motion": 0.015310186130779474,
      "motion_p90": 0.027003844408133623,
      "motion_max": 0.027412506051803436,
      "texture": 3.831213572357833,
      "edge": 0.020143952546296296,
      "noise": 0.006540882575791329,
      "entropy": 0.906838558614254,
      "hf_energy": 3.9366903009187966,
      "flatness": 0.6249956597222223,
      "luma_mean": 0.388842324043815,
      "difficulty": 0.38106452214342645
    },
    {
      "index": 1,
      "start_sec": 4.0,
      "end_sec": 10.0,
      "duration": 6.0,
      "frame_count": 180,
      "motion": 0.07868570337085452,
      "motion_p90": 0.1422746164669571,
      "motion_max": 0.2808872775962237,
      "texture": 5.586197801563348,
      "edge": 0.14450231481481482,
      "noise": 0.03924529394134879,
      "entropy": 0.9417127519845963,
      "hf_energy": 5.0,
      "flatness": 0.2888201678240741,
      "luma_mean": 0.5246834575844226,
      "difficulty": 0.6073468320464867
    },
    {
      "index": 2,
      "start_sec": 10.0,
      "end_sec": 14.0,
      "duration": 4.0,
      "frame_count": 120,
      "motion": 0.0506557072288792,
      "motion_p90": 0.11639216518397476,
      "motion_max": 0.37120799291939,
      "texture": 4.245214107079386,
      "edge": 0.005421248070987654,
      "noise": 0.0704961801529862,
      "entropy": 0.8474542051553726,
      "hf_energy": 3.0692708489882063,
      "flatness": 0.7307843846450617,
      "luma_mean": 0.359071560684459,
      "difficulty": 0.4897625201524189
    },
    {
      "index": 3,
      "start_sec": 14.0,
      "end_sec": 20.0,
      "duration": 6.0,
      "frame_count": 180,
      "motion": 0.060299308959695,
      "motion_p90": 0.12262970376422169,
      "motion_max": 0.3293375242072138,
      "texture": 3.8284904559129878,
      "edge": 0.01558762538580247,
      "noise": 0.0777638218132779,
      "entropy": 0.9233376979827881,
      "hf_energy": 3.2105047147542507,
      "flatness": 0.669170524691358,
      "luma_mean": 0.3943181811304769,
      "difficulty": 0.5213372154143509
    },
    {
      "index": 4,
      "start_sec": 20.0,
      "end_sec": 24.0,
      "duration": 4.0,
      "frame_count": 120,
      "motion": 0.09721735619402082,
      "motion_p90": 0.14456619084362138,
      "motion_max": 0.29962887315419995,
      "texture": 5.6891834478703025,
      "edge": 0.14720027970679012,
      "noise": 0.06250176532194018,
      "entropy": 0.9425094351172447,
      "hf_energy": 5.0,
      "flatness": 0.30170018325617287,
      "luma_mean": 0.4891684264176349,
      "difficulty": 0.6264268703061294
    },
    {
      "index": 5,
      "start_sec": 24.0,
      "end_sec": 30.0,
      "duration": 6.0,
      "frame_count": 180,
      "motion": 0.05332250533315178,
      "motion_p90": 0.122151010651174,
      "motion_max": 0.3924210996126846,
      "texture": 4.262047875087594,
      "edge": 0.005570746527777778,
      "noise": 0.07631029601907358,
      "entropy": 0.8601055219769478,
      "hf_energy": 2.8864728317656985,
      "flatness": 0.7258762538580248,
      "luma_mean": 0.3591738285977972,
      "difficulty": 0.49675071910628626
    }
  ],
  "distributions": {
    "thresholds": {
      "high_complexity": 0.45,
      "low_complexity": 0.2
    },
    "metrics": {
      "motion_mean": {
        "mean": 0.059248461202896806,
        "max": 0.09721735619402082,
        "min": 0.015310186130779474,
        "p95": 0.09258444298822924,
        "variance": 0.000643345340182002,
        "std": 0.02536425319582664
      },
      "motion_p90": {
        "mean": 0.11250292188634708,
        "max": 0.14456619084362138,
        "min": 0.027003844408133623,
        "p95": 0.1439932972494553,
        "variance": 0.0015725438009162257,
        "std": 0.03965531239211495
      },
      "motion_max": {
        "mean": 0.2834825455902526,
        "max": 0.3924210996126846,
        "min": 0.027412506051803436,
        "p95": 0.387117822939361,
        "variance": 0.014584224364090598,
        "std": 0.12076516204638901
      },
      "texture": {
        "mean": 4.573724543311909,
        "max": 5.6891834478703025,
        "min": 3.8284904559129878,
        "p95": 5.663437036293564,
        "variance": 0.5968514176117429,
        "std": 0.7725615947041005
      },
      "edge_density": {
        "mean": 0.056404361175411526,
        "max": 0.14720027970679012,
        "min": 0.005421248070987654,
        "p95": 0.1465257884837963,
        "variance": 0.004028217601973159,
        "std": 0.06346824089237986
      },
      "noise_level": {
        "mean": 0.05547637330406966,
        "max": 0.0777638218132779,
        "min": 0.006540882575791329,
        "p95": 0.07740044036472682,
        "variance": 0.0006439772696042069,
        "std": 0.02537670722541061
      },
      "high_freq_energy": {
        "mean": 3.850489782737825,
        "max": 5.0,
        "min": 2.8864728317656985,
        "p95": 5.0,
        "variance": 0.7665650999945601,
        "std": 0.8755370351930066
      },
      "flatness": {
        "mean": 0.5568911956661523,
        "max": 0.7307843846450617,
        "min": 0.2888201678240741,
        "p95": 0.7295573519483025,
        "variance": 0.03550403093320311,
        "std": 0.18842513349657766
      },
      "entropy": {
        "mean": 0.903659695138534,
        "max": 0.9425094351172447,
        "min": 0.8474542051553726,
        "p95": 0.9423102643340826,
        "variance": 0.0014017815841192514,
        "std": 0.037440373717676105
      },
      "difficulty": {
        "mean": 0.5204481131948497,
        "max": 0.6264268703061294,
        "min": 0.38106452214342645,
        "p95": 0.6216568607412187,
        "variance": 0.006619105393501491,
        "std": 0.0813578846424948
      }
    },
    "high_complexity_ratio": 0.8666666666666667,
    "low_complexity_ratio": 0.0,
    "high_complexity_segment_ratio": 0.8333333333333334,
    "low_complexity_segment_ratio": 0.0,
    "scene_complexity_histogram": {
      "bins": [
        0.0,
        0.2,
        0.4,
        0.6,
        0.8,
        1.0
      ],
      "counts": [
        0,
        1,
        3,
        2,
        0
      ],
      "fractions": [
        0.0,
        0.16666666666666666,
        0.5,
        0.3333333333333333,
        0.0
      ]
    },
    "worst_segment_index": 4
  },
  "summary_raw": {
    "segment_count": 6.0,
    "cut_count": 5.0,
    "cut_rate": 0.16666666666666666,
    "hard_fraction": 0.8666666666666667,
    "worst_difficulty": 0.6264268703061294,
    "difficulty_mean": 0.5204481131948497,