{
  "video": "1d621200-a6f6-4a59-a79a-2f28e06e966d.mp4",
  "path": "/root/workspace/raw videos/1d621200-a6f6-4a59-a79a-2f28e06e966d.mp4",
  "extracted_at": "2026-07-21T16:46:17Z",
  "elapsed_sec": 155.142,
  "meta": {
    "path": "../raw videos/1d621200-a6f6-4a59-a79a-2f28e06e966d.mp4",
    "width": 3840,
    "height": 2160,
    "fps": 30.0,
    "frame_count": 897,
    "duration": 29.9,
    "detail_scale": 0.25,
    "texture_compensation": 16.0,
    "scene_spans_provided": true,
    "scene_detect": {
      "detector": "content",
      "ok": true,
      "error": "",
      "detect_sec": 47.971,
      "n_scenes": 6
    },
    "samples_per_segment": 16,
    "si_ti_agg": "mean"
  },
  "cut_times_sec": [
    5.0,
    9.966667,
    14.966667,
    19.933333,
    24.933333
  ],
  "global": {
    "mean_motion": 0.04817264026987822,
    "mean_texture": 4.65440959508445,
    "mean_noise": 0.0262072814942946,
    "mean_edge": 0.08156674444543367,
    "mean_entropy": 0.8395455294229514,
    "mean_hf_energy": 4.938923286166851,
    "mean_flatness": 0.5425178468587851,
    "mean_luma": 0.2692623339123196,
    "mean_difficulty": 0.46238338541216645,
    "motion_p90": 0.09470201676349552,
    "motion_level": 0.39508226940340785,
    "texture_level": 0.5244754082189913,
    "noise_level_norm": 0.3531632067172483,
    "edge_level": 0.6319733622778262,
    "segment_count": 6,
    "cut_count": 5,
    "cut_rate": 0.16722408026755853,
    "hard_fraction": 0.49944258639910816,
    "worst_difficulty": 0.5896379305424834,
    "volatility": 0.5277796449555744,
    "duration": 29.9,
    "fps": 30.0,
    "width": 3840,
    "height": 2160,
    "n_segments": 6
  },
  "segments": [
    {
      "index": 0,
      "start_sec": 0.0,
      "end_sec": 5.0,
      "duration": 5.0,
      "frame_count": 150,
      "motion": 0.07475600736050594,
      "motion_p90": 0.09405733705519245,
      "motion_max": 0.10078955610021786,
      "texture": 5.509502888740084,
      "edge": 0.1936577690972222,
      "noise": 0.01925926492549479,
      "entropy": 0.9428915828466415,
      "hf_energy": 5.0,
      "flatness": 0.1990041473765432,
      "si": 116.65846535567913,
      "ti": 40.235003563344044,
      "luma_mean": 0.3907483934353062,
      "sat_mean": 0.34089543476534134,
      "difficulty": 0.5664047530405245
    },
    {
      "index": 1,
      "start_sec": 5.0,
      "end_sec": 9.966666666666667,
      "duration": 4.966666666666667,
      "frame_count": 149,
      "motion": 0.0442896194550351,
      "motion_p90": 0.04658825420600339,
      "motion_max": 0.34519331729605424,
      "texture": 4.867468268601648,
      "edge": 0.04001663773148148,
      "noise": 0.03343117670738138,
      "entropy": 0.7362839616835117,
      "hf_energy": 4.942002700615081,
      "flatness": 0.6878720582561728,
      "si": 59.69933904665166,
      "ti": 21.18559956909814,
      "luma_mean": 0.17116055292680343,
      "sat_mean": 0.7717241469793936,
      "difficulty": 0.45103075036695006
    },
    {
      "index": 2,
      "start_sec": 9.966666666666667,
      "end_sec": 14.966666666666667,
      "duration": 5.0,
      "frame_count": 150,
      "motion": 0.023037465391249092,
      "motion_p90": 0.018702081063907045,
      "motion_max": 0.20261811607358993,
      "texture": 4.06786387684019,
      "edge": 0.02839964313271605,
      "noise": 0.014898676832672209,
      "entropy": 0.8772523105144501,
      "hf_energy": 5.0,
      "flatness": 0.6610355179398149,
      "si": 68.5981462501472,
      "ti": 22.879794975781174,
      "luma_mean": 0.26724508480089565,
      "sat_mean": 0.46664657184247155,
      "difficulty": 0.39825916881727635
    },
    {
      "index": 3,
      "start_sec": 14.966666666666667,
      "end_sec": 19.933333333333334,
      "duration": 4.966666666666667,
      "frame_count": 149,
      "motion": 0.08683499474249576,
      "motion_p90": 0.09470201676349552,
      "motion_max": 0.26497439330670536,
      "texture": 5.537887670442231,
      "edge": 0.1865699749228395,
      "noise": 0.038518528832355514,
      "entropy": 0.940048985183239,
      "hf_energy": 5.0,
      "flatness": 0.20367320119598764,
      "si": 115.55264759111787,
      "ti": 40.270745370766754,
      "luma_mean": 0.3910447805086541,
      "sat_mean": 0.3520581734333394,
      "difficulty": 0.5896379305424834
    },
    {
      "index": 4,
      "start_sec": 19.933333333333334,
      "end_sec": 24.933333333333334,
      "duration": 5.0,
      "frame_count": 150,
      "motion": 0.028793109643548778,
      "motion_p90": 0.016258729726458487,
      "motion_max": 0.3137175623335754,
      "texture": 3.7888418923492035,
      "edge": 0.010467423804012346,
      "noise": 0.02943397217313759,
      "entropy": 0.670769888907671,
      "hf_energy": 4.692371902000122,
      "flatness": 0.851731891396605,
      "si": 51.768611064772614,
      "ti": 14.91641687502095,
      "luma_mean": 0.13537403218424715,
      "sat_mean": 0.8193694630726518,
      "difficulty": 0.3513893524750672
    },
    {
      "index": 5,
      "start_sec": 24.933333333333334,
      "end_sec": 29.9,
      "duration": 4.966666666666665,
      "frame_count": 149,
      "motion": 0.031444989579550955,
      "motion_p90": 0.023161129266521426,
      "motion_max": 0.23676801924473492,
      "texture": 4.158899820025455,
      "edge": 0.030370732060185184,
      "noise": 0.021802941511850804,
      "entropy": 0.8702125065028667,
      "hf_energy": 5.0,
      "flatness": 0.6512250434027778,
      "si": 69.96585406707155,
      "ti": 25.905962206228743,
      "luma_mean": 0.2600979347275175,
      "sat_mean": 0.4535272439898027,
      "difficulty": 0.41757835723069714
    }
  ],
  "distributions": {
    "thresholds": {
      "high_complexity": 0.45,
      "low_complexity": 0.2
    },
    "metrics": {
      "motion_mean": {
        "mean": 0.0481926976953976,
        "max": 0.08683499474249576,
        "min": 0.023037465391249092,
        "p95": 0.0838152478969983,
        "variance": 0.0005839476695302848,
        "std": 0.024165009197810887
      },
      "motion_p90": {
        "mean": 0.04891159134692972,
        "max": 0.09470201676349552,
        "min": 0.016258729726458487,
        "p95": 0.09454084683641975,
        "variance": 0.0011303682486259747,
        "std": 0.03362094954973721
      },
      "motion_max": {
        "mean": 0.24401016072581297,
        "max": 0.34519331729605424,
        "min": 0.10078955610021786,
        "p95": 0.3373243785554345,
        "variance": 0.0063024239371957,
        "std": 0.07938780723257004
      },
      "texture": {
        "mean": 4.655077402833135,
        "max": 5.537887670442231,
        "min": 3.7888418923492035,
        "p95": 5.530791475016694,
        "variance": 0.4826471063064273,
        "std": 0.6947280808391347
      },
      "edge_density": {
        "mean": 0.08158036345807614,
        "max": 0.1936577690972222,
        "min": 0.010467423804012346,
        "p95": 0.19188582055362652,
        "variance": 0.005969895369178967,
        "std": 0.07726509800148426
      },
      "noise_level": {
        "mean": 0.026224093497148715,
        "max": 0.038518528832355514,
        "min": 0.014898676832672209,
        "p95": 0.03724669080111198,
        "variance": 6.828649904316666e-05,
        "std": 0.008263564548254382
      },
      "high_freq_energy": {
        "mean": 4.939062433769201,
        "max": 5.0,
        "min": 4.692371902000122,
        "p95": 5.0,
        "variance": 0.01261973525769465,
        "std": 0.11233759503253864
      },
      "flatness": {
        "mean": 0.5424236432613169,
        "max": 0.851731891396605,
        "min": 0.1990041473765432,
        "p95": 0.810766933111497,
        "variance": 0.06257036123828914,
        "std": 0.2501406828932254
      },
      "entropy": {
        "mean": 0.8395765392730633,
        "max": 0.9428915828466415,
        "min": 0.670769888907671,
        "p95": 0.9421809334307909,
        "variance": 0.01038196310586663,