{
  "video": "1ea42944-e80f-4950-86c6-372c0adc51e6.mp4",
  "path": "/root/workspace/raw videos/1ea42944-e80f-4950-86c6-372c0adc51e6.mp4",
  "extracted_at": "2026-07-21T16:46:15Z",
  "elapsed_sec": 153.684,
  "meta": {
    "path": "../raw videos/1ea42944-e80f-4950-86c6-372c0adc51e6.mp4",
    "width": 3840,
    "height": 2160,
    "fps": 30.0,
    "frame_count": 899,
    "duration": 29.966666666666665,
    "detail_scale": 0.25,
    "texture_compensation": 16.0,
    "scene_spans_provided": true,
    "scene_detect": {
      "detector": "content",
      "ok": true,
      "error": "",
      "detect_sec": 48.193,
      "n_scenes": 6
    },
    "samples_per_segment": 16,
    "si_ti_agg": "mean"
  },
  "cut_times_sec": [
    4.0,
    9.966667,
    13.966667,
    19.966667,
    23.966667
  ],
  "global": {
    "mean_motion": 0.03962750068509831,
    "mean_texture": 4.6185144167792345,
    "mean_noise": 0.025068127774695366,
    "mean_edge": 0.07521388621745355,
    "mean_entropy": 0.8300759253797595,
    "mean_hf_energy": 4.93430644737574,
    "mean_flatness": 0.5526073035915677,
    "mean_luma": 0.26102926441029733,
    "mean_difficulty": 0.44922474351367864,
    "motion_p90": 0.07552351882110869,
    "motion_level": 0.3424737607346737,
    "texture_level": 0.5225441967952604,
    "noise_level_norm": 0.3430788298284118,
    "edge_level": 0.6129207421902665,
    "segment_count": 6,
    "cut_count": 5,
    "cut_rate": 0.16685205784204674,
    "hard_fraction": 0.46718576195773076,
    "worst_difficulty": 0.5497823663662311,
    "volatility": 0.4759023828725055,
    "duration": 29.966666666666665,
    "fps": 30.0,
    "width": 3840,
    "height": 2160,
    "n_segments": 6
  },
  "segments": [
    {
      "index": 0,
      "start_sec": 0.0,
      "end_sec": 4.0,
      "duration": 4.0,
      "frame_count": 120,
      "motion": 0.058406628710511985,
      "motion_p90": 0.07552351882110869,
      "motion_max": 0.07914156681190995,
      "texture": 5.74591192263812,
      "edge": 0.17131703317901234,
      "noise": 0.013808529794914648,
      "entropy": 0.9306714534759521,
      "hf_energy": 5.0,
      "flatness": 0.19840181327160494,
      "si": 105.05052777596495,
      "ti": 34.98769074339673,
      "luma_mean": 0.37548354996898453,
      "sat_mean": 0.41084993324104335,
      "difficulty": 0.5424640201664068
    },
    {
      "index": 1,
      "start_sec": 4.0,
      "end_sec": 9.966666666666667,
      "duration": 5.966666666666667,
      "frame_count": 179,
      "motion": 0.027766970107873396,
      "motion_p90": 0.011781386165577341,
      "motion_max": 0.3094543920963447,
      "texture": 3.835668501435558,
      "edge": 0.007361834490740741,
      "noise": 0.029797353461617604,
      "entropy": 0.6602227687835693,
      "hf_energy": 4.670064224529558,
      "flatness": 0.8506810619212963,
      "si": 48.97014084320267,
      "ti": 15.701553797738722,
      "luma_mean": 0.13293717046039094,
      "sat_mean": 0.8164279712463689,
      "difficulty": 0.3397295018939235
    },
    {
      "index": 2,
      "start_sec": 9.966666666666667,
      "end_sec": 13.966666666666667,
      "duration": 4.0,
      "frame_count": 120,
      "motion": 0.0265456655849068,
      "motion_p90": 0.017002798959089807,
      "motion_max": 0.23726307189542484,
      "texture": 4.0359956483243415,
      "edge": 0.02714674961419753,
      "noise": 0.017442353040678427,
      "entropy": 0.8635065965354443,
      "hf_energy": 5.0,
      "flatness": 0.673208912037037,
      "si": 68.16026855116316,
      "ti": 23.470200609223973,
      "luma_mean": 0.26123194387708787,
      "sat_mean": 0.44680107911220046,
      "difficulty": 0.3962717526709577
    },
    {
      "index": 3,
      "start_sec": 13.966666666666667,
      "end_sec": 19.966666666666665,
      "duration": 5.999999999999998,
      "frame_count": 180,
      "motion": 0.056076009232782616,
      "motion_p90": 0.06023942825587025,
      "motion_max": 0.22779102366255144,
      "texture": 5.740199534769406,
      "edge": 0.1750805362654321,
      "noise": 0.02543676586356014,
      "entropy": 0.9327336363494396,
      "hf_energy": 5.0,
      "flatness": 0.18866729359567902,
      "si": 106.09015916648205,
      "ti": 34.05707494634455,
      "luma_mean": 0.3885757350104394,
      "sat_mean": 0.41519151026537154,
      "difficulty": 0.5497823663662311
    },
    {
      "index": 4,
      "start_sec": 19.966666666666665,
      "end_sec": 23.966666666666665,
      "duration": 4.0,
      "frame_count": 120,
      "motion": 0.045810623468137246,
      "motion_p90": 0.05010369386952312,
      "motion_max": 0.33480243887678524,
      "texture": 4.335017213465198,
      "edge": 0.04837987075617284,
      "noise": 0.0341579397500027,
      "entropy": 0.7309907861053944,
      "hf_energy": 5.0,
      "flatness": 0.7272035349151235,
      "si": 71.66567945021949,
      "ti": 28.442303204444052,
      "luma_mean": 0.1421097300706548,
      "sat_mean": 0.7805013417982933,
      "difficulty": 0.45170705539560374
    },
    {
      "index": 5,
      "start_sec": 23.966666666666665,
      "end_sec": 29.966666666666665,
      "duration": 6.0,
      "frame_count": 180,
      "motion": 0.027053353739258046,
      "motion_p90": 0.018102222524812396,
      "motion_max": 0.25174307824981845,
      "texture": 4.101071714098639,
      "edge": 0.02868766878858025,
      "noise": 0.026526911300607026,
      "entropy": 0.8730337023735046,
      "hf_energy": 5.0,
      "flatness": 0.6594679542824073,
      "si": 68.93579487696317,
      "ti": 23.763120767343494,
      "luma_mean": 0.26370497789200553,
      "sat_mean": 0.45697239857555677,
      "difficulty": 0.4153937645889489
    }
  ],
  "distributions": {
    "thresholds": {
      "high_complexity": 0.45,
      "low_complexity": 0.2
    },
    "metrics": {
      "motion_mean": {
        "mean": 0.04027654180724501,
        "max": 0.058406628710511985,
        "min": 0.0265456655849068,
        "p95": 0.057823973841079644,
        "variance": 0.00018813805508271751,
        "std": 0.013716342627782287
      },
      "motion_p90": {
        "mean": 0.03879217476599693,
        "max": 0.07552351882110869,
        "min": 0.011781386165577341,
        "p95": 0.07170249617979908,
        "variance": 0.0005949267508994998,
        "std": 0.02439112032891273
      },
      "motion_max": {
        "mean": 0.2400325952654724,
        "max": 0.33480243887678524,
        "min": 0.07914156681190995,
        "p95": 0.3284654271816751,
        "variance": 0.006663548986152997,
        "std": 0.0816305640440699
      },
      "texture": {
        "mean": 4.632310755788544,
        "max": 5.74591192263812,
        "min": 3.835668501435558,
        "p95": 5.744483825670942,
        "variance": 0.6380590106556442,
        "std": 0.798785960477301
      },
      "edge_density": {
        "mean": 0.07632894884902264,
        "max": 0.1750805362654321,
        "min": 0.007361834490740741,
        "p95": 0.17413966049382718,
        "variance": 0.004833467716410348,
        "std": 0.0695231451849695
      },
      "noise_level": {
        "mean": 0.024528308868563425,
        "max": 0.0341579397500027,
        "min": 0.013808529794914648,
        "p95": 0.033067793177906424,
        "variance": 4.8406126835344504e-05,
        "std": 0.006957451173766475
      },
      "high_freq_energy": {
        "mean": 4.94501070408826,
        "max": 5.0,
        "min": 4.670064224529558,
        "p95": 5.0,
        "variance": 0.015119113324344744,
        "std": 0.12295980369350279
      },
      "flatness": {
        "mean": 0.5496050950038581,
        "max": 0.8506810619212963,
        "min": 0.18866729359567902,
        "p95": 0.8198116801697531,
        "variance": 0.06719258945551501,
        "std": 0.2592153341442497
      },
      "entropy": {
        "mean": 0.8318598239372174,
        "max": 0.9327336363494396,
        "min": 0.6602227687835693,
        "p95": 0.9322180906310678,
        "variance": 0.010378318689830095,