{
  "video": "1f64c3c8-487d-421c-8016-62d2237b27ba.mp4",
  "path": "/root/workspace/raw videos/1f64c3c8-487d-421c-8016-62d2237b27ba.mp4",
  "extracted_at": "2026-07-21T16:46:36Z",
  "elapsed_sec": 154.843,
  "meta": {
    "path": "../raw videos/1f64c3c8-487d-421c-8016-62d2237b27ba.mp4",
    "width": 3840,
    "height": 2160,
    "fps": 30.0,
    "frame_count": 899,
    "duration": 29.966666666666665,
    "detail_scale": 0.25,
    "texture_compensation": 16.0,
    "scene_spans_provided": true,
    "scene_detect": {
      "detector": "content",
      "ok": true,
      "error": "",
      "detect_sec": 46.364,
      "n_scenes": 6
    },
    "samples_per_segment": 16,
    "si_ti_agg": "mean"
  },
  "cut_times_sec": [
    3.0,
    10.0,
    13.0,
    20.0,
    23.0
  ],
  "global": {
    "mean_motion": 0.06795141830223556,
    "mean_texture": 5.9532995962325455,
    "mean_noise": 0.02360489747763608,
    "mean_edge": 0.18337552256601128,
    "mean_entropy": 0.882868233827814,
    "mean_hf_energy": 5.0,
    "mean_flatness": 0.340944683908046,
    "mean_luma": 0.2994537134573142,
    "mean_difficulty": 0.5347512449343084,
    "motion_p90": 0.09183317069111596,
    "motion_level": 0.3877546815892914,
    "texture_level": 0.585188663709188,
    "noise_level_norm": 0.3296547905121776,
    "edge_level": 0.7942614293967913,
    "segment_count": 6,
    "cut_count": 5,
    "cut_rate": 0.16685205784204674,
    "hard_fraction": 1.0,
    "worst_difficulty": 0.5749244996147254,
    "volatility": 0.4652117181492835,
    "duration": 29.966666666666665,
    "fps": 30.0,
    "width": 3840,
    "height": 2160,
    "n_segments": 6
  },
  "segments": [
    {
      "index": 0,
      "start_sec": 0.0,
      "end_sec": 3.0,
      "duration": 3.0,
      "frame_count": 90,
      "motion": 0.07449108115468409,
      "motion_p90": 0.08543794632050351,
      "motion_max": 0.08745688090050835,
      "texture": 6.140119034826636,
      "edge": 0.21245165412808642,
      "noise": 0.0,
      "entropy": 0.892841499298811,
      "hf_energy": 5.0,
      "flatness": 0.2153077980324074,
      "si": 104.35648633264913,
      "ti": 30.50703963159484,
      "luma_mean": 0.28430234668134224,
      "sat_mean": 0.5024686502398027,
      "difficulty": 0.5161628501180099
    },
    {
      "index": 1,
      "start_sec": 3.0,
      "end_sec": 10.0,
      "duration": 7.0,
      "frame_count": 210,
      "motion": 0.06975492512784436,
      "motion_p90": 0.08055729923142096,
      "motion_max": 0.18765822440087146,
      "texture": 6.34665211565229,
      "edge": 0.1892019917052469,
      "noise": 0.014898676425218582,
      "entropy": 0.8496845960617065,
      "hf_energy": 5.0,
      "flatness": 0.29919861593364194,
      "si": 121.29421123272814,
      "ti": 37.36550579990127,
      "luma_mean": 0.20596749850596102,
      "sat_mean": 0.5363926703204429,
      "difficulty": 0.5374185937518897
    },
    {
      "index": 2,
      "start_sec": 10.0,
      "end_sec": 13.0,
      "duration": 3.0,
      "frame_count": 90,
      "motion": 0.05242675946729,
      "motion_p90": 0.043869228092471554,
      "motion_max": 0.29153090958605665,
      "texture": 5.362980039966539,
      "edge": 0.14472511574074073,
      "noise": 0.03742838278412819,
      "entropy": 0.9109802804887295,
      "hf_energy": 5.0,
      "flatness": 0.5150599199459877,
      "si": 99.56757963492986,
      "ti": 25.769795021684306,
      "luma_mean": 0.3876272717902748,
      "sat_mean": 0.42299785917453403,
      "difficulty": 0.5219478085912657
    },
    {
      "index": 3,
      "start_sec": 13.0,
      "end_sec": 20.0,
      "duration": 7.0,
      "frame_count": 210,
      "motion": 0.08458049371368917,
      "motion_p90": 0.09183317069111596,
      "motion_max": 0.25276978183248605,
      "texture": 6.243428857958456,
      "edge": 0.2265964988425926,
      "noise": 0.026526913046836853,
      "entropy": 0.8881914503872395,
      "hf_energy": 5.0,
      "flatness": 0.21383969907407407,
      "si": 98.16487294574073,
      "ti": 32.107321747548035,
      "luma_mean": 0.300345304557008,
      "sat_mean": 0.49363746151431254,
      "difficulty": 0.5749244996147254
    },
    {
      "index": 4,
      "start_sec": 20.0,
      "end_sec": 23.0,
      "duration": 3.0,
      "frame_count": 90,
      "motion": 0.08941406864636287,
      "motion_p90": 0.08746952160493827,
      "motion_max": 0.19720688090050836,
      "texture": 6.321307298385278,
      "edge": 0.1935420283564815,
      "noise": 0.015625441446900368,
      "entropy": 0.8655181303620338,
      "hf_energy": 5.0,
      "flatness": 0.28879497010030863,
      "si": 122.82732562096786,
      "ti": 36.61385628972241,
      "luma_mean": 0.21387634368948197,
      "sat_mean": 0.5701242898586905,
      "difficulty": 0.5465692439302782
    },
    {
      "index": 5,
      "start_sec": 23.0,
      "end_sec": 29.966666666666665,
      "duration": 6.966666666666665,
      "frame_count": 209,
      "motion": 0.04405748929587267,
      "motion_p90": 0.037540543300653595,
      "motion_max": 0.2976684216896635,
      "texture": 5.281831382625552,
      "edge": 0.13383837287808642,
      "noise": 0.03706499934196472,
      "entropy": 0.9019329212605953,
      "hf_energy": 5.0,
      "flatness": 0.5121846064814816,
      "si": 98.61893171360906,
      "ti": 29.081585171492634,
      "luma_mean": 0.3978979098583878,
      "sat_mean": 0.4036561568589627,
      "difficulty": 0.5114844735996814
    }
  ],
  "distributions": {
    "thresholds": {
      "high_complexity": 0.45,
      "low_complexity": 0.2
    },
    "metrics": {
      "motion_mean": {
        "mean": 0.06912080290095719,
        "max": 0.08941406864636287,
        "min": 0.04405748929587267,
        "p95": 0.08820567491319445,
        "variance": 0.0002644869081986651,
        "std": 0.016263053470940356
      },
      "motion_p90": {
        "mean": 0.07111795154018398,
        "max": 0.09183317069111596,
        "min": 0.037540543300653595,
        "p95": 0.09074225841957154,
        "variance": 0.00047676549283535725,
        "std": 0.021834960335099244
      },
      "motion_max": {
        "mean": 0.21904851655168237,
        "max": 0.2976684216896635,
        "min": 0.08745688090050835,
        "p95": 0.2961340436637618,
        "variance": 0.005225112763102704,
        "std": 0.07228494146848778
      },
      "texture": {
        "mean": 5.949386454902459,
        "max": 6.34665211565229,
        "min": 5.281831382625552,
        "p95": 6.340315911335537,
        "variance": 0.20141453814467913,
        "std": 0.4487923107013746
      },
      "edge_density": {
        "mean": 0.1833926102752058,
        "max": 0.2265964988425926,
        "min": 0.13383837287808642,
        "p95": 0.22306028766396604,
        "variance": 0.0011330935324263328,
        "std": 0.03366145469860643
      },
      "noise_level": {
        "mean": 0.021924068840841453,
        "max": 0.03742838278412819,
        "min": 0.0,
        "p95": 0.03733753692358732,
        "variance": 0.00017675189037594293,
        "std": 0.013294806895022692
      },
      "high_freq_energy": {
        "mean": 5.0,
        "max": 5.0,
        "min": 5.0,
        "p95": 5.0,
        "variance": 0.0,
        "std": 0.0
      },
      "flatness": {
        "mean": 0.3407309349279835,
        "max": 0.5150599199459877,
        "min": 0.21383969907407407,
        "p95": 0.5143410915798612,
        "variance": 0.016006930579245068,
        "std": 0.12651849896060682
      },
      "entropy": {
        "mean": 0.8848581463098526,
        "max": 0.9109802804887295,
        "min": 0.8496845960617065,
        "p95": 0.9087184406816959,
        "variance": 0.0004433289214361887,
        "std": 0.021055377494506925
      },
      "difficulty": {
        "mean": 0.5347512449343084,
        "max": 0.5749244996147254,
        "min": 0.5114844735996814,
        "p95": 0.5678356856936135,
        "variance": 0.00046857821566263324,
        "std": 0.021646667541740303
      }
    },