{
  "video": "2.mp4",
  "path": "/root/terry/videos/2.mp4",
  "extracted_at": "2026-07-17T18:18:44Z",
  "elapsed_sec": 20.814,
  "meta": {
    "path": "/root/terry/videos/2.mp4",
    "width": 3840,
    "height": 2160,
    "fps": 30.0,
    "frame_count": 900,
    "duration": 30.0,
    "detail_scale": 0.25,
    "texture_compensation": 16.0,
    "scene_spans_provided": false
  },
  "cut_times_sec": [
    3.0,
    10.0,
    13.0,
    20.0,
    23.0
  ],
  "global": {
    "mean_motion": 0.04778975899323207,
    "mean_texture": 4.77299924105774,
    "mean_noise": 0.04346052939848354,
    "mean_edge": 0.04683408082561728,
    "mean_entropy": 0.775279131780068,
    "mean_hf_energy": 5.000000000000001,
    "mean_flatness": 0.6103046231995884,
    "mean_luma": 0.25063469423263135,
    "mean_difficulty": 0.48993074314918456,
    "motion_p90": 0.1267098886468167,
    "motion_level": 0.4663425732418636,
    "texture_level": 0.5307460962819284,
    "noise_level_norm": 0.475183444534098,
    "edge_level": 0.49647042103683764,
    "segment_count": 6,
    "cut_count": 5,
    "cut_rate": 0.16666666666666666,
    "hard_fraction": 0.9,
    "worst_difficulty": 0.5787014004403978,
    "volatility": 0.49726195801020007,
    "duration": 30.0,
    "fps": 30.0,
    "width": 3840,
    "height": 2160,
    "n_segments": 6
  },
  "segments": [
    {
      "index": 0,
      "start_sec": 0.0,
      "end_sec": 3.0,
      "duration": 3.0,
      "frame_count": 90,
      "motion": 0.011664606216715081,
      "motion_p90": 0.018705221949891066,
      "motion_max": 0.019911916000968286,
      "texture": 4.0777374718380575,
      "edge": 0.036314863040123456,
      "noise": 0.003633823653217405,
      "entropy": 0.8198642656207085,
      "hf_energy": 5.0,
      "flatness": 0.580096450617284,
      "luma_mean": 0.16191230936819173,
      "difficulty": 0.3747597908637621
    },
    {
      "index": 1,
      "start_sec": 3.0,
      "end_sec": 10.0,
      "duration": 7.0,
      "frame_count": 210,
      "motion": 0.03818155693990559,
      "motion_p90": 0.07359486126240618,
      "motion_max": 0.18331455004841443,
      "texture": 4.493827690994548,
      "edge": 0.07074508101851851,
      "noise": 0.01671558804810047,
      "entropy": 0.641440749168396,
      "hf_energy": 5.0,
      "flatness": 0.6376972415123456,
      "luma_mean": 0.1277998356557129,
      "difficulty": 0.4502650124511662
    },
    {
      "index": 2,
      "start_sec": 10.0,
      "end_sec": 13.0,
      "duration": 3.0,
      "frame_count": 90,
      "motion": 0.0655064640825466,
      "motion_p90": 0.1267098886468167,
      "motion_max": 0.35723596738077945,
      "texture": 6.395706686640353,
      "edge": 0.053782069830246915,
      "noise": 0.05814117920817807,
      "entropy": 0.8754702135920525,
      "hf_energy": 5.0,
      "flatness": 0.5003416763117283,
      "luma_mean": 0.45263126267096343,
      "difficulty": 0.5787014004403978
    },
    {
      "index": 3,
      "start_sec": 13.0,
      "end_sec": 20.0,
      "duration": 7.0,
      "frame_count": 210,
      "motion": 0.055205904101609776,
      "motion_p90": 0.11909280062333567,
      "motion_max": 0.35452210421205516,
      "texture": 4.160191568839618,
      "edge": 0.03784770447530864,
      "noise": 0.07340323278913274,
      "entropy": 0.8248382657766342,
      "hf_energy": 5.0,
      "flatness": 0.5753356481481482,
      "luma_mean": 0.16730570874183007,
      "difficulty": 0.5420717806629014
    },
    {
      "index": 4,
      "start_sec": 20.0,
      "end_sec": 23.0,
      "duration": 3.0,
      "frame_count": 90,
      "motion": 0.046036840353425326,
      "motion_p90": 0.0790377276991043,
      "motion_max": 0.1835961026385863,
      "texture": 4.478063162401779,
      "edge": 0.06930338541666667,
      "noise": 0.01671558804810047,
      "entropy": 0.6253612190485001,
      "hf_energy": 5.0,
      "flatness": 0.6398837770061728,
      "luma_mean": 0.12312093016218834,
      "difficulty": 0.45110117401909133
    },
    {
      "index": 5,
      "start_sec": 23.0,
      "end_sec": 30.0,
      "duration": 7.0,
      "frame_count": 210,
      "motion": 0.058622401506899055,
      "motion_p90": 0.1259105596405228,
      "motion_max": 0.36825928951827647,
      "texture": 5.393902921464638,
      "edge": 0.02381028163580247,
      "noise": 0.0625017661950551,
      "entropy": 0.8617619648575783,
      "hf_energy": 5.0,
      "flatness": 0.6652775366512346,
      "luma_mean": 0.4629012156560155,
      "difficulty": 0.5426853004577885
    }
  ],
  "distributions": {
    "thresholds": {
      "high_complexity": 0.45,
      "low_complexity": 0.2
    },
    "metrics": {
      "motion_mean": {
        "mean": 0.04586962886685023,
        "max": 0.0655064640825466,
        "min": 0.011664606216715081,
        "p95": 0.0637854484386347,
        "variance": 0.00031075375444795846,
        "std": 0.017628209053898766
      },
      "motion_p90": {
        "mean": 0.09050850997034611,
        "max": 0.1267098886468167,
        "min": 0.018705221949891066,
        "p95": 0.12651005639524324,
        "variance": 0.001492378190023287,
        "std": 0.03863131100575396
      },
      "motion_max": {
        "mean": 0.24447332163318003,
        "max": 0.36825928951827647,
        "min": 0.019911916000968286,
        "p95": 0.36550345898390224,
        "variance": 0.016337228450354877,
        "std": 0.1278171680579525
      },
      "texture": {
        "mean": 4.8332382503631655,
        "max": 6.395706686640353,
        "min": 4.0777374718380575,
        "p95": 6.145255745346424,
        "variance": 0.6701291034275002,
        "std": 0.8186141358585864
      },
      "edge_density": {
        "mean": 0.04863389756944444,
        "max": 0.07074508101851851,
        "min": 0.02381028163580247,
        "p95": 0.07038465711805555,
        "variance": 0.00030449138670525326,
        "std": 0.01744968156458029
      },
      "noise_level": {
        "mean": 0.03851852965696404,
        "max": 0.07340323278913274,
        "min": 0.003633823653217405,
        "p95": 0.07067786614061333,
        "variance": 0.000724144293573032,
        "std": 0.0269099292747683
      },
      "high_freq_energy": {
        "mean": 5.0,
        "max": 5.0,
        "min": 5.0,
        "p95": 5.0,
        "variance": 0.0,
        "std": 0.0
      },
      "flatness": {
        "mean": 0.5997720550411523,
        "max": 0.6652775366512346,
        "min": 0.5003416763117283,
        "p95": 0.6589290967399691,
        "variance": 0.003034817622400736,
        "std": 0.055089178813998815
      },
      "entropy": {
        "mean": 0.7747894463439783,
        "max": 0.8754702135920525,
        "min": 0.6253612190485001,
        "p95": 0.8720431514084339,
        "variance": 0.010391354946797686,
        "std": 0.1019379955992744
      },
      "difficulty": {
        "mean": 0.48993074314918456,
        "max": 0.5787014004403978,
        "min": 0.3747597908637621,
        "p95": 0.5696973754447454,
        "variance": 0.004954569097785849,
        "std": 0.07038870007171498
      }
    },
    "high_complexity_ratio": 0.9,
    "low_complexity_ratio": 0.0,
    "high_complexity_segment_ratio": 0.8333333333333334,
    "low_complexity_segment_ratio": 0.0,
    "scene_complexity_histogram": {
      "bins": [
        0.0,
        0.2,
        0.4,
        0.6,
        0.8,
        1.0
      ],
      "counts": [
        0,
        1,
        5,
        0,
        0
      ],
      "fractions": [
        0.0,
        0.16666666666666666,
        0.8333333333333334,
        0.0,
        0.0
      ]
    },
    "worst_segment_index": 2
  },
  "summary_raw": {
    "segment_count": 6.0,
    "cut_count": 5.0,
    "cut_rate": 0.16666666666666666,
    "hard_fraction": 0.9,
    "worst_difficulty": 0.5787014004403978,
    "difficulty_mean": 0.48993074314918456,
    "difficulty_p90": 0.5606933504490932,
    "duration_weighted_difficulty": 0.49862805836575824,
    "motion_mean": 0.04778975899323207,