{
  "video": "20.mp4",
  "path": "/root/terry/videos/20.mp4",
  "extracted_at": "2026-07-17T18:24:38Z",
  "elapsed_sec": 17.985,
  "meta": {
    "path": "/root/terry/videos/20.mp4",
    "width": 3840,
    "height": 2160,
    "fps": 30.0,
    "frame_count": 900,
    "duration": 30.0,
    "detail_scale": 0.25,
    "texture_compensation": 16.0,
    "scene_spans_provided": false
  },
  "cut_times_sec": [
    5.0,
    10.0,
    15.0,
    20.0,
    25.0
  ],
  "global": {
    "mean_motion": 0.0435956955602457,
    "mean_texture": 4.237183247803056,
    "mean_noise": 0.049662255856674165,
    "mean_edge": 0.01127097800925926,
    "mean_entropy": 0.8815736907223859,
    "mean_hf_energy": 3.892442911681075,
    "mean_flatness": 0.7076357944315843,
    "mean_luma": 0.37580543514988296,
    "mean_difficulty": 0.47313168975237296,
    "motion_p90": 0.12518953113652861,
    "motion_level": 0.4633396808896696,
    "texture_level": 0.5010158966229992,
    "noise_level_norm": 0.5085102266074707,
    "edge_level": 0.1917779555664964,
    "segment_count": 6,
    "cut_count": 5,
    "cut_rate": 0.16666666666666666,
    "hard_fraction": 0.6666666666666666,
    "worst_difficulty": 0.5369231861537642,
    "volatility": 0.4748444173621411,
    "duration": 30.0,
    "fps": 30.0,
    "width": 3840,
    "height": 2160,
    "n_segments": 6
  },
  "segments": [
    {
      "index": 0,
      "start_sec": 0.0,
      "end_sec": 5.0,
      "duration": 5.0,
      "frame_count": 150,
      "motion": 0.01904119008714597,
      "motion_p90": 0.02978570337085451,
      "motion_max": 0.03590328461631566,
      "texture": 3.5850364432461794,
      "edge": 0.016358265817901237,
      "noise": 0.009447941381949931,
      "entropy": 0.8994414359331131,
      "hf_energy": 4.322344343244468,
      "flatness": 0.7376572145061728,
      "luma_mean": 0.5419726486852456,
      "difficulty": 0.37920209437700314
    },
    {
      "index": 1,
      "start_sec": 5.0,
      "end_sec": 10.0,
      "duration": 5.0,
      "frame_count": 150,
      "motion": 0.057767740294420236,
      "motion_p90": 0.12518953113652861,
      "motion_max": 0.3776500922900024,
      "texture": 4.923887978392828,
      "edge": 0.012670958719135803,
      "noise": 0.07703705644235015,
      "entropy": 0.882548026740551,
      "hf_energy": 5.0,
      "flatness": 0.6503445698302469,
      "luma_mean": 0.2927715065964658,
      "difficulty": 0.5369231861537642
    },
    {
      "index": 2,
      "start_sec": 10.0,
      "end_sec": 15.0,
      "duration": 5.0,
      "frame_count": 150,
      "motion": 0.033429858652565966,
      "motion_p90": 0.0735381535947712,
      "motion_max": 0.2264537339627209,
      "texture": 4.143883445450479,
      "edge": 0.005415702160493827,
      "noise": 0.03125088301021606,
      "entropy": 0.86777663230896,
      "hf_energy": 2.618419298483076,
      "flatness": 0.737043788580247,
      "luma_mean": 0.36937028715807313,
      "difficulty": 0.4303279396481037
    },
    {
      "index": 3,
      "start_sec": 15.0,
      "end_sec": 20.0,
      "duration": 5.0,
      "frame_count": 150,
      "motion": 0.05909841556221254,
      "motion_p90": 0.12512191131082057,
      "motion_max": 0.3336453567538126,
      "texture": 3.6821712337057244,
      "edge": 0.017076099537037037,
      "noise": 0.06468206079443917,
      "entropy": 0.9020523950457573,
      "hf_energy": 3.5969210800973554,
      "flatness": 0.7298155381944444,
      "luma_mean": 0.3956817678074316,
      "difficulty": 0.5122474752391183
    },
    {
      "index": 4,
      "start_sec": 20.0,
      "end_sec": 25.0,
      "duration": 5.0,
      "frame_count": 150,
      "motion": 0.04773002242949649,
      "motion_p90": 0.09962718697046714,
      "motion_max": 0.2935077160493827,
      "texture": 4.806905348212032,
      "edge": 0.010892650462962963,
      "noise": 0.0581411796156317,
      "entropy": 0.8691307529807091,
      "hf_energy": 5.0,
      "flatness": 0.6569958043981482,
      "luma_mean": 0.28293262357026144,
      "difficulty": 0.5067068975279284
    },
    {
      "index": 5,
      "start_sec": 25.0,
      "end_sec": 30.0,
      "duration": 5.0,
      "frame_count": 150,
      "motion": 0.04450694633563303,
      "motion_p90": 0.09897218061607356,
      "motion_max": 0.30736205670539823,
      "texture": 4.281215037811098,
      "edge": 0.005212191358024691,
      "noise": 0.05741441389545798,
      "entropy": 0.8684929013252258,
      "hf_energy": 2.816972748261552,
      "flatness": 0.7339578510802469,
      "luma_mean": 0.37210377708182035,
      "difficulty": 0.4733825455683201
    }
  ],
  "distributions": {
    "thresholds": {
      "high_complexity": 0.45,
      "low_complexity": 0.2
    },
    "metrics": {
      "motion_mean": {
        "mean": 0.0435956955602457,
        "max": 0.05909841556221254,
        "min": 0.01904119008714597,
        "p95": 0.05876574674526447,
        "variance": 0.0001942286991843847,
        "std": 0.013936595681312731
      },
      "motion_p90": {
        "mean": 0.09203911116658593,
        "max": 0.12518953113652861,
        "min": 0.02978570337085451,
        "p95": 0.1251726261801016,
        "variance": 0.0010861400948699224,
        "std": 0.032956639617380934
      },
      "motion_max": {
        "mean": 0.26242037339627206,
        "max": 0.3776500922900024,
        "min": 0.03590328461631566,
        "p95": 0.366648908405955,
        "variance": 0.012323442467331582,
        "std": 0.11101100155989757
      },
      "texture": {
        "mean": 4.237183247803057,
        "max": 4.923887978392828,
        "min": 3.5850364432461794,
        "p95": 4.894642320847629,
        "variance": 0.256687350140875,
        "std": 0.5066432177981612
      },
      "edge_density": {
        "mean": 0.011270978009259261,
        "max": 0.017076099537037037,
        "min": 0.005212191358024691,
        "p95": 0.016896641107253085,
        "variance": 2.211269364514221e-05,
        "std": 0.004702413597839115
      },
      "noise_level": {
        "mean": 0.049662255856674165,
        "max": 0.07703705644235015,
        "min": 0.009447941381949931,
        "p95": 0.0739483075303724,
        "variance": 0.0005105220147676401,
        "std": 0.02259473422653252
      },
      "high_freq_energy": {
        "mean": 3.892442911681075,
        "max": 5.0,
        "min": 2.618419298483076,
        "p95": 5.0,
        "variance": 0.9175476734942568,
        "std": 0.9578870880715831
      },
      "flatness": {
        "mean": 0.7076357944315844,
        "max": 0.7376572145061728,
        "min": 0.6503445698302469,
        "p95": 0.7375038580246913,
        "variance": 0.0014662667482752696,
        "std": 0.03829186269007124
      },
      "entropy": {
        "mean": 0.881573690722386,
        "max": 0.9020523950457573,
        "min": 0.86777663230896,
        "p95": 0.9013996552675962,
        "variance": 0.00020931259201923617,
        "std": 0.014467639476405132
      },
      "difficulty": {
        "mean": 0.47313168975237296,
        "max": 0.5369231861537642,
        "min": 0.37920209437700314,
        "p95": 0.5307542584251027,
        "variance": 0.0028969478505925556,
        "std": 0.053823302115278616
      }
    },
    "high_complexity_ratio": 0.6666666666666666,
    "low_complexity_ratio": 0.0,
    "high_complexity_segment_ratio": 0.6666666666666666,
    "low_complexity_segment_ratio": 0.0,
    "scene_complexity_histogram": {
      "bins": [
        0.0,
        0.2,
        0.4,
        0.6,
        0.8,
        1.0
      ],
      "counts": [
        0,
        1,
        5,
        0,
        0
      ],
      "fractions": [
        0.0,
        0.16666666666666666,
        0.8333333333333334,
        0.0,
        0.0
      ]
    },
    "worst_segment_index": 1
  },
  "summary_raw": {
    "segment_count": 6.0,
    "cut_count": 5.0,
    "cut_rate": 0.16666666666666666,
    "hard_fraction": 0.6666666666666666,
    "worst_difficulty": 0.5369231861537642,