{
  "video": "21.mp4",
  "path": "/root/terry/videos/21.mp4",
  "extracted_at": "2026-07-17T18:24:55Z",
  "elapsed_sec": 17.665,
  "meta": {
    "path": "/root/terry/videos/21.mp4",
    "width": 3840,
    "height": 2160,
    "fps": 30.0,
    "frame_count": 900,
    "duration": 30.0,
    "detail_scale": 0.25,
    "texture_compensation": 16.0,
    "scene_spans_provided": false
  },
  "cut_times_sec": [
    6.0,
    10.0,
    16.0,
    20.0,
    26.0
  ],
  "global": {
    "mean_motion": 0.04500608193637538,
    "mean_texture": 3.7152332377856014,
    "mean_noise": 0.04811182477666687,
    "mean_edge": 0.03769460519547325,
    "mean_entropy": 0.7565788959463438,
    "mean_hf_energy": 3.9207497842018837,
    "mean_flatness": 0.7424351048096708,
    "mean_luma": 0.2388376310593682,
    "mean_difficulty": 0.4599860318332094,
    "motion_p90": 0.13262242495763732,
    "motion_level": 0.4777078976162473,
    "texture_level": 0.46819458564804217,
    "noise_level_norm": 0.5005817430733768,
    "edge_level": 0.44245295942138035,
    "segment_count": 6,
    "cut_count": 5,
    "cut_rate": 0.16666666666666666,
    "hard_fraction": 0.6,
    "worst_difficulty": 0.5395821185422318,
    "volatility": 0.4888523717217552,
    "duration": 30.0,
    "fps": 30.0,
    "width": 3840,
    "height": 2160,
    "n_segments": 6
  },
  "segments": [
    {
      "index": 0,
      "start_sec": 0.0,
      "end_sec": 6.0,
      "duration": 6.0,
      "frame_count": 180,
      "motion": 0.015482202969922539,
      "motion_p90": 0.02407206336238199,
      "motion_max": 0.02470222857661583,
      "texture": 3.276435221531663,
      "edge": 0.01093364197530864,
      "noise": 0.00872117665130645,
      "entropy": 0.7687124907970428,
      "hf_energy": 1.5377651145653681,
      "flatness": 0.8341321855709877,
      "luma_mean": 0.19171940340565238,
      "difficulty": 0.31193959291327006
    },
    {
      "index": 1,
      "start_sec": 6.0,
      "end_sec": 10.0,
      "duration": 4.0,
      "frame_count": 120,
      "motion": 0.04022485191993465,
      "motion_p90": 0.07462457486080849,
      "motion_max": 0.18327266400387315,
      "texture": 4.498365582228319,
      "edge": 0.07268783757716049,
      "noise": 0.019622646272182465,
      "entropy": 0.6494522839784622,
      "hf_energy": 5.0,
      "flatness": 0.6321344521604939,
      "luma_mean": 0.13085925018155412,
      "difficulty": 0.4580049687544551
    },
    {
      "index": 2,
      "start_sec": 10.0,
      "end_sec": 16.0,
      "duration": 6.0,
      "frame_count": 180,
      "motion": 0.06243172620128298,
      "motion_p90": 0.12984121429435966,
      "motion_max": 0.3853283254659889,
      "texture": 3.411366615264665,
      "edge": 0.03114583333333333,
      "noise": 0.09011882543563843,
      "entropy": 0.8458017781376839,
      "hf_energy": 5.0,
      "flatness": 0.7538524787808643,
      "luma_mean": 0.38445819905894457,
      "difficulty": 0.5342107962018943
    },
    {
      "index": 3,
      "start_sec": 16.0,
      "end_sec": 20.0,
      "duration": 4.0,
      "frame_count": 120,
      "motion": 0.0573892321396151,
      "motion_p90": 0.11914032921810691,
      "motion_max": 0.3338323499152747,
      "texture": 3.279676766794836,
      "edge": 0.0125,
      "noise": 0.07122294185683131,
      "entropy": 0.8042034208774567,
      "hf_energy": 2.0989757096660786,
      "flatness": 0.8244519193672839,
      "luma_mean": 0.22093286375121035,
      "difficulty": 0.4696833608415867
    },
    {
      "index": 4,
      "start_sec": 20.0,
      "end_sec": 26.0,
      "duration": 6.0,
      "frame_count": 180,
      "motion": 0.03918460553588719,
      "motion_p90": 0.0735965618191721,
      "motion_max": 0.16810751785282013,
      "texture": 4.437138957136631,
      "edge": 0.06804301697530865,
      "noise": 0.01671558804810047,
      "entropy": 0.6295485347509384,
      "hf_energy": 5.0,
      "flatness": 0.645966194058642,
      "luma_mean": 0.12404240044783345,
      "difficulty": 0.4464953537458184
    },
    {
      "index": 5,
      "start_sec": 26.0,
      "end_sec": 30.0,
      "duration": 4.0,
      "frame_count": 120,
      "motion": 0.06428372840262649,
      "motion_p90": 0.13262242495763732,
      "motion_max": 0.39904352003146937,
      "texture": 3.3987957434694147,
      "edge": 0.032337962962962964,
      "noise": 0.09665971249341965,
      "entropy": 0.8545918092131615,
      "hf_energy": 5.0,
      "flatness": 0.7607506269290123,
      "luma_mean": 0.38916011464385136,
      "difficulty": 0.5395821185422318
    }
  ],
  "distributions": {
    "thresholds": {
      "high_complexity": 0.45,
      "low_complexity": 0.2
    },
    "metrics": {
      "motion_mean": {
        "mean": 0.04649939119487816,
        "max": 0.06428372840262649,
        "min": 0.015482202969922539,
        "p95": 0.0638207278522906,
        "variance": 0.00029060874703483295,
        "std": 0.01704725042447705
      },
      "motion_p90": {
        "mean": 0.09231619475207775,
        "max": 0.13262242495763732,
        "min": 0.02407206336238199,
        "p95": 0.1319271222918179,
        "variance": 0.0015121555025896256,
        "std": 0.038886443686580875
      },
      "motion_max": {
        "mean": 0.249047767641007,
        "max": 0.39904352003146937,
        "min": 0.02470222857661583,
        "p95": 0.39561472139009923,
        "variance": 0.018244691793338878,
        "std": 0.13507291287796705
      },
      "texture": {
        "mean": 3.7169631477375877,
        "max": 4.498365582228319,
        "min": 3.276435221531663,
        "p95": 4.483058925955397,
        "variance": 0.2848578219325219,
        "std": 0.5337207340290631
      },
      "edge_density": {
        "mean": 0.03794138213734568,
        "max": 0.07268783757716049,
        "min": 0.01093364197530864,
        "p95": 0.07152663242669753,
        "variance": 0.000594614054876536,
        "std": 0.02438470944826975
      },
      "noise_level": {
        "mean": 0.050510148459579796,
        "max": 0.09665971249341965,
        "min": 0.00872117665130645,
        "p95": 0.09502449072897434,
        "variance": 0.0013283462720331222,
        "std": 0.03644648504359676
      },
      "high_freq_energy": {
        "mean": 3.9394568040385742,
        "max": 5.0,
        "min": 1.5377651145653681,
        "p95": 5.0,
        "variance": 2.275750185337924,
        "std": 1.5085589764201877
      },
      "flatness": {
        "mean": 0.7418813094778808,
        "max": 0.8341321855709877,
        "min": 0.6321344521604939,
        "p95": 0.8317121190200617,
        "variance": 0.006178595308322466,
        "std": 0.07860404129764872
      },
      "entropy": {
        "mean": 0.7587183862924576,
        "max": 0.8545918092131615,
        "min": 0.6295485347509384,
        "p95": 0.8523943014442921,
        "variance": 0.007927988752666518,
        "std": 0.08903925399882076
      },
      "difficulty": {
        "mean": 0.4599860318332094,
        "max": 0.5395821185422318,
        "min": 0.31193959291327006,
        "p95": 0.5382392879571474,
        "variance": 0.005673760322988111,
        "std": 0.07532436739188794
      }
    },
    "high_complexity_ratio": 0.6,
    "low_complexity_ratio": 0.0,
    "high_complexity_segment_ratio": 0.6666666666666666,
    "low_complexity_segment_ratio": 0.0,
    "scene_complexity_histogram": {
      "bins": [
        0.0,
        0.2,
        0.4,
        0.6,
        0.8,
        1.0
      ],
      "counts": [
        0,
        1,
        5,
        0,
        0
      ],
      "fractions": [
        0.0,
        0.16666666666666666,
        0.8333333333333334,
        0.0,
        0.0
      ]
    },
    "worst_segment_index": 5
  },
  "summary_raw": {
    "segment_count": 6.0,
    "cut_count": 5.0,
    "cut_rate": 0.16666666666666666,
    "hard_fraction": 0.6,
    "worst_difficulty": 0.5395821185422318,
    "difficulty_mean": 0.4599860318332094,
    "difficulty_p90": 0.536896457372063,