{
  "video": "21f1ded5-5fab-4847-99c7-7ec1e5857107.mp4",
  "path": "/root/workspace/raw videos/21f1ded5-5fab-4847-99c7-7ec1e5857107.mp4",
  "extracted_at": "2026-07-22T16:54:44Z",
  "elapsed_sec": 127.019,
  "meta": {
    "path": "../raw videos/21f1ded5-5fab-4847-99c7-7ec1e5857107.mp4",
    "width": 3840,
    "height": 2160,
    "fps": 30.0,
    "frame_count": 898,
    "duration": 29.933333333333334,
    "detail_scale": 0.25,
    "texture_compensation": 16.0,
    "scene_spans_provided": true,
    "scene_detect": {
      "detector": "content",
      "ok": true,
      "error": "",
      "detect_sec": 28.75,
      "n_scenes": 6
    },
    "samples_per_segment": 16,
    "si_ti_agg": "mean"
  },
  "cut_times_sec": [
    6.0,
    9.966667,
    15.966667,
    19.966667,
    25.966667
  ],
  "global": {
    "mean_motion": 0.027644793402327093,
    "mean_texture": 4.4405601816632965,
    "mean_noise": 0.01912572814715831,
    "mean_edge": 0.04326868859597115,
    "mean_entropy": 0.849562255810855,
    "mean_hf_energy": 5.0,
    "mean_flatness": 0.7080427971957144,
    "mean_luma": 0.5486378936877567,
    "mean_difficulty": 0.41079551539343884,
    "motion_p90": 0.02301005355846042,
    "motion_level": 0.13695640868570935,
    "texture_level": 0.5127335978872523,
    "noise_level_norm": 0.284923957997586,
    "edge_level": 0.4766917894844596,
    "segment_count": 6,
    "cut_count": 5,
    "cut_rate": 0.16703786191536749,
    "hard_fraction": 0.0,
    "worst_difficulty": 0.42940988352405873,
    "volatility": 0.3186602487345523,
    "duration": 29.933333333333334,
    "fps": 30.0,
    "width": 3840,
    "height": 2160,
    "n_segments": 6
  },
  "segments": [
    {
      "index": 0,
      "start_sec": 0.0,
      "end_sec": 6.0,
      "duration": 6.0,
      "frame_count": 180,
      "motion": 0.012394328892822562,
      "motion_p90": 0.02087060866013072,
      "motion_max": 0.02463000030259017,
      "texture": 4.064000648914879,
      "edge": 0.06757643711419753,
      "noise": 0.0,
      "entropy": 0.9086766801774502,
      "hf_energy": 5.0,
      "flatness": 0.6720169029706791,
      "si": 77.1751770505893,
      "ti": 23.155137171771006,
      "luma_mean": 0.39194221946108687,
      "sat_mean": 0.36086498899328245,
      "difficulty": 0.3910468129450857
    },
    {
      "index": 1,
      "start_sec": 6.0,
      "end_sec": 9.966666666666667,
      "duration": 3.966666666666667,
      "frame_count": 119,
      "motion": 0.032699602661280566,
      "motion_p90": 0.016928747579278626,
      "motion_max": 0.3252211328976035,
      "texture": 4.547215520626255,
      "edge": 0.027327112268518517,
      "noise": 0.03161426467704587,
      "entropy": 0.8282230272889137,
      "hf_energy": 5.0,
      "flatness": 0.7448635223765432,
      "si": 78.85369831600599,
      "ti": 26.33094138614703,
      "luma_mean": 0.6506650487548415,
      "sat_mean": 0.22684703026658193,
      "difficulty": 0.412992977194781
    },
    {
      "index": 2,
      "start_sec": 9.966666666666667,
      "end_sec": 15.966666666666667,
      "duration": 6.0,
      "frame_count": 180,
      "motion": 0.027554469067719682,
      "motion_p90": 0.018841945806100217,
      "motion_max": 0.26658914306463327,
      "texture": 4.6850300416464234,
      "edge": 0.034124348958333335,
      "noise": 0.015625441796146333,
      "entropy": 0.8080622181296349,
      "hf_energy": 5.0,
      "flatness": 0.7097117332175925,
      "si": 72.8232332832593,
      "ti": 24.05624126529444,
      "luma_mean": 0.6033317773579339,
      "sat_mean": 0.17739505794601793,
      "difficulty": 0.39839038877278576
    },
    {
      "index": 3,
      "start_sec": 15.966666666666667,
      "end_sec": 19.966666666666665,
      "duration": 3.9999999999999982,
      "frame_count": 120,
      "motion": 0.027937225777656744,
      "motion_p90": 0.015321558793270395,
      "motion_max": 0.2905369386952312,
      "texture": 4.057123567215289,
      "edge": 0.06716760706018518,
      "noise": 0.021076177101349458,
      "entropy": 0.9099931865930557,
      "hf_energy": 5.0,
      "flatness": 0.6681288580246914,
      "si": 77.35226561632368,
      "ti": 19.095567232714554,
      "luma_mean": 0.3960686265053861,
      "sat_mean": 0.36121491041439724,
      "difficulty": 0.42940988352405873
    },
    {
      "index": 4,
      "start_sec": 19.966666666666665,
      "end_sec": 25.966666666666665,
      "duration": 6.0,
      "frame_count": 180,
      "motion": 0.03667802514524328,
      "motion_p90": 0.022039922990801257,
      "motion_max": 0.3418430237835875,
      "texture": 4.581779145559721,
      "edge": 0.02732867959104938,
      "noise": 0.03306779442937113,
      "entropy": 0.8214725703001022,
      "hf_energy": 5.0,
      "flatness": 0.7441440007716049,
      "si": 78.82286641861101,
      "ti": 35.4046170809199,
      "luma_mean": 0.6376550093802953,
      "sat_mean": 0.21453347451056037,
      "difficulty": 0.4208671532214055
    },
    {
      "index": 5,
      "start_sec": 25.966666666666665,
      "end_sec": 29.933333333333334,
      "duration": 3.9666666666666686,
      "frame_count": 119,
      "motion": 0.03183593702720286,
      "motion_p90": 0.02301005355846042,
      "motion_max": 0.21255435275962237,
      "texture": 4.706754601777281,
      "edge": 0.03628520447530864,
      "noise": 0.01780573619180359,
      "entropy": 0.8258077204227448,
      "hf_energy": 5.0,
      "flatness": 0.7088330680941358,
      "si": 71.3028889148252,
      "ti": 29.114970633013197,
      "luma_mean": 0.6201027851534132,
      "sat_mean": 0.19973279254796056,
      "difficulty": 0.4120658767025164
    }
  ],
  "distributions": {
    "thresholds": {
      "high_complexity": 0.45,
      "low_complexity": 0.2
    },
    "metrics": {
      "motion_mean": {
        "mean": 0.028183264761987615,
        "max": 0.03667802514524328,
        "min": 0.012394328892822562,
        "p95": 0.0356834195242526,
        "variance": 5.927444862568995e-05,
        "std": 0.007698990104272764
      },
      "motion_p90": {
        "mean": 0.019502139564673605,
        "max": 0.02301005355846042,
        "min": 0.015321558793270395,
        "p95": 0.02276752091654563,
        "variance": 7.5256617777559e-06,
        "std": 0.0027432939648816164
      },
      "motion_max": {
        "mean": 0.2435624319172113,
        "max": 0.3418430237835875,
        "min": 0.02463000030259017,
        "p95": 0.3376875510620915,
        "variance": 0.01132616041374157,
        "std": 0.10642443522867091
      },
      "texture": {
        "mean": 4.440317254289975,
        "max": 4.706754601777281,
        "min": 4.057123567215289,
        "p95": 4.7013234617445665,
        "variance": 0.07512725062567961,
        "std": 0.2740935070841329
      },
      "edge_density": {
        "mean": 0.04330156491126543,
        "max": 0.06757643711419753,
        "min": 0.027327112268518517,
        "p95": 0.06747422960069444,
        "variance": 0.0003004373662374746,
        "std": 0.01733312915308354
      },
      "noise_level": {
        "mean": 0.01986490236595273,
        "max": 0.03306779442937113,
        "min": 0.0,
        "p95": 0.03270441199128982,
        "variance": 0.00012177643288412676,
        "std": 0.011035235968665407
      },
      "high_freq_energy": {
        "mean": 5.0,
        "max": 5.0,
        "min": 5.0,
        "p95": 5.0,
        "variance": 0.0,
        "std": 0.0
      },
      "flatness": {
        "mean": 0.7079496809092077,
        "max": 0.7448635223765432,
        "min": 0.6681288580246914,
        "p95": 0.7446836419753087,
        "variance": 0.0009255680248354514,
        "std": 0.03042314948908892
      },
      "entropy": {
        "mean": 0.8503725671519836,
        "max": 0.9099931865930557,
        "min": 0.8080622181296349,
        "p95": 0.9096640599891543,
        "variance": 0.0017788995202719943,
        "std": 0.04217700226749163
      },
      "difficulty": {
        "mean": 0.41079551539343884,