{
  "video": "22.mp4",
  "path": "/root/terry/videos/22.mp4",
  "extracted_at": "2026-07-17T18:25:13Z",
  "elapsed_sec": 17.489,
  "meta": {
    "path": "/root/terry/videos/22.mp4",
    "width": 3840,
    "height": 2160,
    "fps": 30.0,
    "frame_count": 900,
    "duration": 30.0,
    "detail_scale": 0.25,
    "texture_compensation": 16.0,
    "scene_spans_provided": false
  },
  "cut_times_sec": [
    7.0,
    10.0,
    17.0,
    20.0,
    27.0
  ],
  "global": {
    "mean_motion": 0.03667356723553619,
    "mean_texture": 4.545654784017522,
    "mean_noise": 0.024104363180231302,
    "mean_edge": 0.026616295331790125,
    "mean_entropy": 0.8314004249870778,
    "mean_hf_energy": 4.228630998810235,
    "mean_flatness": 0.6849456741898148,
    "mean_luma": 0.4196003664808259,
    "mean_difficulty": 0.44932724076987096,
    "motion_p90": 0.09354384909828124,
    "motion_level": 0.3921452992893592,
    "texture_level": 0.5185756108380684,
    "noise_level_norm": 0.3342982604253822,
    "edge_level": 0.3591152959364633,
    "segment_count": 6,
    "cut_count": 5,
    "cut_rate": 0.16666666666666666,
    "hard_fraction": 0.6666666666666666,
    "worst_difficulty": 0.5150179307926984,
    "volatility": 0.3339396191941634,
    "duration": 30.0,
    "fps": 30.0,
    "width": 3840,
    "height": 2160,
    "n_segments": 6
  },
  "segments": [
    {
      "index": 0,
      "start_sec": 0.0,
      "end_sec": 7.0,
      "duration": 7.0,
      "frame_count": 210,
      "motion": 0.009234468613834423,
      "motion_p90": 0.011261492374727669,
      "motion_max": 0.011464854151537158,
      "texture": 4.308848694331397,
      "edge": 0.005477912808641975,
      "noise": 0.009447941498365253,
      "entropy": 0.866169661283493,
      "hf_energy": 2.5912910802739884,
      "flatness": 0.7275800540123456,
      "luma_mean": 0.3664556856693294,
      "difficulty": 0.33179446070996566
    },
    {
      "index": 1,
      "start_sec": 7.0,
      "end_sec": 10.0,
      "duration": 3.0,
      "frame_count": 90,
      "motion": 0.05809211223069474,
      "motion_p90": 0.08695210980997334,
      "motion_max": 0.1905982585935609,
      "texture": 4.561281739716101,
      "edge": 0.07443166473765432,
      "noise": 0.024710000841878355,
      "entropy": 0.9153378158807755,
      "hf_energy": 5.0,
      "flatness": 0.6391447241512347,
      "luma_mean": 0.40961053429859595,
      "difficulty": 0.5150179307926984
    },
    {
      "index": 2,
      "start_sec": 10.0,
      "end_sec": 17.0,
      "duration": 7.0,
      "frame_count": 210,
      "motion": 0.04379389448680707,
      "motion_p90": 0.09354384909828124,
      "motion_max": 0.2774627965383685,
      "texture": 4.813509578160647,
      "edge": 0.009442274305555557,
      "noise": 0.029797352850437164,
      "entropy": 0.7169233933091164,
      "hf_energy": 5.0,
      "flatness": 0.6658318865740741,
      "luma_mean": 0.4926989407452796,
      "difficulty": 0.45293742880561905
    },
    {
      "index": 3,
      "start_sec": 17.0,
      "end_sec": 20.0,
      "duration": 3.0,
      "frame_count": 90,
      "motion": 0.04185694860505931,
      "motion_p90": 0.0859011884229,
      "motion_max": 0.25842971586782865,
      "texture": 4.265929321492234,
      "edge": 0.005290798611111111,
      "noise": 0.054507354798261076,
      "entropy": 0.8976760059595108,
      "hf_energy": 2.906630800796373,
      "flatness": 0.7284377411265432,
      "luma_mean": 0.39412283648027113,
      "difficulty": 0.4683690219546815
    },
    {
      "index": 4,
      "start_sec": 20.0,
      "end_sec": 27.0,
      "duration": 7.0,
      "frame_count": 210,
      "motion": 0.042665743766642464,
      "motion_p90": 0.07418474113410795,
      "motion_max": 0.15898751815541032,
      "texture": 4.509718174606577,
      "edge": 0.06083646797839506,
      "noise": 0.021076177014037967,
      "entropy": 0.8981143683195114,
      "hf_energy": 5.0,
      "flatness": 0.670557243441358,
      "luma_mean": 0.38586373513525785,
      "difficulty": 0.4910948634689766
    },
    {
      "index": 5,
      "start_sec": 27.0,
      "end_sec": 30.0,
      "duration": 3.0,
      "frame_count": 90,
      "motion": 0.04350036216261196,
      "motion_p90": 0.08727200511377388,
      "motion_max": 0.25401003842895187,
      "texture": 4.821158402403436,
      "edge": 0.009674961419753086,
      "noise": 0.021076176315546036,
      "entropy": 0.7115064412355423,
      "hf_energy": 5.0,
      "flatness": 0.6659461805555555,
      "luma_mean": 0.4872274504130356,
      "difficulty": 0.43674973888728474
    }
  ],
  "distributions": {
    "thresholds": {
      "high_complexity": 0.45,
      "low_complexity": 0.2
    },
    "metrics": {
      "motion_mean": {
        "mean": 0.03985725497760833,
        "max": 0.05809211223069474,
        "min": 0.009234468613834423,
        "p95": 0.054517557794722823,
        "variance": 0.00021848680136506387,
        "std": 0.014781299041865835
      },
      "motion_p90": {
        "mean": 0.07318589765896068,
        "max": 0.09354384909828124,
        "min": 0.011261492374727669,
        "p95": 0.0919758881021544,
        "variance": 0.0007999469140543793,
        "std": 0.028283332796089983
      },
      "motion_max": {
        "mean": 0.1918255302892762,
        "max": 0.2774627965383685,
        "min": 0.011464854151537158,
        "p95": 0.2727045263707335,
        "variance": 0.008207764448892497,
        "std": 0.09059671323449045
      },
      "texture": {
        "mean": 4.546740985118398,
        "max": 4.821158402403436,
        "min": 4.265929321492234,
        "p95": 4.819246196342739,
        "variance": 0.04725007593832967,
        "std": 0.21737082586752454
      },
      "edge_density": {
        "mean": 0.027525679976851847,
        "max": 0.07443166473765432,
        "min": 0.005290798611111111,
        "p95": 0.07103286554783951,
        "variance": 0.0008226552839656613,
        "std": 0.028681967923517054
      },
      "noise_level": {
        "mean": 0.02676916721975431,
        "max": 0.054507354798261076,
        "min": 0.009447941498365253,
        "p95": 0.0483298543113051,
        "variance": 0.00019127704465586102,
        "std": 0.013830294452970298
      },
      "high_freq_energy": {
        "mean": 4.2496536468450605,
        "max": 5.0,
        "min": 2.5912910802739884,
        "p95": 5.0,
        "variance": 1.134325894330763,
        "std": 1.0650473671770486
      },
      "flatness": {
        "mean": 0.6829163049768519,
        "max": 0.7284377411265432,
        "min": 0.6391447241512347,
        "p95": 0.7282233193479939,
        "variance": 0.0011192686320138513,
        "std": 0.03345547237768212
      },
      "entropy": {
        "mean": 0.8342879476646582,
        "max": 0.9153378158807755,
        "min": 0.7115064412355423,
        "p95": 0.9110319539904594,
        "variance": 0.007421186608200539,
        "std": 0.08614630931270671
      },
      "difficulty": {
        "mean": 0.44932724076987096,
        "max": 0.5150179307926984,
        "min": 0.33179446070996566,
        "p95": 0.5090371639617679,
        "variance": 0.0034012619820283745,
        "std": 0.058320339351107815
      }
    },
    "high_complexity_ratio": 0.6666666666666666,
    "low_complexity_ratio": 0.0,
    "high_complexity_segment_ratio": 0.6666666666666666,
    "low_complexity_segment_ratio": 0.0,
    "scene_complexity_histogram": {
      "bins": [
        0.0,
        0.2,
        0.4,
        0.6,
        0.8,
        1.0
      ],
      "counts": [
        0,
        1,
        5,
        0,
        0
      ],
      "fractions": [
        0.0,
        0.16666666666666666,
        0.8333333333333334,
        0.0,
        0.0
      ]
    },
    "worst_segment_index": 1
  },
  "summary_raw": {
    "segment_count": 6.0,
    "cut_count": 5.0,
    "cut_rate": 0.16666666666666666,
    "hard_fraction": 0.6666666666666666,
    "worst_difficulty": 0.5150179307926984,
    "difficulty_mean": 0.44932724076987096,