{
  "video": "23.mp4",
  "path": "/root/terry/videos/23.mp4",
  "extracted_at": "2026-07-17T18:25:30Z",
  "elapsed_sec": 16.683,
  "meta": {
    "path": "/root/terry/videos/23.mp4",
    "width": 3840,
    "height": 2160,
    "fps": 30.0,
    "frame_count": 900,
    "duration": 30.0,
    "detail_scale": 0.25,
    "texture_compensation": 16.0,
    "scene_spans_provided": false
  },
  "cut_times_sec": [
    7.0,
    10.0,
    17.0,
    20.0,
    27.0
  ],
  "global": {
    "mean_motion": 0.07227333052176632,
    "mean_texture": 5.145810459550649,
    "mean_noise": 0.05317495080525987,
    "mean_edge": 0.11687538580246914,
    "mean_entropy": 0.8545816369354724,
    "mean_hf_energy": 5.0,
    "mean_flatness": 0.4185227703832305,
    "mean_luma": 0.3324064645553438,
    "mean_difficulty": 0.5646311220149934,
    "motion_p90": 0.18570432628298228,
    "motion_level": 0.5615418714664043,
    "texture_level": 0.5494250051049543,
    "noise_level_norm": 0.525574268947363,
    "edge_level": 0.7110272942137394,
    "segment_count": 6,
    "cut_count": 5,
    "cut_rate": 0.16666666666666666,
    "hard_fraction": 0.7666666666666667,
    "worst_difficulty": 0.6586379072009605,
    "volatility": 0.5627259294915613,
    "duration": 30.0,
    "fps": 30.0,
    "width": 3840,
    "height": 2160,
    "n_segments": 6
  },
  "segments": [
    {
      "index": 0,
      "start_sec": 0.0,
      "end_sec": 7.0,
      "duration": 7.0,
      "frame_count": 210,
      "motion": 0.015489315730150085,
      "motion_p90": 0.02098154729484386,
      "motion_max": 0.021086124727668843,
      "texture": 3.896664905795432,
      "edge": 0.04326003086419754,
      "noise": 0.0,
      "entropy": 0.6967955082654953,
      "hf_energy": 5.0,
      "flatness": 0.7365986689814815,
      "luma_mean": 0.13228171901476643,
      "difficulty": 0.34302226315872664
    },
    {
      "index": 1,
      "start_sec": 7.0,
      "end_sec": 10.0,
      "duration": 3.0,
      "frame_count": 90,
      "motion": 0.08554655917150811,
      "motion_p90": 0.16354881838537877,
      "motion_max": 0.42843678891309606,
      "texture": 5.389617024735117,
      "edge": 0.13048008294753086,
      "noise": 0.06758911575889215,
      "entropy": 0.9377213045954704,
      "hf_energy": 5.0,
      "flatness": 0.30647521219135804,
      "luma_mean": 0.5208818281363471,
      "difficulty": 0.6310923610730896
    },
    {
      "index": 2,
      "start_sec": 10.0,
      "end_sec": 17.0,
      "duration": 7.0,
      "frame_count": 210,
      "motion": 0.08898865570533769,
      "motion_p90": 0.1334658882534495,
      "motion_max": 0.29727335996126847,
      "texture": 5.892742917934441,
      "edge": 0.16124131944444445,
      "noise": 0.05450735398335382,
      "entropy": 0.9127269014716148,
      "hf_energy": 5.0,
      "flatness": 0.2321120273919753,
      "luma_mean": 0.3512177675275357,
      "difficulty": 0.6187226008047498
    },
    {
      "index": 3,
      "start_sec": 17.0,
      "end_sec": 20.0,
      "duration": 3.0,
      "frame_count": 90,
      "motion": 0.05655694085118615,
      "motion_p90": 0.11546770001210355,
      "motion_max": 0.3303805676591624,
      "texture": 4.107952189807819,
      "edge": 0.04988956404320988,
      "noise": 0.05886794254183769,
      "entropy": 0.7323969304561615,
      "hf_energy": 5.0,
      "flatness": 0.7113346354166667,
      "luma_mean": 0.1425142103909465,
      "difficulty": 0.5176786257642593
    },
    {
      "index": 4,
      "start_sec": 20.0,
      "end_sec": 27.0,
      "duration": 7.0,
      "frame_count": 210,
      "motion": 0.10668109738108206,
      "motion_p90": 0.18570432628298228,
      "motion_max": 0.4303522981723554,
      "texture": 5.702756317353936,
      "edge": 0.15136091820987654,
      "noise": 0.09520617418456823,
      "entropy": 0.9451612681150436,
      "hf_energy": 5.0,
      "flatness": 0.2870317322530864,
      "luma_mean": 0.5075125215595497,
      "difficulty": 0.6586379072009605
    },
    {
      "index": 5,
      "start_sec": 27.0,
      "end_sec": 30.0,
      "duration": 3.0,
      "frame_count": 90,
      "motion": 0.08792531128963932,
      "motion_p90": 0.13327120400629383,
      "motion_max": 0.29357931644880175,
      "texture": 5.81215238510134,
      "edge": 0.1580389178240741,
      "noise": 0.055960884026717395,
      "entropy": 0.9147695526480675,
      "hf_energy": 5.0,
      "flatness": 0.23735218942901237,
      "luma_mean": 0.34830725478848945,
      "difficulty": 0.6186329740881744
    }
  ],
  "distributions": {
    "thresholds": {
      "high_complexity": 0.45,
      "low_complexity": 0.2
    },
    "metrics": {
      "motion_mean": {
        "mean": 0.07353131335481723,
        "max": 0.10668109738108206,
        "min": 0.015489315730150085,
        "p95": 0.10225798696214597,
        "variance": 0.0008910656220443765,
        "std": 0.029850722303562047
      },
      "motion_p90": {
        "mean": 0.12540658070584196,
        "max": 0.18570432628298228,
        "min": 0.02098154729484386,
        "p95": 0.18016544930858142,
        "variance": 0.0027034703511708657,
        "std": 0.051994906973384096
      },
      "motion_max": {
        "mean": 0.3001847426470588,
        "max": 0.4303522981723554,
        "min": 0.021086124727668843,
        "p95": 0.42987342085754054,
        "variance": 0.01870868567665598,
        "std": 0.13677969760405226
      },
      "texture": {
        "mean": 5.1336476234546815,
        "max": 5.892742917934441,
        "min": 3.896664905795432,
        "p95": 5.872595284726166,
        "variance": 0.6680294639889616,
        "std": 0.817330694388117
      },
      "edge_density": {
        "mean": 0.11571180555555555,
        "max": 0.16124131944444445,
        "min": 0.04326003086419754,
        "p95": 0.16044071903935186,
        "variance": 0.0024892182419589946,
        "std": 0.04989206592193787
      },
      "noise_level": {
        "mean": 0.055355245082561545,
        "max": 0.09520617418456823,
        "min": 0.0,
        "p95": 0.0883019095781492,
        "variance": 0.0008025653435759997,
        "std": 0.028329584246437497
      },
      "high_freq_energy": {
        "mean": 5.0,
        "max": 5.0,
        "min": 5.0,
        "p95": 5.0,
        "variance": 0.0,
        "std": 0.0
      },
      "flatness": {
        "mean": 0.41848407761059675,
        "max": 0.7365986689814815,
        "min": 0.2321120273919753,
        "p95": 0.7302826605902778,
        "variance": 0.047387891583634156,
        "std": 0.21768760089549005
      },
      "entropy": {
        "mean": 0.8565952442586422,
        "max": 0.9451612681150436,
        "min": 0.6967955082654953,
        "p95": 0.9433012772351503,
        "variance": 0.010320261353404817,
        "std": 0.10158868713299142
      },
      "difficulty": {
        "mean": 0.5646311220149934,
        "max": 0.6586379072009605,
        "min": 0.34302226315872664,
        "p95": 0.6517515206689928,
        "variance": 0.011735247215147725,
        "std": 0.10832934604781719
      }
    },
    "high_complexity_ratio": 0.7666666666666667,
    "low_complexity_ratio": 0.0,
    "high_complexity_segment_ratio": 0.8333333333333334,
    "low_complexity_segment_ratio": 0.0,
    "scene_complexity_histogram": {
      "bins": [
        0.0,
        0.2,
        0.4,
        0.6,
        0.8,
        1.0
      ],
      "counts": [
        0,
        1,
        1,
        4,
        0
      ],
      "fractions": [
        0.0,
        0.16666666666666666,
        0.16666666666666666,
        0.6666666666666666,
        0.0
      ]
    },
    "worst_segment_index": 4
  },
  "summary_raw": {
    "segment_count": 6.0,
    "cut_count": 5.0,
    "cut_rate": 0.16666666666666666,
    "hard_fraction": 0.7666666666666667,
    "worst_difficulty": 0.6586379072009605,
    "difficulty_mean": 0.5646311220149934,
    "difficulty_p90": 0.6448651341370251,
    "duration_weighted_difficulty": 0.5548297093642544,
    "motion_mean": 0.07227333052176632,