{
  "video": "24.mp4",
  "path": "/root/terry/videos/24.mp4",
  "extracted_at": "2026-07-17T18:25:47Z",
  "elapsed_sec": 17.635,
  "meta": {
    "path": "/root/terry/videos/24.mp4",
    "width": 3840,
    "height": 2160,
    "fps": 30.0,
    "frame_count": 900,
    "duration": 30.0,
    "detail_scale": 0.25,
    "texture_compensation": 16.0,
    "scene_spans_provided": false
  },
  "cut_times_sec": [
    7.0,
    10.0,
    17.0,
    20.0,
    27.0
  ],
  "global": {
    "mean_motion": 0.0464885388298838,
    "mean_texture": 4.761608327504199,
    "mean_noise": 0.04207967787709398,
    "mean_edge": 0.047857871977880655,
    "mean_entropy": 0.785576002051433,
    "mean_hf_energy": 4.628078410222094,
    "mean_flatness": 0.6042050138245884,
    "mean_luma": 0.3003025257138606,
    "mean_difficulty": 0.49293660666161293,
    "motion_p90": 0.12777568309731294,
    "motion_level": 0.46842768991152656,
    "texture_level": 0.5301509656041026,
    "noise_level_norm": 0.46713841422155283,
    "edge_level": 0.5018764679331543,
    "segment_count": 6,
    "cut_count": 5,
    "cut_rate": 0.16666666666666666,
    "hard_fraction": 0.6666666666666666,
    "worst_difficulty": 0.5795863563146784,
    "volatility": 0.4307135586692485,
    "duration": 30.0,
    "fps": 30.0,
    "width": 3840,
    "height": 2160,
    "n_segments": 6
  },
  "segments": [
    {
      "index": 0,
      "start_sec": 0.0,
      "end_sec": 7.0,
      "duration": 7.0,
      "frame_count": 210,
      "motion": 0.008910526922960542,
      "motion_p90": 0.013383389312515129,
      "motion_max": 0.013423686758654078,
      "texture": 4.579889363331039,
      "edge": 0.006052276234567901,
      "noise": 0.004360588383860886,
      "entropy": 0.8225272819399834,
      "hf_energy": 3.94207050148467,
      "flatness": 0.6805157696759259,
      "luma_mean": 0.3712729713220164,
      "difficulty": 0.3324955083032489
    },
    {
      "index": 1,
      "start_sec": 7.0,
      "end_sec": 10.0,
      "duration": 3.0,
      "frame_count": 90,
      "motion": 0.058698575745884767,
      "motion_p90": 0.11254508366618246,
      "motion_max": 0.31787105119825704,
      "texture": 4.476797455867517,
      "edge": 0.0697948013117284,
      "noise": 0.056687649339437485,
      "entropy": 0.6106281578540802,
      "hf_energy": 5.0,
      "flatness": 0.640366512345679,
      "luma_mean": 0.11755020538307917,
      "difficulty": 0.5125543993776501
    },
    {
      "index": 2,
      "start_sec": 10.0,
      "end_sec": 17.0,
      "duration": 7.0,
      "frame_count": 210,
      "motion": 0.061746878593258295,
      "motion_p90": 0.12777568309731294,
      "motion_max": 0.35808092017671267,
      "texture": 5.257696613002615,
      "edge": 0.0681322337962963,
      "noise": 0.05886794254183769,
      "entropy": 0.89861711114645,
      "hf_energy": 5.0,
      "flatness": 0.49721257716049383,
      "luma_mean": 0.4061172149222343,
      "difficulty": 0.5795863563146784
    },
    {
      "index": 3,
      "start_sec": 17.0,
      "end_sec": 20.0,
      "duration": 3.0,
      "frame_count": 90,
      "motion": 0.032699187545388524,
      "motion_p90": 0.06454389826918419,
      "motion_max": 0.18672686698136046,
      "texture": 4.588670961451159,
      "edge": 0.005685763888888889,
      "noise": 0.03125088271917775,
      "entropy": 0.8301031738519669,
      "hf_energy": 3.7492862654233763,
      "flatness": 0.6687934027777778,
      "luma_mean": 0.37264696804647784,
      "difficulty": 0.43500752689583866
    },
    {
      "index": 4,
      "start_sec": 20.0,
      "end_sec": 27.0,
      "duration": 7.0,
      "frame_count": 210,
      "motion": 0.06210807480785523,
      "motion_p90": 0.11937948589929792,
      "motion_max": 0.3211255522270636,
      "texture": 4.446236478597638,
      "edge": 0.06797019675925925,
      "noise": 0.056687649339437485,
      "entropy": 0.6357880979776382,
      "hf_energy": 5.0,
      "flatness": 0.6367387635030863,
      "luma_mean": 0.1229349497322077,
      "difficulty": 0.5191661872926915
    },
    {
      "index": 5,
      "start_sec": 27.0,
      "end_sec": 30.0,
      "duration": 3.0,
      "frame_count": 90,
      "motion": 0.06370150425139191,
      "motion_p90": 0.12750821834906795,
      "motion_max": 0.3557043845315904,
      "texture": 5.221695796216963,
      "edge": 0.0714038387345679,
      "noise": 0.053053826093673706,
      "entropy": 0.915519542992115,
      "hf_energy": 5.0,
      "flatness": 0.4991336323302469,
      "luma_mean": 0.412069433097313,
      "difficulty": 0.5788096617855703
    }
  ],
  "distributions": {
    "thresholds": {
      "high_complexity": 0.45,
      "low_complexity": 0.2
    },
    "metrics": {
      "motion_mean": {
        "mean": 0.04797745797778988,
        "max": 0.06370150425139191,
        "min": 0.008910526922960542,
        "p95": 0.06330314689050774,
        "variance": 0.0004185183204906549,
        "std": 0.020457720315095105
      },
      "motion_p90": {
        "mean": 0.09418929309892676,
        "max": 0.12777568309731294,
        "min": 0.013383389312515129,
        "p95": 0.12770881691025168,
        "variance": 0.0017696867924945259,
        "std": 0.04206764543559011
      },
      "motion_max": {
        "mean": 0.2588220769789397,
        "max": 0.35808092017671267,
        "min": 0.013423686758654078,
        "p95": 0.3574867862654321,
        "variance": 0.015337515513556053,
        "std": 0.12384472339811678
      },
      "texture": {
        "mean": 4.761831111411156,
        "max": 5.257696613002615,
        "min": 4.446236478597638,
        "p95": 5.248696408806202,
        "variance": 0.11688158638032997,
        "std": 0.3418794910203447
      },
      "edge_density": {
        "mean": 0.048173185120884775,
        "max": 0.0714038387345679,
        "min": 0.005685763888888889,
        "p95": 0.07100157937885802,
        "variance": 0.0008961324627024871,
        "std": 0.029935471646568176
      },
      "noise_level": {
        "mean": 0.04348475640290417,
        "max": 0.05886794254183769,
        "min": 0.004360588383860886,
        "p95": 0.05832286924123764,
        "variance": 0.0003928684104684511,
        "std": 0.01982090841683224
      },
      "high_freq_energy": {
        "mean": 4.615226127818008,
        "max": 5.0,
        "min": 3.7492862654233763,
        "p95": 5.0,
        "variance": 0.299199012233993,
        "std": 0.5469908703387955
      },
      "flatness": {
        "mean": 0.6037934429655349,
        "max": 0.6805157696759259,
        "min": 0.49721257716049383,
        "p95": 0.6775851779513888,
        "variance": 0.005807908443103753,
        "std": 0.07620963484431449
      },
      "entropy": {
        "mean": 0.7855305609603723,
        "max": 0.915519542992115,
        "min": 0.6106281578540802,
        "p95": 0.9112939350306988,
        "variance": 0.014342472383059255,
        "std": 0.11976006171950336
      },
      "difficulty": {
        "mean": 0.49293660666161293,
        "max": 0.5795863563146784,
        "min": 0.3324955083032489,
        "p95": 0.5793921826824013,
        "variance": 0.007508722287890075,
        "std": 0.0866528838982874
      }
    },
    "high_complexity_ratio": 0.6666666666666666,
    "low_complexity_ratio": 0.0,
    "high_complexity_segment_ratio": 0.6666666666666666,
    "low_complexity_segment_ratio": 0.0,
    "scene_complexity_histogram": {
      "bins": [
        0.0,
        0.2,
        0.4,
        0.6,
        0.8,
        1.0
      ],
      "counts": [
        0,
        1,
        5,
        0,
        0
      ],
      "fractions": [
        0.0,
        0.16666666666666666,
        0.8333333333333334,
        0.0,
        0.0
      ]
    },
    "worst_segment_index": 2
  },
  "summary_raw": {
    "segment_count": 6.0,
    "cut_count": 5.0,
    "cut_rate": 0.16666666666666666,
    "hard_fraction": 0.6666666666666666,
    "worst_difficulty": 0.5795863563146784,
    "difficulty_mean": 0.49293660666161293,