{
  "video": "25.mp4",
  "path": "/root/terry/videos/25.mp4",
  "extracted_at": "2026-07-17T18:26:05Z",
  "elapsed_sec": 17.89,
  "meta": {
    "path": "/root/terry/videos/25.mp4",
    "width": 3840,
    "height": 2160,
    "fps": 30.0,
    "frame_count": 900,
    "duration": 30.0,
    "detail_scale": 0.25,
    "texture_compensation": 16.0,
    "scene_spans_provided": false
  },
  "cut_times_sec": [
    6.0,
    10.0,
    16.0,
    20.0,
    26.0
  ],
  "global": {
    "mean_motion": 0.05639290249536029,
    "mean_texture": 4.028893598607211,
    "mean_noise": 0.05634848999713238,
    "mean_edge": 0.04944775591563787,
    "mean_entropy": 0.8766316220164299,
    "mean_hf_energy": 4.837755059228486,
    "mean_flatness": 0.6983328350051441,
    "mean_luma": 0.3442399849587469,
    "mean_difficulty": 0.5168082976406586,
    "motion_p90": 0.14823242858871938,
    "motion_level": 0.5055117174527329,
    "texture_level": 0.48841624036555303,
    "noise_level_norm": 0.5400029267187374,
    "edge_level": 0.5100453893813321,
    "segment_count": 6,
    "cut_count": 5,
    "cut_rate": 0.16666666666666666,
    "hard_fraction": 0.8,
    "worst_difficulty": 0.5782193324244365,
    "volatility": 0.46926380628264286,
    "duration": 30.0,
    "fps": 30.0,
    "width": 3840,
    "height": 2160,
    "n_segments": 6
  },
  "segments": [
    {
      "index": 0,
      "start_sec": 0.0,
      "end_sec": 6.0,
      "duration": 6.0,
      "frame_count": 180,
      "motion": 0.03875292566872428,
      "motion_p90": 0.04927011165577342,
      "motion_max": 0.05203904926167998,
      "texture": 4.258090573780703,
      "edge": 0.06371310763888889,
      "noise": 0.003633823653217405,
      "entropy": 0.9064595773816109,
      "hf_energy": 5.0,
      "flatness": 0.6662610918209877,
      "luma_mean": 0.3995381906620673,
      "difficulty": 0.4344050753515604
    },
    {
      "index": 1,
      "start_sec": 6.0,
      "end_sec": 10.0,
      "duration": 4.0,
      "frame_count": 120,
      "motion": 0.05268568635015734,
      "motion_p90": 0.11032484870491402,
      "motion_max": 0.30822358387799564,
      "texture": 3.187774552888502,
      "edge": 0.015483458719135803,
      "noise": 0.05741441261488944,
      "entropy": 0.7444692403078079,
      "hf_energy": 4.368280138272707,
      "flatness": 0.8605912422839506,
      "luma_mean": 0.14320003668905834,
      "difficulty": 0.4656902279023409
    },
    {
      "index": 2,
      "start_sec": 10.0,
      "end_sec": 16.0,
      "duration": 6.0,
      "frame_count": 180,
      "motion": 0.0590814960436335,
      "motion_p90": 0.11919942583514881,
      "motion_max": 0.3410042211328976,
      "texture": 4.618045053613817,
      "edge": 0.07094545717592593,
      "noise": 0.07485676126088947,
      "entropy": 0.9210056811571121,
      "hf_energy": 5.0,
      "flatness": 0.5714139660493827,
      "luma_mean": 0.40742626255749215,
      "difficulty": 0.5782193324244365
    },
    {
      "index": 3,
      "start_sec": 16.0,
      "end_sec": 20.0,
      "duration": 4.0,
      "frame_count": 120,
      "motion": 0.0728342590701404,
      "motion_p90": 0.11971284041394331,
      "motion_max": 0.2906965247518761,
      "texture": 4.114748596859341,
      "edge": 0.05000192901234568,
      "noise": 0.04869323695311323,
      "entropy": 0.9029633700847626,
      "hf_energy": 5.0,
      "flatness": 0.6988011188271606,
      "luma_mean": 0.3778642533209271,
      "difficulty": 0.5391715760257257
    },
    {
      "index": 4,
      "start_sec": 20.0,
      "end_sec": 26.0,
      "duration": 6.0,
      "frame_count": 180,
      "motion": 0.06714446316721133,
      "motion_p90": 0.14823242858871938,
      "motion_max": 0.37278178709755505,
      "texture": 3.365157326017153,
      "edge": 0.020981867283950614,
      "noise": 0.09956676489673555,
      "entropy": 0.8375340551137924,
      "hf_energy": 4.609921870627289,
      "flatness": 0.8251728877314815,
      "luma_mean": 0.2817330766990438,
      "difficulty": 0.529346962992181
    },
    {
      "index": 5,
      "start_sec": 26.0,
      "end_sec": 30.0,
      "duration": 4.0,
      "frame_count": 120,
      "motion": 0.049958495975550715,
      "motion_p90": 0.10258379402686996,
      "motion_max": 0.29651143034374244,
      "texture": 4.552239409688732,
      "edge": 0.07191213348765432,
      "noise": 0.049420000694226474,
      "entropy": 0.9298055842518806,
      "hf_energy": 5.0,
      "flatness": 0.5838319830246914,
      "luma_mean": 0.4276893023027112,
      "difficulty": 0.5540166111477072
    }
  ],
  "distributions": {
    "thresholds": {
      "high_complexity": 0.45,
      "low_complexity": 0.2
    },
    "metrics": {
      "motion_mean": {
        "mean": 0.0567428877125696,
        "max": 0.0728342590701404,
        "min": 0.03875292566872428,
        "p95": 0.07141181009440814,
        "variance": 0.00012645361358457703,
        "std": 0.011245159562432942
      },
      "motion_p90": {
        "mean": 0.1082205748708948,
        "max": 0.14823242858871938,
        "min": 0.04927011165577342,
        "p95": 0.14110253154502536,
        "variance": 0.0008941523589455526,
        "std": 0.029902380489612405
      },
      "motion_max": {
        "mean": 0.27687609941095775,
        "max": 0.37278178709755505,
        "min": 0.05203904926167998,
        "p95": 0.36483739560639067,
        "variance": 0.010903538534317829,
        "std": 0.10442001021987035
      },
      "texture": {
        "mean": 4.016009252141374,
        "max": 4.618045053613817,
        "min": 3.187774552888502,
        "p95": 4.601593642632546,
        "variance": 0.3046539432309854,
        "std": 0.5519546568613996
      },
      "edge_density": {
        "mean": 0.04883965888631688,
        "max": 0.07191213348765432,
        "min": 0.015483458719135803,
        "p95": 0.07167046440972222,
        "variance": 0.0005220447324075679,
        "std": 0.02284829823876535
      },
      "noise_level": {
        "mean": 0.05559750001217859,
        "max": 0.09956676489673555,
        "min": 0.003633823653217405,
        "p95": 0.09338926398777403,
        "variance": 0.0008489284294485425,
        "std": 0.029136376395299098
      },
      "high_freq_energy": {
        "mean": 4.829700334816666,
        "max": 5.0,
        "min": 4.368280138272707,
        "p95": 5.0,
        "variance": 0.06286984582438833,
        "std": 0.25073860058712205
      },
      "flatness": {
        "mean": 0.7010120482896091,
        "max": 0.8605912422839506,
        "min": 0.5714139660493827,
        "p95": 0.8517366536458333,
        "variance": 0.012103463501200146,
        "std": 0.11001574206085303
      },
      "entropy": {
        "mean": 0.8737062513828278,
        "max": 0.9298055842518806,
        "min": 0.7444692403078079,
        "p95": 0.9276056084781885,
        "variance": 0.0042206272297628895,
        "std": 0.06496635459807552
      },
      "difficulty": {
        "mean": 0.5168082976406586,
        "max": 0.5782193324244365,
        "min": 0.4344050753515604,
        "p95": 0.5721686521052541,
        "variance": 0.002536076038929451,
        "std": 0.05035946821531628
      }
    },
    "high_complexity_ratio": 0.8,
    "low_complexity_ratio": 0.0,
    "high_complexity_segment_ratio": 0.8333333333333334,
    "low_complexity_segment_ratio": 0.0,
    "scene_complexity_histogram": {
      "bins": [
        0.0,
        0.2,
        0.4,
        0.6,
        0.8,
        1.0
      ],
      "counts": [
        0,
        0,
        6,
        0,
        0
      ],
      "fractions": [
        0.0,
        0.0,
        1.0,
        0.0,
        0.0
      ]
    },
    "worst_segment_index": 2
  },
  "summary_raw": {
    "segment_count": 6.0,
    "cut_count": 5.0,
    "cut_rate": 0.16666666666666666,
    "hard_fraction": 0.8,
    "worst_difficulty": 0.5782193324244365,
    "difficulty_mean": 0.5168082976406586,
    "difficulty_p90": 0.5661179717860718,
    "duration_weighted_difficulty": 0.5162447294970721,