{
  "video": "26.mp4",
  "path": "/root/terry/videos/26.mp4",
  "extracted_at": "2026-07-17T18:26:22Z",
  "elapsed_sec": 16.749,
  "meta": {
    "path": "/root/terry/videos/26.mp4",
    "width": 3840,
    "height": 2160,
    "fps": 30.0,
    "frame_count": 900,
    "duration": 30.0,
    "detail_scale": 0.25,
    "texture_compensation": 16.0,
    "scene_spans_provided": false
  },
  "cut_times_sec": [
    4.0,
    10.0,
    14.0,
    20.0,
    24.0
  ],
  "global": {
    "mean_motion": 0.0423457775432704,
    "mean_texture": 4.10107576827583,
    "mean_noise": 0.04704590233741328,
    "mean_edge": 0.0122016300154321,
    "mean_entropy": 0.8032645925879479,
    "mean_hf_energy": 4.133116007797078,
    "mean_flatness": 0.7450527102623457,
    "mean_luma": 0.37126738134682885,
    "mean_difficulty": 0.46074618973403264,
    "motion_p90": 0.11076730286250297,
    "motion_level": 0.43307843349331476,
    "texture_level": 0.4928540350409037,
    "noise_level_norm": 0.49498085851613216,
    "edge_level": 0.2043768321280028,
    "segment_count": 6,
    "cut_count": 5,
    "cut_rate": 0.16666666666666666,
    "hard_fraction": 0.8666666666666667,
    "worst_difficulty": 0.4894945227339442,
    "volatility": 0.45492167962130026,
    "duration": 30.0,
    "fps": 30.0,
    "width": 3840,
    "height": 2160,
    "n_segments": 6
  },
  "segments": [
    {
      "index": 0,
      "start_sec": 0.0,
      "end_sec": 4.0,
      "duration": 4.0,
      "frame_count": 120,
      "motion": 0.0185684071275115,
      "motion_p90": 0.03780970331033648,
      "motion_max": 0.05402951010651174,
      "texture": 3.3990545103363656,
      "edge": 0.020144675925925927,
      "noise": 0.021802940987981856,
      "entropy": 0.8008328080177307,
      "hf_energy": 4.403190261492835,
      "flatness": 0.8396686921296297,
      "luma_mean": 0.20450671466503267,
      "difficulty": 0.39258198250028536
    },
    {
      "index": 1,
      "start_sec": 4.0,
      "end_sec": 10.0,
      "duration": 6.0,
      "frame_count": 180,
      "motion": 0.03833513941842169,
      "motion_p90": 0.0781530523783587,
      "motion_max": 0.23306284797869767,
      "texture": 4.28380505663869,
      "edge": 0.005402922453703704,
      "noise": 0.047966470883693546,
      "entropy": 0.8815083205699921,
      "hf_energy": 3.1257770755731222,
      "flatness": 0.7274860146604938,
      "luma_mean": 0.37984425967532076,
      "difficulty": 0.4578592143141724
    },
    {
      "index": 2,
      "start_sec": 10.0,
      "end_sec": 14.0,
      "duration": 4.0,
      "frame_count": 120,
      "motion": 0.04675955428467683,
      "motion_p90": 0.10566735581578304,
      "motion_max": 0.3323740468409586,
      "texture": 4.589997165491995,
      "edge": 0.010814766589506173,
      "noise": 0.051600296050310135,
      "entropy": 0.7303386554121971,
      "hf_energy": 5.0,
      "flatness": 0.6793205054012346,
      "luma_mean": 0.5154952956684218,
      "difficulty": 0.48147716203994717
    },
    {
      "index": 3,
      "start_sec": 14.0,
      "end_sec": 20.0,
      "duration": 6.0,
      "frame_count": 180,
      "motion": 0.050770093878600826,
      "motion_p90": 0.11076730286250297,
      "motion_max": 0.2776383442265795,
      "texture": 3.3296475188558725,
      "edge": 0.021102912808641974,
      "noise": 0.05959470628295094,
      "entropy": 0.8156611546874046,
      "hf_energy": 4.621628834870872,
      "flatness": 0.8251569733796296,
      "luma_mean": 0.25263659960511986,
      "difficulty": 0.4894945227339442
    },
    {
      "index": 4,
      "start_sec": 20.0,
      "end_sec": 24.0,
      "duration": 4.0,
      "frame_count": 120,
      "motion": 0.04868665936667878,
      "motion_p90": 0.10247215187000722,
      "motion_max": 0.3134909147300896,
      "texture": 4.269647741163382,
      "edge": 0.005590760030864198,
      "noise": 0.04942000092705712,
      "entropy": 0.8611953631043434,
      "hf_energy": 2.4740709313192566,
      "flatness": 0.7269157503858024,
      "luma_mean": 0.36208812844196325,
      "difficulty": 0.4667073698417728
    },
    {
      "index": 5,
      "start_sec": 24.0,
      "end_sec": 30.0,
      "duration": 6.0,
      "frame_count": 180,
      "motion": 0.046613907233418066,
      "motion_p90": 0.10506161794964894,
      "motion_max": 0.3127251497821351,
      "texture": 4.719459987890089,
      "edge": 0.01013551311728395,
      "noise": 0.04578617587685585,
      "entropy": 0.7242422699928284,
      "hf_energy": 5.0,
      "flatness": 0.6753505979938272,
      "luma_mean": 0.5024626216034254,
      "difficulty": 0.4763568869740738
    }
  ],
  "distributions": {
    "thresholds": {
      "high_complexity": 0.45,
      "low_complexity": 0.2
    },
    "metrics": {
      "motion_mean": {
        "mean": 0.04162229355155128,
        "max": 0.050770093878600826,
        "min": 0.0185684071275115,
        "p95": 0.05024923525062031,
        "variance": 0.0001211970386216833,
        "std": 0.011008952657800074
      },
      "motion_p90": {
        "mean": 0.0899885306977729,
        "max": 0.11076730286250297,
        "min": 0.03780970331033648,
        "p95": 0.109492316100823,
        "variance": 0.0006538883768677732,
        "std": 0.025571241207023435
      },
      "motion_max": {
        "mean": 0.2538868022774954,
        "max": 0.3323740468409586,
        "min": 0.05402951010651174,
        "p95": 0.32765326381324134,
        "variance": 0.009019259828169762,
        "std": 0.09496978376394126
      },
      "texture": {
        "mean": 4.098601996729399,
        "max": 4.719459987890089,
        "min": 3.3296475188558725,
        "p95": 4.687094282290566,
        "variance": 0.29519139198676775,
        "std": 0.543315186596848
      },
      "edge_density": {
        "mean": 0.012198591820987655,
        "max": 0.021102912808641974,
        "min": 0.005402922453703704,
        "p95": 0.020863353587962964,
        "variance": 3.974050232981701e-05,
        "std": 0.006304006847221615
      },
      "noise_level": {
        "mean": 0.04602843183480824,
        "max": 0.05959470628295094,
        "min": 0.021802940987981856,
        "p95": 0.05759610372479074,
        "variance": 0.00013621355070327575,
        "std": 0.011671056109164918
      },
      "high_freq_energy": {
        "mean": 4.1041111838760145,
        "max": 5.0,
        "min": 2.4740709313192566,
        "p95": 5.0,
        "variance": 0.9294458679825918,
        "std": 0.9640777292223858
      },
      "flatness": {
        "mean": 0.7456497556584362,
        "max": 0.8396686921296297,
        "min": 0.6753505979938272,
        "p95": 0.8360407624421297,
        "variance": 0.0041972305889285,
        "std": 0.06478603699045421
      },
      "entropy": {
        "mean": 0.8022964286307493,
        "max": 0.8815083205699921,
        "min": 0.7242422699928284,
        "p95": 0.8764300812035799,
        "variance": 0.003532456533638936,
        "std": 0.05943447260335483
      },
      "difficulty": {
        "mean": 0.46074618973403264,
        "max": 0.4894945227339442,
        "min": 0.39258198250028536,
        "p95": 0.48749018256044496,
        "variance": 0.0010316938624166114,
        "std": 0.03211999163163981
      }
    },
    "high_complexity_ratio": 0.8666666666666667,
    "low_complexity_ratio": 0.0,
    "high_complexity_segment_ratio": 0.8333333333333334,
    "low_complexity_segment_ratio": 0.0,
    "scene_complexity_histogram": {
      "bins": [
        0.0,
        0.2,
        0.4,
        0.6,
        0.8,
        1.0
      ],
      "counts": [
        0,
        1,
        5,
        0,
        0
      ],
      "fractions": [
        0.0,
        0.16666666666666666,
        0.8333333333333334,
        0.0,
        0.0
      ]
    },
    "worst_segment_index": 3
  },
  "summary_raw": {
    "segment_count": 6.0,
    "cut_count": 5.0,
    "cut_rate": 0.16666666666666666,
    "hard_fraction": 0.8666666666666667,
    "worst_difficulty": 0.4894945227339442,