{
  "video": "27.mp4",
  "path": "/root/terry/videos/27.mp4",
  "extracted_at": "2026-07-17T18:26:39Z",
  "elapsed_sec": 17.133,
  "meta": {
    "path": "/root/terry/videos/27.mp4",
    "width": 3840,
    "height": 2160,
    "fps": 30.0,
    "frame_count": 900,
    "duration": 30.0,
    "detail_scale": 0.25,
    "texture_compensation": 16.0,
    "scene_spans_provided": false
  },
  "cut_times_sec": [
    2.0,
    10.0,
    12.0,
    20.0,
    22.0
  ],
  "global": {
    "mean_motion": 0.0595891754669975,
    "mean_texture": 4.862258752008222,
    "mean_noise": 0.05571862801055734,
    "mean_edge": 0.06750755529835391,
    "mean_entropy": 0.8127898166577021,
    "mean_hf_energy": 5.0,
    "mean_flatness": 0.5748268872170782,
    "mean_luma": 0.3212510240155733,
    "mean_difficulty": 0.5292461242815298,
    "motion_p90": 0.1394428550895666,
    "motion_level": 0.49023152663004405,
    "texture_level": 0.5353578756972878,
    "noise_level_norm": 0.5372094586990279,
    "edge_level": 0.5869836561887177,
    "segment_count": 6,
    "cut_count": 5,
    "cut_rate": 0.16666666666666666,
    "hard_fraction": 0.9333333333333333,
    "worst_difficulty": 0.5815249927301083,
    "volatility": 0.4082202580902705,
    "duration": 30.0,
    "fps": 30.0,
    "width": 3840,
    "height": 2160,
    "n_segments": 6
  },
  "segments": [
    {
      "index": 0,
      "start_sec": 0.0,
      "end_sec": 2.0,
      "duration": 2.0,
      "frame_count": 60,
      "motion": 0.02107483149509804,
      "motion_p90": 0.025978016067538124,
      "motion_max": 0.027177000121036066,
      "texture": 4.466855624199221,
      "edge": 0.06958598572530864,
      "noise": 0.0,
      "entropy": 0.6257178336381912,
      "hf_energy": 5.0,
      "flatness": 0.6394039351851852,
      "luma_mean": 0.12351997189693778,
      "difficulty": 0.3621952056899434
    },
    {
      "index": 1,
      "start_sec": 2.0,
      "end_sec": 10.0,
      "duration": 8.0,
      "frame_count": 240,
      "motion": 0.0727470024661099,
      "motion_p90": 0.13909185124667145,
      "motion_max": 0.37019113864681674,
      "texture": 4.851311160953976,
      "edge": 0.06202739197530864,
      "noise": 0.06613558885874227,
      "entropy": 0.9042294844985008,
      "hf_energy": 5.0,
      "flatness": 0.5872948013117284,
      "luma_mean": 0.43240877851912374,
      "difficulty": 0.5792285693691355
    },
    {
      "index": 2,
      "start_sec": 10.0,
      "end_sec": 12.0,
      "duration": 2.0,
      "frame_count": 60,
      "motion": 0.04896800298051319,
      "motion_p90": 0.09880245930162183,
      "motion_max": 0.2822626407044299,
      "texture": 5.233408359340766,
      "edge": 0.06554277584876543,
      "noise": 0.05959470570087433,
      "entropy": 0.8946511819958687,
      "hf_energy": 5.0,
      "flatness": 0.5019065875771604,
      "luma_mean": 0.4035851621126846,
      "difficulty": 0.562249198054052
    },
    {
      "index": 3,
      "start_sec": 12.0,
      "end_sec": 20.0,
      "duration": 8.0,
      "frame_count": 240,
      "motion": 0.060003979060760104,
      "motion_p90": 0.12714329989711928,
      "motion_max": 0.34994606330186395,
      "texture": 4.470452355712927,
      "edge": 0.07082392939814815,
      "noise": 0.05596088245511055,
      "entropy": 0.6353098750114441,
      "hf_energy": 5.0,
      "flatness": 0.6394027295524691,
      "luma_mean": 0.12574851541696927,
      "difficulty": 0.5236555830905857
    },
    {
      "index": 4,
      "start_sec": 20.0,
      "end_sec": 22.0,
      "duration": 2.0,
      "frame_count": 60,
      "motion": 0.07567484700284435,
      "motion_p90": 0.1394428550895666,
      "motion_max": 0.38850904744613896,
      "texture": 4.963365075242273,
      "edge": 0.06452256944444446,
      "noise": 0.0668623520177789,
      "entropy": 0.8999777361750603,
      "hf_energy": 5.0,
      "flatness": 0.5817679398148148,
      "luma_mean": 0.43181458125302585,
      "difficulty": 0.5815249927301083
    },
    {
      "index": 5,
      "start_sec": 22.0,
      "end_sec": 30.0,
      "duration": 8.0,
      "frame_count": 240,
      "motion": 0.05427900610475672,
      "motion_p90": 0.1053090444202372,
      "motion_max": 0.2809824195110143,
      "texture": 5.245799538668363,
      "edge": 0.07038917824074073,
      "noise": 0.055234119296073914,
      "entropy": 0.903335765004158,
      "hf_energy": 5.0,
      "flatness": 0.49813368055555557,
      "luma_mean": 0.4068041173066449,
      "difficulty": 0.5666231967553541
    }
  ],
  "distributions": {
    "thresholds": {
      "high_complexity": 0.45,
      "low_complexity": 0.2
    },
    "metrics": {
      "motion_mean": {
        "mean": 0.05545794485168038,
        "max": 0.07567484700284435,
        "min": 0.02107483149509804,
        "p95": 0.07494288586866074,
        "variance": 0.0003256681331611072,
        "std": 0.018046277543058768
      },
      "motion_p90": {
        "mean": 0.10596125433712573,
        "max": 0.1394428550895666,
        "min": 0.025978016067538124,
        "p95": 0.13935510412884283,
        "variance": 0.0015193875371433266,
        "std": 0.038979321917438824
      },
      "motion_max": {
        "mean": 0.2831780516218833,
        "max": 0.38850904744613896,
        "min": 0.027177000121036066,
        "p95": 0.3839295702463084,
        "variance": 0.014777676754281587,
        "std": 0.1215634680086151
      },
      "texture": {
        "mean": 4.871865352352921,
        "max": 5.245799538668363,
        "min": 4.466855624199221,
        "p95": 5.242701743836464,
        "variance": 0.10075001157345513,
        "std": 0.3174114231930778
      },
      "edge_density": {
        "mean": 0.067148638438786,
        "max": 0.07082392939814815,
        "min": 0.06202739197530864,
        "p95": 0.07071524160879629,
        "variance": 1.0941953666648354e-05,
        "std": 0.0033078624014079476
      },
      "noise_level": {
        "mean": 0.050631274721429996,
        "max": 0.0668623520177789,
        "min": 0.0,
        "p95": 0.06668066122801974,
        "variance": 0.0005328819331136548,
        "std": 0.02308423559734337
      },
      "high_freq_energy": {
        "mean": 5.0,
        "max": 5.0,
        "min": 5.0,
        "p95": 5.0,
        "variance": 0.0,
        "std": 0.0
      },
      "flatness": {
        "mean": 0.5746516123328188,
        "max": 0.6394039351851852,
        "min": 0.49813368055555557,
        "p95": 0.6394036337770062,
        "variance": 0.0032904825584214475,
        "std": 0.05736272795484405
      },
      "entropy": {
        "mean": 0.8105369793872038,
        "max": 0.9042294844985008,
        "min": 0.6257178336381912,
        "p95": 0.9040060546249151,
        "variance": 0.016221233820766002,
        "std": 0.12736260762392548
      },
      "difficulty": {
        "mean": 0.5292461242815298,
        "max": 0.5815249927301083,
        "min": 0.3621952056899434,
        "p95": 0.5809508868898651,
        "variance": 0.005942472813574636,
        "std": 0.07708743615904369
      }
    },
    "high_complexity_ratio": 0.9333333333333333,
    "low_complexity_ratio": 0.0,
    "high_complexity_segment_ratio": 0.8333333333333334,
    "low_complexity_segment_ratio": 0.0,
    "scene_complexity_histogram": {
      "bins": [
        0.0,
        0.2,
        0.4,
        0.6,
        0.8,
        1.0
      ],
      "counts": [
        0,
        1,
        5,
        0,
        0
      ],
      "fractions": [
        0.0,
        0.16666666666666666,
        0.8333333333333334,
        0.0,
        0.0
      ]
    },
    "worst_segment_index": 4
  },
  "summary_raw": {
    "segment_count": 6.0,
    "cut_count": 5.0,
    "cut_rate": 0.16666666666666666,
    "hard_fraction": 0.9333333333333333,
    "worst_difficulty": 0.5815249927301083,
    "difficulty_mean": 0.5292461242815298,
    "difficulty_p90": 0.5803767810496219,
    "duration_weighted_difficulty": 0.5455999195556269,
    "motion_mean": 0.0595891754669975,