{
  "video": "28.mp4",
  "path": "/root/terry/videos/28.mp4",
  "extracted_at": "2026-07-17T18:26:56Z",
  "elapsed_sec": 16.617,
  "meta": {
    "path": "/root/terry/videos/28.mp4",
    "width": 3840,
    "height": 2160,
    "fps": 30.0,
    "frame_count": 900,
    "duration": 30.0,
    "detail_scale": 0.25,
    "texture_compensation": 16.0,
    "scene_spans_provided": false
  },
  "cut_times_sec": [
    4.0,
    10.0,
    14.0,
    20.0,
    24.0
  ],
  "global": {
    "mean_motion": 0.045311410044985075,
    "mean_texture": 4.403301040115716,
    "mean_noise": 0.033285823379022375,
    "mean_edge": 0.027487815072016464,
    "mean_entropy": 0.8656233484546343,
    "mean_hf_energy": 4.052551397469583,
    "mean_flatness": 0.6727453542952675,
    "mean_luma": 0.3802188050966272,
    "mean_difficulty": 0.4597672319750896,
    "motion_p90": 0.13686429284676832,
    "motion_level": 0.48556804221091154,
    "texture_level": 0.5106282408130597,
    "noise_level_norm": 0.40949112643930635,
    "edge_level": 0.36656375499963345,
    "segment_count": 6,
    "cut_count": 5,
    "cut_rate": 0.16666666666666666,
    "hard_fraction": 0.4666666666666667,
    "worst_difficulty": 0.5686957301253275,
    "volatility": 0.3688931922203713,
    "duration": 30.0,
    "fps": 30.0,
    "width": 3840,
    "height": 2160,
    "n_segments": 6
  },
  "segments": [
    {
      "index": 0,
      "start_sec": 0.0,
      "end_sec": 4.0,
      "duration": 4.0,
      "frame_count": 120,
      "motion": 0.006258119818143307,
      "motion_p90": 0.008639512981118373,
      "motion_max": 0.008974839627208908,
      "texture": 4.1580563527366525,
      "edge": 0.005454523533950617,
      "noise": 0.004360588383860886,
      "entropy": 0.8647896498441696,
      "hf_energy": 2.6608801447301644,
      "flatness": 0.7374450231481482,
      "luma_mean": 0.36779904513888884,
      "difficulty": 0.31373606507212576
    },
    {
      "index": 1,
      "start_sec": 4.0,
      "end_sec": 10.0,
      "duration": 6.0,
      "frame_count": 180,
      "motion": 0.02745967418603244,
      "motion_p90": 0.06140947636770755,
      "motion_max": 0.17461265432098766,
      "texture": 4.511201148533726,
      "edge": 0.005606674382716049,
      "noise": 0.027617058774922043,
      "entropy": 0.8034854084253311,
      "hf_energy": 4.062900097445905,
      "flatness": 0.6884893422067901,
      "luma_mean": 0.363645335005144,
      "difficulty": 0.4240320547073406
    },
    {
      "index": 2,
      "start_sec": 10.0,
      "end_sec": 14.0,
      "duration": 4.0,
      "frame_count": 120,
      "motion": 0.07377282002693053,
      "motion_p90": 0.1206405213628661,
      "motion_max": 0.2755350399419027,
      "texture": 4.398724810532958,
      "edge": 0.058220486111111115,
      "noise": 0.04360588052077219,
      "entropy": 0.9010538458824158,
      "hf_energy": 5.0,
      "flatness": 0.6363211323302469,
      "luma_mean": 0.3850371807673687,
      "difficulty": 0.5454757650041302
    },
    {
      "index": 3,
      "start_sec": 14.0,
      "end_sec": 20.0,
      "duration": 6.0,
      "frame_count": 180,
      "motion": 0.03211650478092472,
      "motion_p90": 0.07101608569353664,
      "motion_max": 0.2141769093439845,
      "texture": 4.268815385172861,
      "edge": 0.0053028549382716055,
      "noise": 0.03633823443669826,
      "entropy": 0.8692499101161957,
      "hf_energy": 2.965189913307818,
      "flatness": 0.733101851851852,
      "luma_mean": 0.37155399627057617,
      "difficulty": 0.43844173577186046
    },
    {
      "index": 4,
      "start_sec": 20.0,
      "end_sec": 24.0,
      "duration": 4.0,
      "frame_count": 120,
      "motion": 0.03637817908799322,
      "motion_p90": 0.07772154215081091,
      "motion_max": 0.22758730482933914,
      "texture": 4.618103457983104,
      "edge": 0.01404320987654321,
      "noise": 0.03488470712909475,
      "entropy": 0.8261531814932823,
      "hf_energy": 4.691120320161126,
      "flatness": 0.637064525462963,
      "luma_mean": 0.39150738414578795,
      "difficulty": 0.46822204116975363
    },
    {
      "index": 5,
      "start_sec": 24.0,
      "end_sec": 30.0,
      "duration": 6.0,
      "frame_count": 180,
      "motion": 0.08937479196925684,
      "motion_p90": 0.13686429284676832,
      "motion_max": 0.26947599703461633,
      "texture": 4.453232252703518,
      "edge": 0.07471739969135803,
      "noise": 0.04723970632767305,
      "entropy": 0.9273836389183998,
      "hf_energy": 5.0,
      "flatness": 0.6015817901234568,
      "luma_mean": 0.40299895417271847,
      "difficulty": 0.5686957301253275
    }
  ],
  "distributions": {
    "thresholds": {
      "high_complexity": 0.45,
      "low_complexity": 0.2
    },
    "metrics": {
      "motion_mean": {
        "mean": 0.044226681644880174,
        "max": 0.08937479196925684,
        "min": 0.006258119818143307,
        "p95": 0.08547429898367526,
        "variance": 0.0008070542935884823,
        "std": 0.02840870101902729
      },
      "motion_p90": {
        "mean": 0.07938190523380131,
        "max": 0.13686429284676832,
        "min": 0.008639512981118373,
        "p95": 0.13280834997579277,
        "variance": 0.001734456048949966,
        "std": 0.041646801185084625
      },
      "motion_max": {
        "mean": 0.19506045751633985,
        "max": 0.2755350399419027,
        "min": 0.008974839627208908,
        "p95": 0.2740202792150811,
        "variance": 0.008080539217610368,
        "std": 0.0898918195255295
      },
      "texture": {
        "mean": 4.401355567943804,
        "max": 4.618103457983104,
        "min": 4.1580563527366525,
        "p95": 4.59137788062076,
        "variance": 0.02308420314786833,
        "std": 0.151934864819989
      },
      "edge_density": {
        "mean": 0.027224191422325104,
        "max": 0.07471739969135803,
        "min": 0.0053028549382716055,
        "p95": 0.0705931712962963,
        "variance": 0.0008019823111341751,
        "std": 0.02831929220750715
      },
      "noise_level": {
        "mean": 0.032341029262170196,
        "max": 0.04723970632767305,
        "min": 0.004360588383860886,
        "p95": 0.04633124987594783,
        "variance": 0.0001960893945645796,
        "std": 0.01400319229906451
      },
      "high_freq_energy": {
        "mean": 4.063348412607502,
        "max": 5.0,
        "min": 2.6608801447301644,
        "p95": 5.0,
        "variance": 0.8869332488694609,
        "std": 0.9417713357654611
      },
      "flatness": {
        "mean": 0.6723339441872428,
        "max": 0.7374450231481482,
        "min": 0.6015817901234568,
        "p95": 0.7363592303240741,
        "variance": 0.002623318318369898,
        "std": 0.05121833966822722
      },
      "entropy": {
        "mean": 0.8653526057799658,
        "max": 0.9273836389183998,
        "min": 0.8034854084253311,
        "p95": 0.9208011906594038,
        "variance": 0.0017503464150789786,
        "std": 0.04183714157395291
      },
      "difficulty": {
        "mean": 0.4597672319750896,
        "max": 0.5686957301253275,
        "min": 0.31373606507212576,
        "p95": 0.5628907388450282,
        "variance": 0.007056622588581227,
        "std": 0.08400370580266818
      }
    },
    "high_complexity_ratio": 0.4666666666666667,
    "low_complexity_ratio": 0.0,
    "high_complexity_segment_ratio": 0.5,
    "low_complexity_segment_ratio": 0.0,
    "scene_complexity_histogram": {
      "bins": [
        0.0,
        0.2,
        0.4,
        0.6,
        0.8,
        1.0
      ],
      "counts": [
        0,
        1,
        5,
        0,
        0
      ],
      "fractions": [
        0.0,
        0.16666666666666666,
        0.8333333333333334,
        0.0,
        0.0
      ]
    },
    "worst_segment_index": 5
  },
  "summary_raw": {
    "segment_count": 6.0,
    "cut_count": 5.0,
    "cut_rate": 0.16666666666666666,
    "hard_fraction": 0.4666666666666667,
    "worst_difficulty": 0.5686957301253275,