{
  "video": "29.mp4",
  "path": "/root/terry/videos/29.mp4",
  "extracted_at": "2026-07-17T18:27:12Z",
  "elapsed_sec": 16.824,
  "meta": {
    "path": "/root/terry/videos/29.mp4",
    "width": 3840,
    "height": 2160,
    "fps": 30.0,
    "frame_count": 900,
    "duration": 30.0,
    "detail_scale": 0.25,
    "texture_compensation": 16.0,
    "scene_spans_provided": false
  },
  "cut_times_sec": [
    2.0,
    10.0,
    12.0,
    20.0,
    22.0
  ],
  "global": {
    "mean_motion": 0.047001732202654724,
    "mean_texture": 4.124536666261068,
    "mean_noise": 0.0476273147117657,
    "mean_edge": 0.032102784207818924,
    "mean_entropy": 0.7603838408986727,
    "mean_hf_energy": 4.556084321785045,
    "mean_flatness": 0.7136927726337448,
    "mean_luma": 0.24461586700909785,
    "mean_difficulty": 0.480884802861913,
    "motion_p90": 0.11943025220890818,
    "motion_level": 0.45165124342336804,
    "texture_level": 0.49427989009114714,
    "noise_level_norm": 0.4980513659232322,
    "edge_level": 0.40328720317128874,
    "segment_count": 6,
    "cut_count": 5,
    "cut_rate": 0.16666666666666666,
    "hard_fraction": 0.7333333333333333,
    "worst_difficulty": 0.5215753129864913,
    "volatility": 0.4679774603913691,
    "duration": 30.0,
    "fps": 30.0,
    "width": 3840,
    "height": 2160,
    "n_segments": 6
  },
  "segments": [
    {
      "index": 0,
      "start_sec": 0.0,
      "end_sec": 2.0,
      "duration": 2.0,
      "frame_count": 60,
      "motion": 0.028651570253873153,
      "motion_p90": 0.05293599234446865,
      "motion_max": 0.05513873759380295,
      "texture": 3.5930687837387385,
      "edge": 0.0301781925154321,
      "noise": 0.04215235391166061,
      "entropy": 0.8938392922282219,
      "hf_energy": 4.957796010801264,
      "flatness": 0.7874744405864198,
      "luma_mean": 0.3143977405970104,
      "difficulty": 0.46236163281135295
    },
    {
      "index": 1,
      "start_sec": 2.0,
      "end_sec": 10.0,
      "duration": 8.0,
      "frame_count": 240,
      "motion": 0.029318241648511253,
      "motion_p90": 0.05607146725974338,
      "motion_max": 0.14724090716533525,
      "texture": 4.5444700727792835,
      "edge": 0.0062610918209876545,
      "noise": 0.025436765688937157,
      "entropy": 0.8499890342354774,
      "hf_energy": 4.092147635946267,
      "flatness": 0.6702095389660494,
      "luma_mean": 0.38258002564451704,
      "difficulty": 0.42606548245952425
    },
    {
      "index": 2,
      "start_sec": 10.0,
      "end_sec": 12.0,
      "duration": 2.0,
      "frame_count": 60,
      "motion": 0.05684011229877753,
      "motion_p90": 0.11761267096344705,
      "motion_max": 0.3498154199951585,
      "texture": 4.417990960485908,
      "edge": 0.06817443094135803,
      "noise": 0.06032147258520126,
      "entropy": 0.6434915587306023,
      "hf_energy": 5.0,
      "flatness": 0.6344446855709877,
      "luma_mean": 0.12499849934186638,
      "difficulty": 0.5215753129864913
    },
    {
      "index": 3,
      "start_sec": 12.0,
      "end_sec": 20.0,
      "duration": 8.0,
      "frame_count": 240,
      "motion": 0.05161035369008715,
      "motion_p90": 0.11143978909465016,
      "motion_max": 0.31194898329702253,
      "texture": 3.2994418996068156,
      "edge": 0.017564139660493826,
      "noise": 0.058141177985817194,
      "entropy": 0.7846327796578407,
      "hf_energy": 4.570753834940352,
      "flatness": 0.8483861400462962,
      "luma_mean": 0.2114488149812394,
      "difficulty": 0.4786429148070768
    },
    {
      "index": 4,
      "start_sec": 20.0,
      "end_sec": 22.0,
      "duration": 2.0,
      "frame_count": 60,
      "motion": 0.045582450148269185,
      "motion_p90": 0.10054112654320982,
      "motion_max": 0.3161586328976035,
      "texture": 4.492410337983876,
      "edge": 0.00580198688271605,
      "noise": 0.05378058966016397,
      "entropy": 0.8174435719847679,
      "hf_energy": 3.7318629324279327,
      "flatness": 0.6699529803240741,
      "luma_mean": 0.36316541564542487,
      "difficulty": 0.4775446421257574
    },
    {
      "index": 5,
      "start_sec": 22.0,
      "end_sec": 30.0,
      "duration": 8.0,
      "frame_count": 240,
      "motion": 0.06255936724612685,
      "motion_p90": 0.11943025220890818,
      "motion_max": 0.31711592985959813,
      "texture": 4.4972330055407745,
      "edge": 0.07052155671296295,
      "noise": 0.05596088245511055,
      "entropy": 0.6281239837408066,
      "hf_energy": 5.0,
      "flatness": 0.634784191743827,
      "luma_mean": 0.12264024676228516,
      "difficulty": 0.5191188319812752
    }
  ],
  "distributions": {
    "thresholds": {
      "high_complexity": 0.45,
      "low_complexity": 0.2
    },
    "metrics": {
      "motion_mean": {
        "mean": 0.04576034921427419,
        "max": 0.06255936724612685,
        "min": 0.028651570253873153,
        "p95": 0.061129553509289516,
        "variance": 0.00016704592933465513,
        "std": 0.012924624920463075
      },
      "motion_p90": {
        "mean": 0.09300521640240451,
        "max": 0.11943025220890818,
        "min": 0.05293599234446865,
        "p95": 0.11897585689754289,
        "variance": 0.0007783462152804738,
        "std": 0.02789885688125006
      },
      "motion_max": {
        "mean": 0.2495697684680868,
        "max": 0.3498154199951585,
        "min": 0.05513873759380295,
        "p95": 0.34164054746126843,
        "variance": 0.011868589916642793,
        "std": 0.10894305813884056
      },
      "texture": {
        "mean": 4.140769176689233,
        "max": 4.5444700727792835,
        "min": 3.2994418996068156,
        "p95": 4.532660805969656,
        "variance": 0.24972526768541795,
        "std": 0.49972519216607236
      },
      "edge_density": {
        "mean": 0.0330835664223251,
        "max": 0.07052155671296295,
        "min": 0.00580198688271605,
        "p95": 0.06993477527006173,
        "variance": 0.0007243325700275208,
        "std": 0.026913427318487716
      },
      "noise_level": {
        "mean": 0.04929887371448179,
        "max": 0.06032147258520126,
        "min": 0.025436765688937157,
        "p95": 0.059776398935355246,
        "variance": 0.00014743751894742254,
        "std": 0.012142385224799226
      },
      "high_freq_energy": {
        "mean": 4.558760069019303,
        "max": 5.0,
        "min": 3.7318629324279327,
        "p95": 5.0,
        "variance": 0.24170748730663869,
        "std": 0.4916375568512221
      },
      "flatness": {
        "mean": 0.7075419962062758,
        "max": 0.8483861400462962,
        "min": 0.6344446855709877,
        "p95": 0.833158215181327,
        "variance": 0.006611638321584442,
        "std": 0.08131198141469953
      },
      "entropy": {
        "mean": 0.7695867034296194,
        "max": 0.8938392922282219,
        "min": 0.6281239837408066,
        "p95": 0.8828767277300358,
        "variance": 0.010055265246393523,
        "std": 0.10027594550236624
      },
      "difficulty": {
        "mean": 0.480884802861913,
        "max": 0.5215753129864913,
        "min": 0.42606548245952425,
        "p95": 0.5209611927351873,
        "variance": 0.0010803345084656895,
        "std": 0.03286844244051868
      }
    },
    "high_complexity_ratio": 0.7333333333333333,
    "low_complexity_ratio": 0.0,
    "high_complexity_segment_ratio": 0.8333333333333334,
    "low_complexity_segment_ratio": 0.0,
    "scene_complexity_histogram": {
      "bins": [
        0.0,
        0.2,
        0.4,
        0.6,
        0.8,
        1.0
      ],
      "counts": [
        0,
        0,
        6,
        0,
        0
      ],
      "fractions": [
        0.0,
        0.0,
        1.0,
        0.0,
        0.0
      ]
    },
    "worst_segment_index": 2
  },
  "summary_raw": {
    "segment_count": 6.0,
    "cut_count": 5.0,
    "cut_rate": 0.16666666666666666,
    "hard_fraction": 0.7333333333333333,
    "worst_difficulty": 0.5215753129864913,
    "difficulty_mean": 0.480884802861913,