{
  "video": "292b5cff-88c7-4157-b2ba-cbb5aaadc710.mp4",
  "path": "/root/workspace/raw videos/292b5cff-88c7-4157-b2ba-cbb5aaadc710.mp4",
  "extracted_at": "2026-07-21T16:46:35Z",
  "elapsed_sec": 143.255,
  "meta": {
    "path": "../raw videos/292b5cff-88c7-4157-b2ba-cbb5aaadc710.mp4",
    "width": 3840,
    "height": 2160,
    "fps": 30.0,
    "frame_count": 898,
    "duration": 29.933333333333334,
    "detail_scale": 0.25,
    "texture_compensation": 16.0,
    "scene_spans_provided": true,
    "scene_detect": {
      "detector": "content",
      "ok": true,
      "error": "",
      "detect_sec": 45.618,
      "n_scenes": 6
    },
    "samples_per_segment": 16,
    "si_ti_agg": "mean"
  },
  "cut_times_sec": [
    7.0,
    9.966667,
    16.966667,
    19.933333,
    26.933333
  ],
  "global": {
    "mean_motion": 0.06593883651223179,
    "mean_texture": 5.045660929511029,
    "mean_noise": 0.025449309778285162,
    "mean_edge": 0.11595796971020994,
    "mean_entropy": 0.8665157566904889,
    "mean_hf_energy": 5.0,
    "mean_flatness": 0.43906825280136413,
    "mean_luma": 0.2866465805434132,
    "mean_difficulty": 0.5024359785062319,
    "motion_p90": 0.09864764509198742,
    "motion_level": 0.4048783030705826,
    "texture_level": 0.5445548858193865,
    "noise_level_norm": 0.3464880725919237,
    "edge_level": 0.7094054203400947,
    "segment_count": 6,
    "cut_count": 5,
    "cut_rate": 0.16703786191536749,
    "hard_fraction": 0.6659242761692652,
    "worst_difficulty": 0.5793273041060494,
    "volatility": 0.5313146412876508,
    "duration": 29.933333333333334,
    "fps": 30.0,
    "width": 3840,
    "height": 2160,
    "n_segments": 6
  },
  "segments": [
    {
      "index": 0,
      "start_sec": 0.0,
      "end_sec": 7.0,
      "duration": 7.0,
      "frame_count": 210,
      "motion": 0.07681153785781289,
      "motion_p90": 0.09320101821592836,
      "motion_max": 0.09731848372064876,
      "texture": 5.507179958286597,
      "edge": 0.19272581500771604,
      "noise": 0.0170789708790835,
      "entropy": 0.9427723325788975,
      "hf_energy": 5.0,
      "flatness": 0.19983531057098766,
      "si": 116.7588017686185,
      "ti": 41.8061680138496,
      "luma_mean": 0.39290637954641733,
      "sat_mean": 0.34291564164245947,
      "difficulty": 0.5621166840743849
    },
    {
      "index": 1,
      "start_sec": 7.0,
      "end_sec": 9.966666666666667,
      "duration": 2.966666666666667,
      "frame_count": 89,
      "motion": 0.07311365381414911,
      "motion_p90": 0.06431163005325587,
      "motion_max": 0.3257826343500363,
      "texture": 5.259075740528825,
      "edge": 0.09864631558641976,
      "noise": 0.03706500181579031,
      "entropy": 0.726096399128437,
      "hf_energy": 5.0,
      "flatness": 0.513117645640432,
      "si": 89.87770526893536,
      "ti": 31.661659932744026,
      "luma_mean": 0.12565242932628298,
      "sat_mean": 0.6326127715746792,
      "difficulty": 0.5039408358446117
    },
    {
      "index": 2,
      "start_sec": 9.966666666666667,
      "end_sec": 16.966666666666665,
      "duration": 6.999999999999998,
      "frame_count": 210,
      "motion": 0.030980953367072135,
      "motion_p90": 0.021689606784071655,
      "motion_max": 0.24317252178649237,
      "texture": 4.032794179043379,
      "edge": 0.026126543209876542,
      "noise": 0.019986029394203797,
      "entropy": 0.855025477707386,
      "hf_energy": 5.0,
      "flatness": 0.6892283950617284,
      "si": 67.47576108854904,
      "ti": 29.959024915066664,
      "luma_mean": 0.26325194083227427,
      "sat_mean": 0.4495527930018458,
      "difficulty": 0.4036851037724152
    },
    {
      "index": 3,
      "start_sec": 16.966666666666665,
      "end_sec": 19.933333333333334,
      "duration": 2.9666666666666686,
      "frame_count": 89,
      "motion": 0.07849376475127087,
      "motion_p90": 0.08441631112321471,
      "motion_max": 0.27461998456790127,
      "texture": 5.542519438207899,
      "edge": 0.1843528163580247,
      "noise": 0.035248089145170525,
      "entropy": 0.939807765185833,
      "hf_energy": 5.0,
      "flatness": 0.20511043595679013,
      "si": 114.73421331242072,
      "ti": 36.45541054136535,
      "luma_mean": 0.3872434957296962,
      "sat_mean": 0.35980256511362263,
      "difficulty": 0.5793273041060494
    },
    {
      "index": 4,
      "start_sec": 19.933333333333334,
      "end_sec": 26.933333333333334,
      "duration": 7.0,
      "frame_count": 210,
      "motion": 0.09732530476503873,
      "motion_p90": 0.09864764509198742,
      "motion_max": 0.27828456336238194,
      "texture": 5.717471556441882,
      "edge": 0.1454299286265432,
      "noise": 0.028343824378680438,
      "entropy": 0.8330486975610256,
      "hf_energy": 5.0,
      "flatness": 0.3952559558256173,
      "si": 97.9299840479255,
      "ti": 47.12865114163895,
      "luma_mean": 0.241167385791122,
      "sat_mean": 0.5589294912891853,
      "difficulty": 0.5526025518619455
    },
    {
      "index": 5,
      "start_sec": 26.933333333333334,
      "end_sec": 29.933333333333334,
      "duration": 3.0,
      "frame_count": 90,
      "motion": 0.029391975308641974,
      "motion_p90": 0.016605653140885985,
      "motion_max": 0.28000766309610264,
      "texture": 4.062199423347174,
      "edge": 0.027156153549382715,
      "noise": 0.02979735453845933,
      "entropy": 0.8598656915128231,
      "hf_energy": 5.0,
      "flatness": 0.6739318094135802,
      "si": 68.40658632288081,
      "ti": 20.852493314202786,
      "luma_mean": 0.25913881891491164,
      "sat_mean": 0.44182094273859235,
      "difficulty": 0.4129433913779845
    }
  ],
  "distributions": {
    "thresholds": {
      "high_complexity": 0.45,
      "low_complexity": 0.2
    },
    "metrics": {
      "motion_mean": {
        "mean": 0.06435286497733096,
        "max": 0.09732530476503873,
        "min": 0.029391975308641974,
        "p95": 0.09261741976159676,
        "variance": 0.0006425108456509956,
        "std": 0.025347797648927917
      },
      "motion_p90": {
        "mean": 0.06314531073489067,
        "max": 0.09864764509198742,
        "min": 0.016605653140885985,
        "p95": 0.09728598837297266,
        "variance": 0.0010836820290477367,
        "std": 0.032919326072198635
      },
      "motion_max": {
        "mean": 0.24986430848059385,
        "max": 0.3257826343500363,
        "min": 0.09731848372064876,
        "p95": 0.31433889153655287,
        "variance": 0.005234629512871982,
        "std": 0.07235073954613029
      },
      "texture": {
        "mean": 5.0202067159759585,
        "max": 5.717471556441882,
        "min": 4.032794179043379,
        "p95": 5.673733526883386,
        "variance": 0.4909919463323747,
        "std": 0.7007081748719467
      },
      "edge_density": {
        "mean": 0.11240626205632716,
        "max": 0.19272581500771604,
        "min": 0.026126543209876542,
        "p95": 0.19063256534529321,
        "variance": 0.004603201137910327,
        "std": 0.06784689482880057
      },
      "noise_level": {
        "mean": 0.02791987835856465,
        "max": 0.03706500181579031,
        "min": 0.0170789708790835,
        "p95": 0.036610773648135364,
        "variance": 5.35853062971383e-05,
        "std": 0.007320198514872278
      },
      "high_freq_energy": {
        "mean": 5.0,
        "max": 5.0,
        "min": 5.0,
        "p95": 5.0,
        "variance": 0.0,
        "std": 0.0
      },
      "flatness": {
        "mean": 0.44607992541152264,
        "max": 0.6892283950617284,
        "min": 0.19983531057098766,
        "p95": 0.6854042486496914,
        "variance": 0.0394695827234201,
        "std": 0.1986695314420913
      },
      "entropy": {
        "mean": 0.8594360606124004,
        "max": 0.9427723325788975,
        "min": 0.726096399128437,
        "p95": 0.9420311907306314,
        "variance": 0.005316656866508116,
        "std": 0.0729154089785425
      },