{
  "video": "2a3ad1f6-a26d-4c19-8eaf-4eb24ec21c59.mp4",
  "path": "/root/workspace/raw videos/2a3ad1f6-a26d-4c19-8eaf-4eb24ec21c59.mp4",
  "extracted_at": "2026-07-21T16:46:38Z",
  "elapsed_sec": 141.209,
  "meta": {
    "path": "../raw videos/2a3ad1f6-a26d-4c19-8eaf-4eb24ec21c59.mp4",
    "width": 3840,
    "height": 2160,
    "fps": 30.0,
    "frame_count": 897,
    "duration": 29.9,
    "detail_scale": 0.25,
    "texture_compensation": 16.0,
    "scene_spans_provided": true,
    "scene_detect": {
      "detector": "content",
      "ok": true,
      "error": "",
      "detect_sec": 48.395,
      "n_scenes": 6
    },
    "samples_per_segment": 16,
    "si_ti_agg": "mean"
  },
  "cut_times_sec": [
    6.0,
    9.966667,
    15.966667,
    19.933333,
    25.933333
  ],
  "global": {
    "mean_motion": 0.04678833594730592,
    "mean_texture": 4.560735640417464,
    "mean_noise": 0.02608088767877598,
    "mean_edge": 0.08111496187781288,
    "mean_entropy": 0.8343563130833499,
    "mean_hf_energy": 4.948537307914333,
    "mean_flatness": 0.5528913915243455,
    "mean_luma": 0.26359970402297933,
    "mean_difficulty": 0.45661638894859613,
    "motion_p90": 0.09550497760832728,
    "motion_level": 0.39710187522131557,
    "texture_level": 0.5194024540978701,
    "noise_level_norm": 0.3520595999317122,
    "edge_level": 0.6306806042898331,
    "segment_count": 6,
    "cut_count": 5,
    "cut_rate": 0.16722408026755853,
    "hard_fraction": 0.33333333333333337,
    "worst_difficulty": 0.5854911570511626,
    "volatility": 0.5192657689459469,
    "duration": 29.9,
    "fps": 30.0,
    "width": 3840,
    "height": 2160,
    "n_segments": 6
  },
  "segments": [
    {
      "index": 0,
      "start_sec": 0.0,
      "end_sec": 6.0,
      "duration": 6.0,
      "frame_count": 180,
      "motion": 0.07404952313680102,
      "motion_p90": 0.09550497760832728,
      "motion_max": 0.10078955610021786,
      "texture": 5.496746908484402,
      "edge": 0.19314766589506172,
      "noise": 0.01780573549331166,
      "entropy": 0.9425766095519066,
      "hf_energy": 5.0,
      "flatness": 0.19915171682098765,
      "si": 116.58616954130763,
      "ti": 41.199894237852604,
      "luma_mean": 0.39205654181039695,
      "sat_mean": 0.34119891521423384,
      "difficulty": 0.564742722465278
    },
    {
      "index": 1,
      "start_sec": 6.0,
      "end_sec": 9.966666666666667,
      "duration": 3.966666666666667,
      "frame_count": 119,
      "motion": 0.031127622605755266,
      "motion_p90": 0.01196457047325103,
      "motion_max": 0.36040802015250545,
      "texture": 3.972842264246337,
      "edge": 0.0063863570601851855,
      "noise": 0.03561147177242674,
      "entropy": 0.6621752493083477,
      "hf_energy": 4.699871141963312,
      "flatness": 0.8482999373070987,
      "si": 47.346417558098636,
      "ti": 13.794099592551524,
      "luma_mean": 0.13371116396983174,
      "sat_mean": 0.821910255064603,
      "difficulty": 0.3471925731097224
    },
    {
      "index": 2,
      "start_sec": 9.966666666666667,
      "end_sec": 15.966666666666667,
      "duration": 6.0,
      "frame_count": 180,
      "motion": 0.025896136396302345,
      "motion_p90": 0.01872519138828371,
      "motion_max": 0.24160491557734204,
      "texture": 4.070480626081162,
      "edge": 0.02852973090277778,
      "noise": 0.02507338233408518,
      "entropy": 0.874861728399992,
      "hf_energy": 5.0,
      "flatness": 0.6602643952546297,
      "si": 68.69022262480429,
      "ti": 23.65029264304527,
      "luma_mean": 0.26530805003328495,
      "sat_mean": 0.46201183505809734,
      "difficulty": 0.4140483434836334
    },
    {
      "index": 3,
      "start_sec": 15.966666666666667,
      "end_sec": 19.933333333333334,
      "duration": 3.966666666666667,
      "frame_count": 119,
      "motion": 0.0821285502337509,
      "motion_p90": 0.09088305268094893,
      "motion_max": 0.2771410977971435,
      "texture": 5.518757664084752,
      "edge": 0.1852977912808642,
      "noise": 0.03706499998224899,
      "entropy": 0.9403472505509853,
      "hf_energy": 5.0,
      "flatness": 0.2044794077932099,
      "si": 114.86496312972054,
      "ti": 37.940607417498114,
      "luma_mean": 0.3896749179224159,
      "sat_mean": 0.35840437677771725,
      "difficulty": 0.5854911570511626
    },
    {
      "index": 4,
      "start_sec": 19.933333333333334,
      "end_sec": 25.933333333333334,
      "duration": 6.0,
      "frame_count": 180,
      "motion": 0.03775800871081457,
      "motion_p90": 0.04291603879206003,
      "motion_max": 0.30873331215202127,
      "texture": 4.15210360627351,
      "edge": 0.03562282986111111,
      "noise": 0.02943397147464566,
      "entropy": 0.705418836325407,
      "hf_energy": 4.941962773919567,
      "flatness": 0.7698436294367285,
      "si": 65.98654275622596,
      "ti": 25.735059620879507,
      "luma_mean": 0.13815525192522995,
      "sat_mean": 0.7895834009433249,
      "difficulty": 0.42323573386539487
    },
    {
      "index": 5,
      "start_sec": 25.933333333333334,
      "end_sec": 29.9,
      "duration": 3.966666666666665,
      "frame_count": 119,
      "motion": 0.031134390696865164,
      "motion_p90": 0.02273157225853304,
      "motion_max": 0.22198690541031227,
      "texture": 4.134452711193548,
      "edge": 0.030551818094135805,
      "noise": 0.014535294409142807,
      "entropy": 0.870614655315876,
      "hf_energy": 5.0,
      "flatness": 0.6503872492283951,
      "si": 70.09979233557391,
      "ti": 24.408873410859155,
      "luma_mean": 0.26027242760530134,
      "sat_mean": 0.4524461881203099,
      "difficulty": 0.4049878037163856
    }
  ],
  "distributions": {
    "thresholds": {
      "high_complexity": 0.45,
      "low_complexity": 0.2
    },
    "metrics": {
      "motion_mean": {
        "mean": 0.04701570529671489,
        "max": 0.0821285502337509,
        "min": 0.025896136396302345,
        "p95": 0.08010879345951344,
        "variance": 0.0005000212747022215,
        "std": 0.02236115548674132
      },
      "motion_p90": {
        "mean": 0.04712090053356734,
        "max": 0.09550497760832728,
        "min": 0.01196457047325103,
        "p95": 0.0943494963764827,
        "variance": 0.0011518248186821514,
        "std": 0.03393854473430102
      },
      "motion_max": {
        "mean": 0.2517773011982571,
        "max": 0.36040802015250545,
        "min": 0.10078955610021786,
        "p95": 0.3474893431523844,
        "variance": 0.006579364457067558,
        "std": 0.08111328163172514
      },
      "texture": {
        "mean": 4.557563963393952,
        "max": 5.518757664084752,
        "min": 3.972842264246337,
        "p95": 5.513254975184665,
        "variance": 0.4547548017455196,
        "std": 0.6743551006298681
      },
      "edge_density": {
        "mean": 0.07992269884902263,
        "max": 0.19314766589506172,
        "min": 0.0063863570601851855,
        "p95": 0.19118519724151234,
        "variance": 0.006062099374077274,
        "std": 0.07785948480485388
      },
      "noise_level": {
        "mean": 0.02658747591097684,
        "max": 0.03706499998224899,
        "min": 0.014535294409142807,
        "p95": 0.03670161792979343,
        "variance": 7.066334534025464e-05,
        "std": 0.00840614925755275
      },
      "high_freq_energy": {
        "mean": 4.9403056526471465,
        "max": 5.0,
        "min": 4.699871141963312,
        "p95": 5.0,
        "variance": 0.012010860067036479,
        "std": 0.10959406948843756
      },
      "flatness": {
        "mean": 0.5554043893068416,
        "max": 0.8482999373070987,
        "min": 0.19915171682098765,
        "p95": 0.8286858603395062,
        "variance": 0.06697561059595962,
        "std": 0.25879646557856933
      },
      "entropy": {
        "mean": 0.8326657215754191,
        "max": 0.9425766095519066,
        "min": 0.6621752493083477,
        "p95": 0.9420192698016763,
        "variance": 0.01202585174699191,