{
  "video": "2b350f65-cc8f-4562-8f2d-e5eb1efbb4f2.mp4",
  "path": "/root/workspace/raw videos/2b350f65-cc8f-4562-8f2d-e5eb1efbb4f2.mp4",
  "extracted_at": "2026-07-21T16:47:07Z",
  "elapsed_sec": 143.93,
  "meta": {
    "path": "../raw videos/2b350f65-cc8f-4562-8f2d-e5eb1efbb4f2.mp4",
    "width": 3840,
    "height": 2160,
    "fps": 30.0,
    "frame_count": 898,
    "duration": 29.933333333333334,
    "detail_scale": 0.25,
    "texture_compensation": 16.0,
    "scene_spans_provided": true,
    "scene_detect": {
      "detector": "content",
      "ok": true,
      "error": "",
      "detect_sec": 42.236,
      "n_scenes": 8
    },
    "samples_per_segment": 16,
    "si_ti_agg": "mean"
  },
  "cut_times_sec": [
    2.0,
    6.1,
    6.666667,
    9.966667,
    11.966667,
    19.933333,
    21.933333
  ],
  "global": {
    "mean_motion": 0.05898722680654335,
    "mean_texture": 4.897279709690839,
    "mean_noise": 0.02509348059523627,
    "mean_edge": 0.10609843272401175,
    "mean_entropy": 0.8484456124034472,
    "mean_hf_energy": 4.999999999999999,
    "mean_flatness": 0.47909640799499,
    "mean_luma": 0.2650196145937468,
    "mean_difficulty": 0.48056904891859387,
    "motion_p90": 0.09668749621762285,
    "motion_level": 0.40005171029022724,
    "texture_level": 0.5371426418436496,
    "noise_level_norm": 0.34330668605308823,
    "edge_level": 0.6907520528848833,
    "segment_count": 8,
    "cut_count": 7,
    "cut_rate": 0.23385300668151449,
    "hard_fraction": 0.5556792873051224,
    "worst_difficulty": 0.5917774130519228,
    "volatility": 0.5511774957489083,
    "duration": 29.933333333333334,
    "fps": 30.0,
    "width": 3840,
    "height": 2160,
    "n_segments": 8
  },
  "segments": [
    {
      "index": 0,
      "start_sec": 0.0,
      "end_sec": 2.0,
      "duration": 2.0,
      "frame_count": 60,
      "motion": 0.06387878521393126,
      "motion_p90": 0.0887235649661099,
      "motion_max": 0.09261976519002663,
      "texture": 5.44241127366017,
      "edge": 0.1921801456404321,
      "noise": 0.013445147371385247,
      "entropy": 0.9480842016637325,
      "hf_energy": 5.0,
      "flatness": 0.1976123649691358,
      "si": 117.81760346657495,
      "ti": 33.95827176624148,
      "luma_mean": 0.39254054708303077,
      "sat_mean": 0.3507565198726096,
      "difficulty": 0.5529397493332768
    },
    {
      "index": 1,
      "start_sec": 2.0,
      "end_sec": 6.1,
      "duration": 4.1,
      "frame_count": 123,
      "motion": 0.08180274241255145,
      "motion_p90": 0.07589241028201404,
      "motion_max": 0.3285273390220286,
      "texture": 5.503374046931338,
      "edge": 0.12290159625771604,
      "noise": 0.03524808833026327,
      "entropy": 0.7778106592595577,
      "hf_energy": 5.0,
      "flatness": 0.4755787037037037,
      "si": 97.28579975727605,
      "ti": 35.02250846931045,
      "luma_mean": 0.15741504544526144,
      "sat_mean": 0.6356594139584846,
      "difficulty": 0.527670728794989
    },
    {
      "index": 2,
      "start_sec": 6.1,
      "end_sec": 6.666666666666667,
      "duration": 0.5666666666666673,
      "frame_count": 17,
      "motion": 0.05979526370733479,
      "motion_p90": 0.06352511120188817,
      "motion_max": 0.06454113713386589,
      "texture": 5.609093980160247,
      "edge": 0.1252195859053498,
      "noise": 0.0019380392817159493,
      "entropy": 0.7631106774012247,
      "hf_energy": 5.0,
      "flatness": 0.4805703446502058,
      "si": 97.10530557436279,
      "ti": 31.105053645130447,
      "luma_mean": 0.13181535065157748,
      "sat_mean": 0.6536478682522392,
      "difficulty": 0.45910074010026736
    },
    {
      "index": 3,
      "start_sec": 6.666666666666667,
      "end_sec": 9.966666666666667,
      "duration": 3.3,
      "frame_count": 99,
      "motion": 0.039744263079460176,
      "motion_p90": 0.061074028685548294,
      "motion_max": 0.06303003963931252,
      "texture": 4.737931778566872,
      "edge": 0.07086275077160493,
      "noise": 0.0010901470959652215,
      "entropy": 0.7431802302598953,
      "hf_energy": 5.0,
      "flatness": 0.6502393180941357,
      "si": 81.15032533169807,
      "ti": 31.88400454306251,
      "luma_mean": 0.13909700993630478,
      "sat_mean": 0.7450921226322319,
      "difficulty": 0.42208947083807147
    },
    {
      "index": 4,
      "start_sec": 9.966666666666667,
      "end_sec": 11.966666666666667,
      "duration": 2.0,
      "frame_count": 60,
      "motion": 0.027191388283708543,
      "motion_p90": 0.019384429466230937,
      "motion_max": 0.24600363864681676,
      "texture": 3.9480389833730967,
      "edge": 0.02365186149691358,
      "noise": 0.018895882443757728,
      "entropy": 0.8431195951998234,
      "hf_energy": 5.0,
      "flatness": 0.7045726032021604,
      "si": 64.34960830903023,
      "ti": 17.283103317288365,
      "luma_mean": 0.2641112879372428,
      "sat_mean": 0.45548250839687726,
      "difficulty": 0.3930515530106932
    },
    {
      "index": 5,
      "start_sec": 11.966666666666667,
      "end_sec": 19.933333333333334,
      "duration": 7.966666666666667,
      "frame_count": 239,
      "motion": 0.08833918325239046,
      "motion_p90": 0.09668749621762285,
      "motion_max": 0.2599405712902445,
      "texture": 5.481037876034797,
      "edge": 0.19259174864969136,
      "noise": 0.038881911779753864,
      "entropy": 0.942567128688097,
      "hf_energy": 5.0,
      "flatness": 0.2002885079089506,
      "si": 116.85436719701782,
      "ti": 41.128260710552595,
      "luma_mean": 0.39002948883064026,
      "sat_mean": 0.34407324053271005,
      "difficulty": 0.5917774130519228
    },
    {
      "index": 6,
      "start_sec": 19.933333333333334,
      "end_sec": 21.933333333333334,
      "duration": 2.0,
      "frame_count": 60,
      "motion": 0.0717847817946623,
      "motion_p90": 0.06054928059186637,
      "motion_max": 0.31871101125635437,
      "texture": 5.266083142962625,
      "edge": 0.09771954571759259,
      "noise": 0.03524808833026327,
      "entropy": 0.7121974378824234,
      "hf_energy": 5.0,
      "flatness": 0.5195255835262346,
      "si": 89.73098415514878,
      "ti": 29.557628193441904,
      "luma_mean": 0.1193298034298596,
      "sat_mean": 0.616949511884229,
      "difficulty": 0.496376639622688
    },
    {
      "index": 7,
      "start_sec": 21.933333333333334,
      "end_sec": 29.933333333333334,
      "duration": 8.0,
      "frame_count": 240,
      "motion": 0.02947178630325587,
      "motion_p90": 0.02136732177438877,
      "motion_max": 0.2426179799080126,
      "texture": 4.029467797570435,
      "edge": 0.025720124421296293,
      "noise": 0.01962264781468548,
      "entropy": 0.850867111235857,
      "hf_energy": 5.0,
      "flatness": 0.6917392457561728,
      "si": 67.17560197254619,
      "ti": 29.49566750103495,
      "luma_mean": 0.2618256343046478,
      "sat_mean": 0.44674935888707334,
      "difficulty": 0.4015460965968418
    }
  ],
  "distributions": {
    "thresholds": {
      "high_complexity": 0.45,
      "low_complexity": 0.2
    },
    "metrics": {
      "motion_mean": {
        "mean": 0.05775102425591186,
        "max": 0.08833918325239046,
        "min": 0.027191388283708543,
        "p95": 0.08605142895844681,
        "variance": 0.0004763306793790482,
        "std": 0.021825001245797174
      },
      "motion_p90": {
        "mean": 0.06090045539820867,
        "max": 0.09668749621762285,
        "min": 0.019384429466230937,
        "p95": 0.09390012027959331,
        "variance": 0.0006966359700872291,
        "std": 0.02639386235637424
      },
      "motion_max": {
        "mean": 0.2019989352608327,
        "max": 0.3285273390220286,
        "min": 0.06303003963931252,
        "p95": 0.3250916243040426,
        "variance": 0.010843187824625093,
        "std": 0.1041306286575909
      },
      "texture": {
        "mean": 5.002179859907447,
        "max": 5.609093980160247,
        "min": 3.9480389833730967,