{
  "video": "2e95827c-13cf-44e5-a00a-39dc95c1d233.mp4",
  "path": "/root/workspace/raw videos/2e95827c-13cf-44e5-a00a-39dc95c1d233.mp4",
  "extracted_at": "2026-07-22T17:51:33Z",
  "elapsed_sec": 69.632,
  "meta": {
    "path": "../raw videos/2e95827c-13cf-44e5-a00a-39dc95c1d233.mp4",
    "width": 3840,
    "height": 2160,
    "fps": 30.0,
    "frame_count": 898,
    "duration": 29.933333333333334,
    "detail_scale": 0.25,
    "texture_compensation": 16.0,
    "scene_spans_provided": true,
    "scene_detect": {
      "detector": "content",
      "ok": true,
      "error": "",
      "detect_sec": 21.483,
      "n_scenes": 6
    },
    "samples_per_segment": 16,
    "si_ti_agg": "mean"
  },
  "cut_times_sec": [
    1.0,
    10.0,
    11.0,
    19.966667,
    20.966667
  ],
  "global": {
    "mean_motion": 0.022053845269803782,
    "mean_texture": 3.7605716738395003,
    "mean_noise": 0.018160620129346758,
    "mean_edge": 0.013349393757389534,
    "mean_entropy": 0.8258497670608134,
    "mean_hf_energy": 3.5075042666177536,
    "mean_flatness": 0.7334901903116751,
    "mean_luma": 0.40431883130183877,
    "mean_difficulty": 0.35657923455455215,
    "motion_p90": 0.028989522815298957,
    "motion_level": 0.16661648555742747,
    "texture_level": 0.4712158260750595,
    "noise_level_norm": 0.2744928946228435,
    "edge_level": 0.21938417021235132,
    "segment_count": 6,
    "cut_count": 5,
    "cut_rate": 0.16703786191536749,
    "hard_fraction": 0.0,
    "worst_difficulty": 0.3959703085612492,
    "volatility": 0.3219559857965689,
    "duration": 29.933333333333334,
    "fps": 30.0,
    "width": 3840,
    "height": 2160,
    "n_segments": 6
  },
  "segments": [
    {
      "index": 0,
      "start_sec": 0.0,
      "end_sec": 1.0,
      "duration": 1.0,
      "frame_count": 30,
      "motion": 0.013011108085209392,
      "motion_p90": 0.015231443657709997,
      "motion_max": 0.016505272633744853,
      "texture": 3.417364278905417,
      "edge": 0.022728009259259257,
      "noise": 0.005232706060633063,
      "entropy": 0.834616196155548,
      "hf_energy": 4.88492061728395,
      "flatness": 0.7874197530864199,
      "si": 55.0593255319911,
      "ti": 16.865175706758528,
      "luma_mean": 0.3518317984446865,
      "sat_mean": 0.7161338575708062,
      "difficulty": 0.34565279030962537
    },
    {
      "index": 1,
      "start_sec": 1.0,
      "end_sec": 10.0,
      "duration": 9.0,
      "frame_count": 270,
      "motion": 0.022137005737866134,
      "motion_p90": 0.016759183611716293,
      "motion_max": 0.19824619492858872,
      "texture": 4.171936278210875,
      "edge": 0.011669560185185186,
      "noise": 0.01998602904495783,
      "entropy": 0.8757251463830471,
      "hf_energy": 4.294195497423243,
      "flatness": 0.6652244888117285,
      "si": 47.90379944800784,
      "ti": 25.769522764938834,
      "luma_mean": 0.3835395877776265,
      "sat_mean": 0.44535012566948073,
      "difficulty": 0.3834971230255702
    },
    {
      "index": 2,
      "start_sec": 10.0,
      "end_sec": 11.0,
      "duration": 1.0,
      "frame_count": 30,
      "motion": 0.018051316267247642,
      "motion_p90": 0.01972942311183727,
      "motion_max": 0.1574231799201162,
      "texture": 3.577886294195816,
      "edge": 0.005271797839506173,
      "noise": 0.016279528802260756,
      "entropy": 0.7784403085708618,
      "hf_energy": 1.5772260045268323,
      "flatness": 0.7730613425925925,
      "si": 29.999763977752497,
      "ti": 3.853474718539862,
      "luma_mean": 0.4425079467743888,
      "sat_mean": 0.48282619901355595,
      "difficulty": 0.3218163353747998
    },
    {
      "index": 3,
      "start_sec": 11.0,
      "end_sec": 19.966666666666665,
      "duration": 8.966666666666665,
      "frame_count": 269,
      "motion": 0.028574929364106754,
      "motion_p90": 0.028989522815298957,
      "motion_max": 0.1713206774993948,
      "texture": 3.4699213763164467,
      "edge": 0.023244598765432098,
      "noise": 0.020712795114377514,
      "entropy": 0.8340380862355232,
      "hf_energy": 4.789667260799774,
      "flatness": 0.761686680169753,
      "si": 56.962998041987596,
      "ti": 23.194007180460037,
      "luma_mean": 0.4106684902452493,
      "sat_mean": 0.6960952700428165,
      "difficulty": 0.3959703085612492
    },
    {
      "index": 4,
      "start_sec": 19.966666666666665,
      "end_sec": 20.966666666666665,
      "duration": 1.0,
      "frame_count": 30,
      "motion": 0.027176748214717987,
      "motion_p90": 0.028343213658920285,
      "motion_max": 0.20308648027112078,
      "texture": 4.157508115414773,
      "edge": 0.009457561728395061,
      "noise": 0.026163530210033058,
      "entropy": 0.8240912973880767,
      "hf_energy": 3.647460866877298,
      "flatness": 0.6721194058641975,
      "si": 42.584459933339176,
      "ti": 8.927236716565922,
      "luma_mean": 0.342532626785282,
      "sat_mean": 0.3786826600702009,
      "difficulty": 0.3918892922726441
    },
    {
      "index": 5,
      "start_sec": 20.966666666666665,
      "end_sec": 29.933333333333334,
      "duration": 8.966666666666669,
      "frame_count": 269,
      "motion": 0.01633282649479545,
      "motion_p90": 0.0076524146695715325,
      "motion_max": 0.19748031650931977,
      "texture": 3.6527098777187024,
      "edge": 0.00542920524691358,
      "noise": 0.014535294409142807,
      "entropy": 0.7721064016222954,
      "hf_energy": 1.4817744583742951,
      "flatness": 0.7702299141589506,
      "si": 31.72975580797462,
      "ti": 10.336700389192698,
      "luma_mean": 0.42731088019698626,
      "sat_mean": 0.4686108170312878,
      "difficulty": 0.3006495577834243
    }
  ],
  "distributions": {
    "thresholds": {
      "high_complexity": 0.45,
      "low_complexity": 0.2
    },
    "metrics": {
      "motion_mean": {
        "mean": 0.02088065569399056,
        "max": 0.028574929364106754,
        "min": 0.013011108085209392,
        "p95": 0.028225384076759563,
        "variance": 3.183978922609938e-05,
        "std": 0.0056426757151283626
      },
      "motion_p90": {
        "mean": 0.01945086692084239,
        "max": 0.028989522815298957,
        "min": 0.0076524146695715325,
        "p95": 0.02882794552620429,
        "variance": 5.573159126170106e-05,
        "std": 0.007465359419458722
      },
      "motion_max": {
        "mean": 0.15734368696038084,
        "max": 0.20308648027112078,
        "min": 0.016505272633744853,
        "p95": 0.20187640893548775,
        "variance": 0.004234531477201109,
        "std": 0.06507327775055678
      },
      "texture": {
        "mean": 3.741221036793672,
        "max": 4.171936278210875,
        "min": 3.417364278905417,
        "p95": 4.16832923751185,
        "variance": 0.09530161997353705,
        "std": 0.30870960460202246
      },
      "edge_density": {
        "mean": 0.012966788837448557,
        "max": 0.023244598765432098,
        "min": 0.005271797839506173,
        "p95": 0.02311545138888889,
        "variance": 5.51567218268028e-05,
        "std": 0.007426757154155695
      },
      "noise_level": {
        "mean": 0.017151647273567504,
        "max": 0.026163530210033058,
        "min": 0.005232706060633063,
        "p95": 0.02480084643611917,
        "variance": 4.193276343453657e-05,
        "std": 0.006475551207004433
      },
      "high_freq_energy": {
        "mean": 3.445874117547566,
        "max": 4.88492061728395,
        "min": 1.4817744583742951,
        "p95": 4.8611072781629066,
        "variance": 1.997742410462533,
        "std": 1.4134151585654275
      },
      "flatness": {
        "mean": 0.7382902641139403,
        "max": 0.7874197530864199,
        "min": 0.6652244888117285,
        "p95": 0.783830150462963,
        "variance": 0.0024845763527568112,
        "std": 0.04984552490200912
      },
      "entropy": {
        "mean": 0.8198362393925587,
        "max": 0.8757251463830471,
        "min": 0.7721064016222954,
        "p95": 0.8654479088261724,