{
  "video": "3.mp4",
  "path": "/root/terry/videos/3.mp4",
  "extracted_at": "2026-07-17T18:19:04Z",
  "elapsed_sec": 20.39,
  "meta": {
    "path": "/root/terry/videos/3.mp4",
    "width": 3840,
    "height": 2160,
    "fps": 30.0,
    "frame_count": 900,
    "duration": 30.0,
    "detail_scale": 0.25,
    "texture_compensation": 16.0,
    "scene_spans_provided": false
  },
  "cut_times_sec": [
    3.0,
    10.0,
    13.0,
    20.0,
    23.0
  ],
  "global": {
    "mean_motion": 0.05352005523531429,
    "mean_texture": 4.61593687409487,
    "mean_noise": 0.04377546024819215,
    "mean_edge": 0.06506609278549383,
    "mean_entropy": 0.768528118232886,
    "mean_hf_energy": 5.000000000000001,
    "mean_flatness": 0.6103658693415638,
    "mean_luma": 0.25827651818314773,
    "mean_difficulty": 0.5035357842034266,
    "motion_p90": 0.14063378797506648,
    "motion_level": 0.4923569755947174,
    "texture_level": 0.5224049175393995,
    "noise_level_norm": 0.47698437174608954,
    "edge_level": 0.5780256840706367,
    "segment_count": 6,
    "cut_count": 5,
    "cut_rate": 0.16666666666666666,
    "hard_fraction": 0.9,
    "worst_difficulty": 0.5602369489439128,
    "volatility": 0.33108103344074596,
    "duration": 30.0,
    "fps": 30.0,
    "width": 3840,
    "height": 2160,
    "n_segments": 6
  },
  "segments": [
    {
      "index": 0,
      "start_sec": 0.0,
      "end_sec": 3.0,
      "duration": 3.0,
      "frame_count": 90,
      "motion": 0.01538980706094166,
      "motion_p90": 0.022970450556765918,
      "motion_max": 0.0239161220043573,
      "texture": 4.434535006905224,
      "edge": 0.06892867476851852,
      "noise": 0.0,
      "entropy": 0.6498130112886429,
      "hf_energy": 5.0,
      "flatness": 0.6321115451388889,
      "luma_mean": 0.12729018775720163,
      "difficulty": 0.3617860199986812
    },
    {
      "index": 1,
      "start_sec": 3.0,
      "end_sec": 10.0,
      "duration": 7.0,
      "frame_count": 210,
      "motion": 0.04892367446592835,
      "motion_p90": 0.09115037672476395,
      "motion_max": 0.22343805979181797,
      "texture": 4.5013946780677845,
      "edge": 0.06302710262345679,
      "noise": 0.03706499934196472,
      "entropy": 0.7740472927689552,
      "hf_energy": 5.0,
      "flatness": 0.6016314621913581,
      "luma_mean": 0.21085518790849672,
      "difficulty": 0.5081811322001831
    },
    {
      "index": 2,
      "start_sec": 10.0,
      "end_sec": 13.0,
      "duration": 3.0,
      "frame_count": 90,
      "motion": 0.05758558573892521,
      "motion_p90": 0.11920897104212051,
      "motion_max": 0.33416630355846044,
      "texture": 4.734860042012952,
      "edge": 0.06181520061728395,
      "noise": 0.04578617587685585,
      "entropy": 0.9169695228338242,
      "hf_energy": 5.0,
      "flatness": 0.5936701871141976,
      "luma_mean": 0.46083183834876545,
      "difficulty": 0.5562367657388675
    },
    {
      "index": 3,
      "start_sec": 13.0,
      "end_sec": 20.0,
      "duration": 7.0,
      "frame_count": 210,
      "motion": 0.07216724064239893,
      "motion_p90": 0.14063378797506648,
      "motion_max": 0.39196344710723796,
      "texture": 4.524546147111155,
      "edge": 0.06904465663580248,
      "noise": 0.0690426453948021,
      "entropy": 0.6183612942695618,
      "hf_energy": 5.0,
      "flatness": 0.6387082851080247,
      "luma_mean": 0.11870860850127089,
      "difficulty": 0.5351678231623173
    },
    {
      "index": 4,
      "start_sec": 20.0,
      "end_sec": 23.0,
      "duration": 3.0,
      "frame_count": 90,
      "motion": 0.041641069429314934,
      "motion_p90": 0.08643854998789635,
      "motion_max": 0.24435908375695958,
      "texture": 4.465231558388196,
      "edge": 0.06206114969135802,
      "noise": 0.03924529254436493,
      "entropy": 0.7320545241236687,
      "hf_energy": 5.0,
      "flatness": 0.6113196855709876,
      "luma_mean": 0.17904073147391672,
      "difficulty": 0.49960601517659786
    },
    {
      "index": 5,
      "start_sec": 23.0,
      "end_sec": 30.0,
      "duration": 7.0,
      "frame_count": 210,
      "motion": 0.05915940923051319,
      "motion_p90": 0.12254452160493821,
      "motion_max": 0.34657337055192444,
      "texture": 4.913234374953486,
      "edge": 0.06415219907407407,
      "noise": 0.045059412717819214,
      "entropy": 0.9160674661397934,
      "hf_energy": 5.0,
      "flatness": 0.5881847993827161,
      "luma_mean": 0.4485515282694868,
      "difficulty": 0.5602369489439128
    }
  ],
  "distributions": {
    "thresholds": {
      "high_complexity": 0.45,
      "low_complexity": 0.2
    },
    "metrics": {
      "motion_mean": {
        "mean": 0.04914446442800371,
        "max": 0.07216724064239893,
        "min": 0.01538980706094166,
        "p95": 0.06891528278942749,
        "variance": 0.0003162210752804307,
        "std": 0.017782605975515252
      },
      "motion_p90": {
        "mean": 0.09715777631525857,
        "max": 0.14063378797506648,
        "min": 0.022970450556765918,
        "p95": 0.1361114713825344,
        "variance": 0.0014459425968704346,
        "std": 0.03802555189435697
      },
      "motion_max": {
        "mean": 0.2607360644617929,
        "max": 0.39196344710723796,
        "min": 0.0239161220043573,
        "p95": 0.3806159279684096,
        "variance": 0.014620616813581636,
        "std": 0.12091574262097403
      },
      "texture": {
        "mean": 4.595633634573133,
        "max": 4.913234374953486,
        "min": 4.434535006905224,
        "p95": 4.868640791718352,
        "variance": 0.02952435065424103,
        "std": 0.17182651324589296
      },
      "edge_density": {
        "mean": 0.06483816390174897,
        "max": 0.06904465663580248,
        "min": 0.06181520061728395,
        "p95": 0.06901566116898149,
        "variance": 9.171244319212985e-06,
        "std": 0.003028406234178794
      },
      "noise_level": {
        "mean": 0.03936642097930113,
        "max": 0.0690426453948021,
        "min": 0.0,
        "p95": 0.06322852801531553,
        "variance": 0.0004182213363014665,
        "std": 0.020450460540082382
      },
      "high_freq_energy": {
        "mean": 5.0,
        "max": 5.0,
        "min": 5.0,
        "p95": 5.0,
        "variance": 0.0,
        "std": 0.0
      },
      "flatness": {
        "mean": 0.6109376607510288,
        "max": 0.6387082851080247,
        "min": 0.5881847993827161,
        "p95": 0.6370591001157407,
        "variance": 0.00035369176301453973,
        "std": 0.018806694632883786
      },
      "entropy": {
        "mean": 0.767885518570741,
        "max": 0.9169695228338242,
        "min": 0.6183612942695618,
        "p95": 0.9167440086603165,
        "variance": 0.013634061360926463,
        "std": 0.1167649834536299
      },
      "difficulty": {
        "mean": 0.5035357842034266,
        "max": 0.5602369489439128,
        "min": 0.3617860199986812,
        "p95": 0.5592369031426515,
        "variance": 0.0045205032368565885,
        "std": 0.06723468775012337
      }
    },
    "high_complexity_ratio": 0.9,
    "low_complexity_ratio": 0.0,
    "high_complexity_segment_ratio": 0.8333333333333334,
    "low_complexity_segment_ratio": 0.0,
    "scene_complexity_histogram": {
      "bins": [
        0.0,
        0.2,
        0.4,
        0.6,
        0.8,
        1.0
      ],
      "counts": [
        0,
        1,
        5,
        0,
        0
      ],
      "fractions": [
        0.0,
        0.16666666666666666,
        0.8333333333333334,
        0.0,
        0.0
      ]
    },
    "worst_segment_index": 5
  },
  "summary_raw": {
    "segment_count": 6.0,
    "cut_count": 5.0,
    "cut_rate": 0.16666666666666666,
    "hard_fraction": 0.9,
    "worst_difficulty": 0.5602369489439128,
    "difficulty_mean": 0.5035357842034266,
    "difficulty_p90": 0.5582368573413902,
    "duration_weighted_difficulty": 0.5159329244295778,
    "motion_mean": 0.05352005523531429,
    "motion_std": 0.017782605975515252,