{
  "video": "30.mp4",
  "path": "/root/terry/videos/30.mp4",
  "extracted_at": "2026-07-17T18:27:29Z",
  "elapsed_sec": 16.115,
  "meta": {
    "path": "/root/terry/videos/30.mp4",
    "width": 3840,
    "height": 2160,
    "fps": 30.0,
    "frame_count": 900,
    "duration": 30.0,
    "detail_scale": 0.25,
    "texture_compensation": 16.0,
    "scene_spans_provided": false
  },
  "cut_times_sec": [
    6.0,
    10.0,
    16.0,
    20.0,
    26.0
  ],
  "global": {
    "mean_motion": 0.040434306665052856,
    "mean_texture": 3.92441701222978,
    "mean_noise": 0.04050502065413942,
    "mean_edge": 0.025032937885802468,
    "mean_entropy": 0.7753135204315186,
    "mean_hf_energy": 4.281726356939518,
    "mean_flatness": 0.6887254211676956,
    "mean_luma": 0.21568351803941746,
    "mean_difficulty": 0.4547288126551636,
    "motion_p90": 0.11649482268215922,
    "motion_level": 0.44549571378610403,
    "texture_level": 0.4818536435863753,
    "noise_level_norm": 0.4576578860133284,
    "edge_level": 0.3451251061306093,
    "segment_count": 6,
    "cut_count": 5,
    "cut_rate": 0.16666666666666666,
    "hard_fraction": 0.6666666666666666,
    "worst_difficulty": 0.5262238208821297,
    "volatility": 0.38027847730867415,
    "duration": 30.0,
    "fps": 30.0,
    "width": 3840,
    "height": 2160,
    "n_segments": 6
  },
  "segments": [
    {
      "index": 0,
      "start_sec": 0.0,
      "end_sec": 6.0,
      "duration": 6.0,
      "frame_count": 180,
      "motion": 0.012048809685911403,
      "motion_p90": 0.01694850217864924,
      "motion_max": 0.016969408133623822,
      "texture": 3.4129727036786237,
      "edge": 0.02779489776234568,
      "noise": 0.0,
      "entropy": 0.6282235532999039,
      "hf_energy": 5.0,
      "flatness": 0.7851880787037038,
      "luma_mean": 0.10847376543209877,
      "difficulty": 0.3075293987120499
    },
    {
      "index": 1,
      "start_sec": 6.0,
      "end_sec": 10.0,
      "duration": 4.0,
      "frame_count": 120,
      "motion": 0.04740552189239893,
      "motion_p90": 0.10757744038973607,
      "motion_max": 0.3421594650205761,
      "texture": 4.273960057775855,
      "edge": 0.005501302083333333,
      "noise": 0.055234118131920695,
      "entropy": 0.8721843957901001,
      "hf_energy": 2.8827742361050825,
      "flatness": 0.7247383777006173,
      "luma_mean": 0.3655979408738804,
      "difficulty": 0.4789578588894426
    },
    {
      "index": 2,
      "start_sec": 10.0,
      "end_sec": 16.0,
      "duration": 6.0,
      "frame_count": 180,
      "motion": 0.050857072477910915,
      "motion_p90": 0.11071400916848216,
      "motion_max": 0.32858334846284193,
      "texture": 4.009469375130238,
      "edge": 0.03997178819444444,
      "noise": 0.051600295468233526,
      "entropy": 0.833861730992794,
      "hf_energy": 5.0,
      "flatness": 0.5599028260030865,
      "luma_mean": 0.17556765065208182,
      "difficulty": 0.5262238208821297
    },
    {
      "index": 3,
      "start_sec": 16.0,
      "end_sec": 20.0,
      "duration": 4.0,
      "frame_count": 120,
      "motion": 0.035645196948378116,
      "motion_p90": 0.06624976700556763,
      "motion_max": 0.18176260288065843,
      "texture": 3.625618650083189,
      "edge": 0.03526885609567901,
      "noise": 0.01671558804810047,
      "entropy": 0.6521233394742012,
      "hf_energy": 5.0,
      "flatness": 0.7559063946759259,
      "luma_mean": 0.12355248615649964,
      "difficulty": 0.41225466868880756
    },
    {
      "index": 4,
      "start_sec": 20.0,
      "end_sec": 26.0,
      "duration": 6.0,
      "frame_count": 180,
      "motion": 0.0504107273889494,
      "motion_p90": 0.11649482268215922,
      "motion_max": 0.37150093802953277,
      "texture": 4.22620759324341,
      "edge": 0.005414978780864197,
      "noise": 0.07340323808602989,
      "entropy": 0.8480026945471764,
      "hf_energy": 2.8201156272941996,
      "flatness": 0.7293754822530865,
      "luma_mean": 0.35671985729091016,
      "difficulty": 0.48921442104361
    },
    {
      "index": 5,
      "start_sec": 26.0,
      "end_sec": 30.0,
      "duration": 4.0,
      "frame_count": 120,
      "motion": 0.050231666817961755,
      "motion_p90": 0.1049436622488501,
      "motion_max": 0.3056878631082062,
      "texture": 4.060574375785894,
      "edge": 0.037204378858024696,
      "noise": 0.04433264839462936,
      "entropy": 0.8254116997122765,
      "hf_energy": 5.0,
      "flatness": 0.5730963059413581,
      "luma_mean": 0.16733404820261435,
      "difficulty": 0.5141927077149415
    }
  ],
  "distributions": {
    "thresholds": {
      "high_complexity": 0.45,
      "low_complexity": 0.2
    },
    "metrics": {
      "motion_mean": {
        "mean": 0.041099832535251755,
        "max": 0.050857072477910915,
        "min": 0.012048809685911403,
        "p95": 0.050745486205670536,
        "variance": 0.00019646059798157284,
        "std": 0.014016440274961859
      },
      "motion_p90": {
        "mean": 0.08715470061224073,
        "max": 0.11649482268215922,
        "min": 0.01694850217864924,
        "p95": 0.11504961930373996,
        "variance": 0.0012525576310750321,
        "std": 0.035391490941680204
      },
      "motion_max": {
        "mean": 0.2577772709392399,
        "max": 0.37150093802953277,
        "min": 0.016969408133623822,
        "p95": 0.3641655697772936,
        "variance": 0.01518816818996136,
        "std": 0.12324028639191553
      },
      "texture": {
        "mean": 3.9348004592828683,
        "max": 4.273960057775855,
        "min": 3.4129727036786237,
        "p95": 4.262021941642744,
        "variance": 0.09820657894971718,
        "std": 0.3133792892801265
      },
      "edge_density": {
        "mean": 0.025192700295781894,
        "max": 0.03997178819444444,
        "min": 0.005414978780864197,
        "p95": 0.0392799358603395,
        "variance": 0.0002083186067067815,
        "std": 0.014433246575416826
      },
      "noise_level": {
        "mean": 0.04021431468815232,
        "max": 0.07340323808602989,
        "min": 0.0,
        "p95": 0.06886095809750259,
        "variance": 0.0006071802703639218,
        "std": 0.02464102819210111
      },
      "high_freq_energy": {
        "mean": 4.283814977233214,
        "max": 5.0,
        "min": 2.8201156272941996,
        "p95": 5.0,
        "variance": 1.0261691487757674,
        "std": 1.0130000734332487
      },
      "flatness": {
        "mean": 0.6880345775462963,
        "max": 0.7851880787037038,
        "min": 0.5599028260030865,
        "p95": 0.7778676576967594,
        "variance": 0.007788362954737651,
        "std": 0.08825170227671335
      },
      "entropy": {
        "mean": 0.7766345689694086,
        "max": 0.8721843957901001,
        "min": 0.6282235532999039,
        "p95": 0.8661389704793692,
        "variance": 0.00956770185886133,
        "std": 0.09781463008600161
      },
      "difficulty": {
        "mean": 0.4547288126551636,
        "max": 0.5262238208821297,
        "min": 0.3075293987120499,
        "p95": 0.5232160425903327,
        "variance": 0.0056492525425448714,
        "std": 0.07516150971438021
      }
    },
    "high_complexity_ratio": 0.6666666666666666,
    "low_complexity_ratio": 0.0,
    "high_complexity_segment_ratio": 0.6666666666666666,
    "low_complexity_segment_ratio": 0.0,
    "scene_complexity_histogram": {
      "bins": [
        0.0,
        0.2,
        0.4,
        0.6,
        0.8,
        1.0
      ],
      "counts": [
        0,
        1,
        5,
        0,
        0
      ],
      "fractions": [
        0.0,
        0.16666666666666666,
        0.8333333333333334,
        0.0,
        0.0
      ]
    },
    "worst_segment_index": 2
  },
  "summary_raw": {
    "segment_count": 6.0,
    "cut_count": 5.0,
    "cut_rate": 0.16666666666666666,
    "hard_fraction": 0.6666666666666666,
    "worst_difficulty": 0.5262238208821297,
    "difficulty_mean": 0.4547288126551636,