{
  "video": "31.mp4",
  "path": "/root/terry/videos/31.mp4",
  "extracted_at": "2026-07-17T18:27:46Z",
  "elapsed_sec": 17.285,
  "meta": {
    "path": "/root/terry/videos/31.mp4",
    "width": 3840,
    "height": 2160,
    "fps": 30.0,
    "frame_count": 900,
    "duration": 30.0,
    "detail_scale": 0.25,
    "texture_compensation": 16.0,
    "scene_spans_provided": false
  },
  "cut_times_sec": [
    4.0,
    10.0,
    20.0,
    24.0
  ],
  "global": {
    "mean_motion": 0.04170424464667554,
    "mean_texture": 4.458228341473165,
    "mean_noise": 0.047578864172101026,
    "mean_edge": 0.012139981995884775,
    "mean_entropy": 0.7823864062627157,
    "mean_hf_energy": 4.500664881592298,
    "mean_flatness": 0.663365708590535,
    "mean_luma": 0.4593170635641088,
    "mean_difficulty": 0.4548021169062337,
    "motion_p90": 0.10751545101065113,
    "motion_level": 0.42577771213736987,
    "texture_level": 0.5137256322430855,
    "noise_level_norm": 0.4977969196874914,
    "edge_level": 0.20355442087025527,
    "segment_count": 5,
    "cut_count": 4,
    "cut_rate": 0.13333333333333333,
    "hard_fraction": 0.8666666666666667,
    "worst_difficulty": 0.5107549289127415,
    "volatility": 0.44626590707398367,
    "duration": 30.0,
    "fps": 30.0,
    "width": 3840,
    "height": 2160,
    "n_segments": 5
  },
  "segments": [
    {
      "index": 0,
      "start_sec": 0.0,
      "end_sec": 4.0,
      "duration": 4.0,
      "frame_count": 120,
      "motion": 0.007680284169995159,
      "motion_p90": 0.011382478516097798,
      "motion_max": 0.011958673747276688,
      "texture": 4.7486211531233185,
      "edge": 0.009329185956790123,
      "noise": 0.0,
      "entropy": 0.7064548656344414,
      "hf_energy": 5.0,
      "flatness": 0.6719034529320989,
      "luma_mean": 0.48368689671084486,
      "difficulty": 0.31292995106593574
    },
    {
      "index": 1,
      "start_sec": 4.0,
      "end_sec": 10.0,
      "duration": 6.0,
      "frame_count": 180,
      "motion": 0.05399928513071896,
      "motion_p90": 0.10751545101065113,
      "motion_max": 0.27894706184943113,
      "texture": 3.828235390031858,
      "edge": 0.0156469425154321,
      "noise": 0.06613558891694993,
      "entropy": 0.9233366176486015,
      "hf_energy": 3.2098309408879473,
      "flatness": 0.6692377989969136,
      "luma_mean": 0.3943178936698136,
      "difficulty": 0.5074561664554191
    },
    {
      "index": 2,
      "start_sec": 10.0,
      "end_sec": 20.0,
      "duration": 10.0,
      "frame_count": 300,
      "motion": 0.04385124761710239,
      "motion_p90": 0.09486562953885251,
      "motion_max": 0.2891270727426773,
      "texture": 4.770336550768896,
      "edge": 0.00984182098765432,
      "noise": 0.04942000284790993,
      "entropy": 0.716374896466732,
      "hf_energy": 5.0,
      "flatness": 0.6692310474537038,
      "luma_mean": 0.49398985566448805,
      "difficulty": 0.47229650940110257
    },
    {
      "index": 3,
      "start_sec": 20.0,
      "end_sec": 24.0,
      "duration": 4.0,
      "frame_count": 120,
      "motion": 0.05072854635681433,
      "motion_p90": 0.10419083227426768,
      "motion_max": 0.2833489091624304,
      "texture": 3.8320032394547323,
      "edge": 0.01996624228395062,
      "noise": 0.0588679417851381,
      "entropy": 0.9062594994902611,
      "hf_energy": 3.9402402006103188,
      "flatness": 0.624770206404321,
      "luma_mean": 0.38884041961692084,
      "difficulty": 0.5107549289127415
    },
    {
      "index": 4,
      "start_sec": 24.0,
      "end_sec": 30.0,
      "duration": 6.0,
      "frame_count": 180,
      "motion": 0.04249730505628177,
      "motion_p90": 0.0917624682280319,
      "motion_max": 0.2787762118736383,
      "texture": 4.791929137667107,
      "edge": 0.009119646990740742,
      "noise": 0.050146766006946564,
      "entropy": 0.7194943428039551,
      "hf_energy": 5.0,
      "flatness": 0.6677565586419754,
      "luma_mean": 0.49726612049140645,
      "difficulty": 0.4705730286959692
    }
  ],
  "distributions": {
    "thresholds": {
      "high_complexity": 0.45,
      "low_complexity": 0.2
    },
    "metrics": {
      "motion_mean": {
        "mean": 0.039751333666182526,
        "max": 0.05399928513071896,
        "min": 0.007680284169995159,
        "p95": 0.05334513737593803,
        "variance": 0.0002752810376916489,
        "std": 0.016591595393199803
      },
      "motion_p90": {
        "mean": 0.08194337191358021,
        "max": 0.10751545101065113,
        "min": 0.011382478516097798,
        "p95": 0.10685052726337443,
        "variance": 0.0012782239586928955,
        "std": 0.035752258092222586
      },
      "motion_max": {
        "mean": 0.22843158587509077,
        "max": 0.2891270727426773,
        "min": 0.011958673747276688,
        "p95": 0.2879714400266279,
        "variance": 0.01172935417761673,
        "std": 0.10830214299641873
      },
      "texture": {
        "mean": 4.394225094209182,
        "max": 4.791929137667107,
        "min": 3.828235390031858,
        "p95": 4.787610620287465,
        "variance": 0.2123325319420785,
        "std": 0.4607955424503133
      },
      "edge_density": {
        "mean": 0.01278076774691358,
        "max": 0.01996624228395062,
        "min": 0.009119646990740742,
        "p95": 0.019102382330246914,
        "variance": 1.8760126445010353e-05,
        "std": 0.0043312961622371604
      },
      "noise_level": {
        "mean": 0.0449140599113889,
        "max": 0.06613558891694993,
        "min": 0.0,
        "p95": 0.06468205949058756,
        "variance": 0.0005420043250467832,
        "std": 0.023280986341793666
      },
      "high_freq_energy": {
        "mean": 4.430014228299653,
        "max": 5.0,
        "min": 3.2098309408879473,
        "p95": 5.0,
        "variance": 0.540675438580078,
        "std": 0.735306356956118
      },
      "flatness": {
        "mean": 0.6605798128858025,
        "max": 0.6719034529320989,
        "min": 0.624770206404321,
        "p95": 0.6713703221450618,
        "variance": 0.000322372600590887,
        "std": 0.017954737552826748
      },
      "entropy": {
        "mean": 0.7943840444087982,
        "max": 0.9233366176486015,
        "min": 0.7064548656344414,
        "p95": 0.9199211940169334,
        "variance": 0.009714063728778735,
        "std": 0.09855994992276901
      },
      "difficulty": {
        "mean": 0.4548021169062337,
        "max": 0.5107549289127415,
        "min": 0.31292995106593574,
        "p95": 0.5100951764212771,
        "variance": 0.005317130594604967,
        "std": 0.07291865738344999
      }
    },
    "high_complexity_ratio": 0.8666666666666667,
    "low_complexity_ratio": 0.0,
    "high_complexity_segment_ratio": 0.8,
    "low_complexity_segment_ratio": 0.0,
    "scene_complexity_histogram": {
      "bins": [
        0.0,
        0.2,
        0.4,
        0.6,
        0.8,
        1.0
      ],
      "counts": [
        0,
        1,
        4,
        0,
        0
      ],
      "fractions": [
        0.0,
        0.2,
        0.8,
        0.0,
        0.0
      ]
    },
    "worst_segment_index": 3
  },
  "summary_raw": {
    "segment_count": 5.0,
    "cut_count": 4.0,
    "cut_rate": 0.13333333333333333,
    "hard_fraction": 0.8666666666666667,
    "worst_difficulty": 0.5107549289127415,
    "difficulty_mean": 0.4548021169062337,
    "difficulty_p90": 0.5094354239298126,
    "duration_weighted_difficulty": 0.4628626594944688,
    "motion_mean": 0.04170424464667554,
    "motion_std": 0.016591595393199803,
    "motion_p90": 0.10751545101065113,
    "texture": 4.458228341473165,
    "texture_lbp": 4.458228341473165,
    "texture_std": 0.4607955424503133,
    "entropy": 0.7823864062627157,
    "edge_density": 0.012139981995884775,
    "noise_level": 0.047578864172101026,
    "high_freq_energy": 4.500664881592298,
    "flatness": 0.663365708590535,
    "luma_mean": 0.4593170635641088,
    "luma_std": 0.23274137076076487,