{
  "video": "32.mp4",
  "path": "/root/terry/videos/32.mp4",
  "extracted_at": "2026-07-17T18:28:03Z",
  "elapsed_sec": 17.113,
  "meta": {
    "path": "/root/terry/videos/32.mp4",
    "width": 3840,
    "height": 2160,
    "fps": 30.0,
    "frame_count": 900,
    "duration": 30.0,
    "detail_scale": 0.25,
    "texture_compensation": 16.0,
    "scene_spans_provided": false
  },
  "cut_times_sec": [
    1.0,
    10.0,
    20.0,
    21.0
  ],
  "global": {
    "mean_motion": 0.06845025603541313,
    "mean_texture": 5.966982376858064,
    "mean_noise": 0.0603699211923716,
    "mean_edge": 0.1512473476080247,
    "mean_entropy": 0.9191127792000768,
    "mean_hf_energy": 5.0,
    "mean_flatness": 0.29846358185442384,
    "mean_luma": 0.3962496764176349,
    "mean_difficulty": 0.5825382233379427,
    "motion_p90": 0.1318689731602517,
    "motion_level": 0.4762865685348064,
    "texture_level": 0.5857458230627115,
    "noise_level_norm": 0.5570726685793804,
    "edge_level": 0.7610030998064895,
    "segment_count": 5,
    "cut_count": 4,
    "cut_rate": 0.13333333333333333,
    "hard_fraction": 1.0,
    "worst_difficulty": 0.6284009336014221,
    "volatility": 0.34191470556618936,
    "duration": 30.0,
    "fps": 30.0,
    "width": 3840,
    "height": 2160,
    "n_segments": 5
  },
  "segments": [
    {
      "index": 0,
      "start_sec": 0.0,
      "end_sec": 1.0,
      "duration": 1.0,
      "frame_count": 30,
      "motion": 0.03135279082697894,
      "motion_p90": 0.042343491285403045,
      "motion_max": 0.04732314360929557,
      "texture": 5.796396703211478,
      "edge": 0.172192081404321,
      "noise": 0.002180294191930443,
      "entropy": 0.9300278499722481,
      "hf_energy": 5.0,
      "flatness": 0.25505594135802473,
      "luma_mean": 0.3589340627647664,
      "difficulty": 0.4839409570137912
    },
    {
      "index": 1,
      "start_sec": 1.0,
      "end_sec": 10.0,
      "duration": 9.0,
      "frame_count": 270,
      "motion": 0.0634106905107722,
      "motion_p90": 0.1137525069595739,
      "motion_max": 0.2978817477608327,
      "texture": 6.30272630556069,
      "edge": 0.10082007137345679,
      "noise": 0.05886794038815424,
      "entropy": 0.8912158086895943,
      "hf_energy": 5.0,
      "flatness": 0.4088606770833333,
      "luma_mean": 0.4468439570851489,
      "difficulty": 0.5935885691631038
    },
    {
      "index": 2,
      "start_sec": 10.0,
      "end_sec": 20.0,
      "duration": 10.0,
      "frame_count": 300,
      "motion": 0.06990924375151295,
      "motion_p90": 0.12120440571290239,
      "motion_max": 0.2858728289155168,
      "texture": 5.8075458455414815,
      "edge": 0.1751613136574074,
      "noise": 0.06395529466681182,
      "entropy": 0.9323463439941406,
      "hf_energy": 5.0,
      "flatness": 0.24591049382716051,
      "luma_mean": 0.3715376535645122,
      "difficulty": 0.6216205386481771
    },
    {
      "index": 3,
      "start_sec": 20.0,
      "end_sec": 21.0,
      "duration": 1.0,
      "frame_count": 30,
      "motion": 0.05933068188695231,
      "motion_p90": 0.1052777792907286,
      "motion_max": 0.265668255265069,
      "texture": 6.21219291661941,
      "edge": 0.131518856095679,
      "noise": 0.04433264583349228,
      "entropy": 0.8894542828202248,
      "hf_energy": 5.0,
      "flatness": 0.3614631558641975,
      "luma_mean": 0.417652205693234,
      "difficulty": 0.5851401182632194
    },
    {
      "index": 4,
      "start_sec": 21.0,
      "end_sec": 30.0,
      "duration": 9.0,
      "frame_count": 270,
      "motion": 0.0770039506929315,
      "motion_p90": 0.1318689731602517,
      "motion_max": 0.2975711767731784,
      "texture": 5.800098497827777,
      "edge": 0.1749684124228395,
      "noise": 0.06613558728713542,
      "entropy": 0.9343883916735649,
      "hf_energy": 5.0,
      "flatness": 0.24428192515432098,
      "luma_mean": 0.3748813194066207,
      "difficulty": 0.6284009336014221
    }
  ],
  "distributions": {
    "thresholds": {
      "high_complexity": 0.45,
      "low_complexity": 0.2
    },
    "metrics": {
      "motion_mean": {
        "mean": 0.06020147153382958,
        "max": 0.0770039506929315,
        "min": 0.03135279082697894,
        "p95": 0.07558500930464779,
        "variance": 0.00024397357737987463,
        "std": 0.015619653561455024
      },
      "motion_p90": {
        "mean": 0.10288943128177193,
        "max": 0.1318689731602517,
        "min": 0.042343491285403045,
        "p95": 0.12973605967078183,
        "variance": 0.0009929547210673934,
        "std": 0.03151118406324004
      },
      "motion_max": {
        "mean": 0.23886343046477848,
        "max": 0.2978817477608327,
        "min": 0.04732314360929557,
        "p95": 0.2978196335633018,
        "variance": 0.00930916498340488,
        "std": 0.09648401413397392
      },
      "texture": {
        "mean": 5.9837920537521665,
        "max": 6.30272630556069,
        "min": 5.796396703211478,
        "p95": 6.284619627772434,
        "variance": 0.05076181538724448,
        "std": 0.22530382905588728
      },
      "edge_density": {
        "mean": 0.15093214699074076,
        "max": 0.1751613136574074,
        "min": 0.10082007137345679,
        "p95": 0.1751227334104938,
        "variance": 0.0009009750741203642,
        "std": 0.030016246836011395
      },
      "noise_level": {
        "mean": 0.04709435247350484,
        "max": 0.06613558728713542,
        "min": 0.002180294191930443,
        "p95": 0.0656995287630707,
        "variance": 0.0005620754044287973,
        "std": 0.023708129500844163
      },
      "high_freq_energy": {
        "mean": 5.0,
        "max": 5.0,
        "min": 5.0,
        "p95": 5.0,
        "variance": 0.0,
        "std": 0.0
      },
      "flatness": {
        "mean": 0.3031144386574074,
        "max": 0.4088606770833333,
        "min": 0.24428192515432098,
        "p95": 0.39938117283950614,
        "variance": 0.0047260029705636555,
        "std": 0.06874593057457042
      },
      "entropy": {
        "mean": 0.9154865354299545,
        "max": 0.9343883916735649,
        "min": 0.8894542828202248,
        "p95": 0.9339799821376801,
        "variance": 0.00042394589906701084,
        "std": 0.020589946553282036
      },
      "difficulty": {
        "mean": 0.5825382233379427,
        "max": 0.6284009336014221,
        "min": 0.4839409570137912,
        "p95": 0.6270448546107731,
        "variance": 0.002696223297874788,
        "std": 0.05192517017665699
      }
    },
    "high_complexity_ratio": 1.0,
    "low_complexity_ratio": 0.0,
    "high_complexity_segment_ratio": 1.0,
    "low_complexity_segment_ratio": 0.0,
    "scene_complexity_histogram": {
      "bins": [
        0.0,
        0.2,
        0.4,
        0.6,
        0.8,
        1.0
      ],
      "counts": [
        0,
        0,
        3,
        2,
        0
      ],
      "fractions": [
        0.0,
        0.0,
        0.6,
        0.4,
        0.0
      ]
    },
    "worst_segment_index": 4
  },
  "summary_raw": {
    "segment_count": 5.0,
    "cut_count": 4.0,
    "cut_rate": 0.13333333333333333,
    "hard_fraction": 1.0,
    "worst_difficulty": 0.6284009336014221,
    "difficulty_mean": 0.5825382233379427,
    "difficulty_p90": 0.6256887756201241,
    "duration_weighted_difficulty": 0.6094397328879838,
    "motion_mean": 0.06845025603541313,
    "motion_std": 0.015619653561455024,
    "motion_p90": 0.1318689731602517,
    "texture": 5.966982376858064,
    "texture_lbp": 5.966982376858064,
    "texture_std": 0.22530382905588728,
    "entropy": 0.9191127792000768,
    "edge_density": 0.1512473476080247,
    "noise_level": 0.0603699211923716,
    "high_freq_energy": 5.0,
    "flatness": 0.29846358185442384,
    "luma_mean": 0.3962496764176349,
    "luma_std": 0.23354275177564823,
    "sat_mean": 0.26767105712398126,
    "chroma_std": 0.20942526575253603,
    "cut_density": 0.26666666666666666,
    "volatility": 0.34191470556618936,
    "duration": 30.0,