{
  "video": "32c3c5f4-78da-4399-adad-93791f71f805.mp4",
  "path": "/root/workspace/raw videos/32c3c5f4-78da-4399-adad-93791f71f805.mp4",
  "extracted_at": "2026-07-21T16:46:57Z",
  "elapsed_sec": 121.22,
  "meta": {
    "path": "../raw videos/32c3c5f4-78da-4399-adad-93791f71f805.mp4",
    "width": 3840,
    "height": 2160,
    "fps": 30.0,
    "frame_count": 899,
    "duration": 29.966666666666665,
    "detail_scale": 0.25,
    "texture_compensation": 16.0,
    "scene_spans_provided": true,
    "scene_detect": {
      "detector": "content",
      "ok": true,
      "error": "",
      "detect_sec": 37.834,
      "n_scenes": 6
    },
    "samples_per_segment": 16,
    "si_ti_agg": "mean"
  },
  "cut_times_sec": [
    4.0,
    10.0,
    14.0,
    20.0,
    24.0
  ],
  "global": {
    "mean_motion": 0.032616524019929274,
    "mean_texture": 4.4050116306431555,
    "mean_noise": 0.01228466817606199,
    "mean_edge": 0.06261551932810289,
    "mean_entropy": 0.9047837394006857,
    "mean_hf_energy": 4.414015885032448,
    "mean_flatness": 0.6302509219402302,
    "mean_luma": 0.44208306783801543,
    "mean_difficulty": 0.41872322010269336,
    "motion_p90": 0.04527056856693294,
    "motion_level": 0.2379273311048512,
    "texture_level": 0.5107252974584894,
    "noise_level_norm": 0.2037776527223222,
    "edge_level": 0.5686348274082254,
    "segment_count": 6,
    "cut_count": 5,
    "cut_rate": 0.16685205784204674,
    "hard_fraction": 0.3325917686318131,
    "worst_difficulty": 0.47382900384618226,
    "volatility": 0.42154234192580753,
    "duration": 29.966666666666665,
    "fps": 30.0,
    "width": 3840,
    "height": 2160,
    "n_segments": 6
  },
  "segments": [
    {
      "index": 0,
      "start_sec": 0.0,
      "end_sec": 4.0,
      "duration": 4.0,
      "frame_count": 120,
      "motion": 0.023944180623638345,
      "motion_p90": 0.028192844498910675,
      "motion_max": 0.03187247337206488,
      "texture": 4.460574085494095,
      "edge": 0.07929482542438271,
      "noise": 0.0,
      "entropy": 0.8549379743635654,
      "hf_energy": 5.0,
      "flatness": 0.6331983024691359,
      "si": 97.76534257779348,
      "ti": 33.331943823204035,
      "luma_mean": 0.41672167945110145,
      "sat_mean": 0.2884445815556161,
      "difficulty": 0.40263588291340485
    },
    {
      "index": 1,
      "start_sec": 4.0,
      "end_sec": 10.0,
      "duration": 6.0,
      "frame_count": 180,
      "motion": 0.01984775222782014,
      "motion_p90": 0.009426905561607359,
      "motion_max": 0.2422152021302348,
      "texture": 3.861429045224288,
      "edge": 0.008558183834876543,
      "noise": 0.019259265303844586,
      "entropy": 0.9438397698104382,
      "hf_energy": 3.227571949983523,
      "flatness": 0.715516372492284,
      "si": 42.60781912729972,
      "ti": 15.015125882523076,
      "luma_mean": 0.44493898032785645,
      "sat_mean": 0.17287394566236988,
      "difficulty": 0.3641189126362535
    },
    {
      "index": 2,
      "start_sec": 10.0,
      "end_sec": 14.0,
      "duration": 4.0,
      "frame_count": 120,
      "motion": 0.04500844226579521,
      "motion_p90": 0.04401992556281772,
      "motion_max": 0.17231037430404259,
      "texture": 4.9217407823192545,
      "edge": 0.09827739197530863,
      "noise": 0.011264852597378194,
      "entropy": 0.9245040193200111,
      "hf_energy": 5.0,
      "flatness": 0.5461588541666667,
      "si": 98.32697567930747,
      "ti": 34.42576432353768,
      "luma_mean": 0.46999951963810216,
      "sat_mean": 0.3390616891528988,
      "difficulty": 0.4732427533543684
    },
    {
      "index": 3,
      "start_sec": 14.0,
      "end_sec": 20.0,
      "duration": 6.0,
      "frame_count": 180,
      "motion": 0.044346121550472045,
      "motion_p90": 0.034296405985233605,
      "motion_max": 0.24778373880416366,
      "texture": 4.443134382780796,
      "edge": 0.07819143036265433,
      "noise": 0.012355000711977482,
      "entropy": 0.8324203044176102,
      "hf_energy": 5.0,
      "flatness": 0.6393946518132716,
      "si": 97.12589382927189,
      "ti": 40.629559319556314,
      "luma_mean": 0.40165971702145364,
      "sat_mean": 0.2735220890825466,
      "difficulty": 0.4362547261066534
    },
    {
      "index": 4,
      "start_sec": 20.0,
      "end_sec": 24.0,
      "duration": 4.0,
      "frame_count": 120,
      "motion": 0.018635654483629874,
      "motion_p90": 0.008582368827160493,
      "motion_max": 0.2150155304405713,
      "texture": 3.8454491703382647,
      "edge": 0.008276427469135803,
      "noise": 0.018169118207879364,
      "entropy": 0.9505557529628277,
      "hf_energy": 3.268644413726136,
      "flatness": 0.7051335841049382,
      "si": 42.380837598426965,
      "ti": 12.538256645127554,
      "luma_mean": 0.4458258168043452,
      "sat_mean": 0.1814645288671024,
      "difficulty": 0.36225804175929766
    },
    {
      "index": 5,
      "start_sec": 24.0,
      "end_sec": 29.966666666666665,
      "duration": 5.966666666666665,
      "frame_count": 179,
      "motion": 0.04054058396120794,
      "motion_p90": 0.04527056856693294,
      "motion_max": 0.16216045600338902,
      "texture": 4.9047617560284245,
      "edge": 0.10265130690586419,
      "noise": 0.010174705646932125,
      "entropy": 0.9277879260480404,
      "hf_energy": 5.0,
      "flatness": 0.539512321566358,
      "si": 109.85235225014341,
      "ti": 36.59582042714,
      "luma_mean": 0.4756383829959453,
      "sat_mean": 0.3468965916999516,
      "difficulty": 0.47382900384618226
    }
  ],
  "distributions": {
    "thresholds": {
      "high_complexity": 0.45,
      "low_complexity": 0.2
    },
    "metrics": {
      "motion_mean": {
        "mean": 0.03205378918542726,
        "max": 0.04500844226579521,
        "min": 0.018635654483629874,
        "p95": 0.04484286208696442,
        "variance": 0.00013095826418052045,
        "std": 0.011443699759278923
      },
      "motion_p90": {
        "mean": 0.028298169833777132,
        "max": 0.04527056856693294,
        "min": 0.008582368827160493,
        "p95": 0.044957907815904134,
        "variance": 0.0002193438794797051,
        "std": 0.014810262640470124
      },
      "motion_max": {
        "mean": 0.1785596291757444,
        "max": 0.24778373880416366,
        "min": 0.03187247337206488,
        "p95": 0.24639160463568144,
        "variance": 0.005333024967334002,
        "std": 0.07302756306583154
      },
      "texture": {
        "mean": 4.406181537030853,
        "max": 4.9217407823192545,
        "min": 3.8454491703382647,
        "p95": 4.917496025746547,
        "variance": 0.1883139494502484,
        "std": 0.43395155196202306
      },
      "edge_density": {
        "mean": 0.06254159432870371,
        "max": 0.10265130690586419,
        "min": 0.008276427469135803,
        "p95": 0.1015578281732253,
        "variance": 0.00154505688988968,
        "std": 0.03930721167788018
      },
      "noise_level": {
        "mean": 0.011870490411335291,
        "max": 0.019259265303844586,
        "min": 0.0,
        "p95": 0.01898672852985328,
        "variance": 3.977541374958025e-05,
        "std": 0.006306775225864661
      },
      "high_freq_energy": {
        "mean": 4.416036060618277,
        "max": 5.0,
        "min": 3.227571949983523,
        "p95": 5.0,
        "variance": 0.6821683439362665,
        "std": 0.8259348303203264
      },
      "flatness": {
        "mean": 0.6298190144354424,
        "max": 0.715516372492284,
        "min": 0.539512321566358,
        "p95": 0.7129206753954476,
        "variance": 0.004712292532396429,
        "std": 0.06864613996720012
      },
      "entropy": {
        "mean": 0.9056742911537489,
        "max": 0.9505557529628277,
        "min": 0.8324203044176102,
        "p95": 0.9488767571747303,
        "variance": 0.0020424735500732664,
        "std": 0.045193733526599306
      },
      "difficulty": {
        "mean": 0.41872322010269336,
        "max": 0.47382900384618226,