{
  "video": "33.mp4",
  "path": "/root/terry/videos/33.mp4",
  "extracted_at": "2026-07-17T18:28:20Z",
  "elapsed_sec": 17.432,
  "meta": {
    "path": "/root/terry/videos/33.mp4",
    "width": 3840,
    "height": 2160,
    "fps": 30.0,
    "frame_count": 900,
    "duration": 30.0,
    "detail_scale": 0.25,
    "texture_compensation": 16.0,
    "scene_spans_provided": false
  },
  "cut_times_sec": [
    1.0,
    10.0,
    20.0,
    21.0
  ],
  "global": {
    "mean_motion": 0.04807936032437666,
    "mean_texture": 4.575118028168094,
    "mean_noise": 0.029773127912388495,
    "mean_edge": 0.06927422518004116,
    "mean_entropy": 0.9185671523213386,
    "mean_hf_energy": 5.0,
    "mean_flatness": 0.6039999115869341,
    "mean_luma": 0.407894573455025,
    "mean_difficulty": 0.5016787910215701,
    "motion_p90": 0.1043647974158799,
    "motion_level": 0.4185225761510546,
    "texture_level": 0.5201883605786051,
    "noise_level_norm": 0.38282024539282966,
    "edge_level": 0.5932321543836832,
    "segment_count": 5,
    "cut_count": 4,
    "cut_rate": 0.13333333333333333,
    "hard_fraction": 0.9666666666666667,
    "worst_difficulty": 0.5361097038314391,
    "volatility": 0.2587514630053108,
    "duration": 30.0,
    "fps": 30.0,
    "width": 3840,
    "height": 2160,
    "n_segments": 5
  },
  "segments": [
    {
      "index": 0,
      "start_sec": 0.0,
      "end_sec": 1.0,
      "duration": 1.0,
      "frame_count": 30,
      "motion": 0.012130989394214475,
      "motion_p90": 0.018305676591624305,
      "motion_max": 0.02044006445170661,
      "texture": 4.41926210302645,
      "edge": 0.0666208526234568,
      "noise": 0.0,
      "entropy": 0.923601545393467,
      "hf_energy": 5.0,
      "flatness": 0.5744015239197531,
      "luma_mean": 0.3995536596390099,
      "difficulty": 0.39857777272477035
    },
    {
      "index": 1,
      "start_sec": 1.0,
      "end_sec": 10.0,
      "duration": 9.0,
      "frame_count": 270,
      "motion": 0.059122588734567896,
      "motion_p90": 0.1043647974158799,
      "motion_max": 0.2502278428346647,
      "texture": 4.537273332817962,
      "edge": 0.06533588927469136,
      "noise": 0.038518528803251684,
      "entropy": 0.9084009230136871,
      "hf_energy": 5.0,
      "flatness": 0.6627678915895061,
      "luma_mean": 0.396055471397664,
      "difficulty": 0.5361097038314391
    },
    {
      "index": 2,
      "start_sec": 10.0,
      "end_sec": 20.0,
      "duration": 10.0,
      "frame_count": 300,
      "motion": 0.04365954728727911,
      "motion_p90": 0.08768700829097069,
      "motion_max": 0.2384654895908981,
      "texture": 4.601671642210928,
      "edge": 0.0714916087962963,
      "noise": 0.028343824378680438,
      "entropy": 0.9242668077349663,
      "hf_energy": 5.0,
      "flatness": 0.5740574363425925,
      "luma_mean": 0.41453977075012105,
      "difficulty": 0.5242960867302947
    },
    {
      "index": 3,
      "start_sec": 20.0,
      "end_sec": 21.0,
      "duration": 1.0,
      "frame_count": 30,
      "motion": 0.04858935393215928,
      "motion_p90": 0.09666269819656254,
      "motion_max": 0.2738170388525781,
      "texture": 4.422023846475921,
      "edge": 0.05944372106481481,
      "noise": 0.040698824159335345,
      "entropy": 0.8926110044121742,
      "hf_energy": 5.0,
      "flatness": 0.6718248456790124,
      "luma_mean": 0.3810940847403776,
      "difficulty": 0.5270962341189895
    },
    {
      "index": 4,
      "start_sec": 21.0,
      "end_sec": 30.0,
      "duration": 9.0,
      "frame_count": 270,
      "motion": 0.04588463276900266,
      "motion_p90": 0.0911477192265795,
      "motion_max": 0.24973819141854273,
      "texture": 4.617786497563282,
      "edge": 0.07213589891975308,
      "noise": 0.02471000113291666,
      "entropy": 0.9247250705957413,
      "hf_energy": 5.0,
      "flatness": 0.5742539544753087,
      "luma_mean": 0.416254723243464,
      "difficulty": 0.522314157702357
    }
  ],
  "distributions": {
    "thresholds": {
      "high_complexity": 0.45,
      "low_complexity": 0.2
    },
    "metrics": {
      "motion_mean": {
        "mean": 0.041877422423444687,
        "max": 0.059122588734567896,
        "min": 0.012130989394214475,
        "p95": 0.05701594177408617,
        "variance": 0.0002493059534844593,
        "std": 0.01578942536903922
      },
      "motion_p90": {
        "mean": 0.07963357994432338,
        "max": 0.1043647974158799,
        "min": 0.018305676591624305,
        "p95": 0.10282437757201643,
        "variance": 0.0009720337654515881,
        "std": 0.031177456045219407
      },
      "motion_max": {
        "mean": 0.20653772542967808,
        "max": 0.2738170388525781,
        "min": 0.02044006445170661,
        "p95": 0.2690991996489954,
        "variance": 0.008790666836195973,
        "std": 0.09375855606927815
      },
      "texture": {
        "mean": 4.519603484418909,
        "max": 4.617786497563282,
        "min": 4.41926210302645,
        "p95": 4.614563526492811,
        "variance": 0.007255497739352165,
        "std": 0.08517920954876351
      },
      "edge_density": {
        "mean": 0.06700559413580247,
        "max": 0.07213589891975308,
        "min": 0.05944372106481481,
        "p95": 0.07200704089506173,
        "variance": 2.1312443881332117e-05,
        "std": 0.0046165402501583495
      },
      "noise_level": {
        "mean": 0.026454235694836827,
        "max": 0.040698824159335345,
        "min": 0.0,
        "p95": 0.040262765088118616,
        "variance": 0.00021097899090555117,
        "std": 0.014525115865477672
      },
      "high_freq_energy": {
        "mean": 5.0,
        "max": 5.0,
        "min": 5.0,
        "p95": 5.0,
        "variance": 0.0,
        "std": 0.0
      },
      "flatness": {
        "mean": 0.6114611304012345,
        "max": 0.6718248456790124,
        "min": 0.5740574363425925,
        "p95": 0.6700134548611111,
        "variance": 0.0020865973135889013,
        "std": 0.04567928757751046
      },
      "entropy": {
        "mean": 0.9147210702300071,
        "max": 0.9247250705957413,
        "min": 0.8926110044121742,
        "p95": 0.9246334180235862,
        "variance": 0.00015977264765297596,
        "std": 0.012640120555318131
      },
      "difficulty": {
        "mean": 0.5016787910215701,
        "max": 0.5361097038314391,
        "min": 0.39857777272477035,
        "p95": 0.5343070098889492,
        "variance": 0.0026797429135189624,
        "std": 0.05176623333331258
      }
    },
    "high_complexity_ratio": 0.9666666666666667,
    "low_complexity_ratio": 0.0,
    "high_complexity_segment_ratio": 0.8,
    "low_complexity_segment_ratio": 0.0,
    "scene_complexity_histogram": {
      "bins": [
        0.0,
        0.2,
        0.4,
        0.6,
        0.8,
        1.0
      ],
      "counts": [
        0,
        1,
        4,
        0,
        0
      ],
      "fractions": [
        0.0,
        0.2,
        0.8,
        0.0,
        0.0
      ]
    },
    "worst_segment_index": 1
  },
  "summary_raw": {
    "segment_count": 5.0,
    "cut_count": 4.0,
    "cut_rate": 0.13333333333333333,
    "hard_fraction": 0.9666666666666667,
    "worst_difficulty": 0.5361097038314391,
    "difficulty_mean": 0.5016787910215701,
    "difficulty_p90": 0.5325043159464593,
    "duration_weighted_difficulty": 0.5231483209316957,
    "motion_mean": 0.04807936032437666,
    "motion_std": 0.01578942536903922,
    "motion_p90": 0.1043647974158799,
    "texture": 4.575118028168094,
    "texture_lbp": 4.575118028168094,
    "texture_std": 0.08517920954876351,
    "entropy": 0.9185671523213386,
    "edge_density": 0.06927422518004116,
    "noise_level": 0.029773127912388495,
    "high_freq_energy": 5.0,
    "flatness": 0.6039999115869341,
    "luma_mean": 0.407894573455025,
    "luma_std": 0.28557518370436463,
    "sat_mean": 0.36324415288620593,
    "chroma_std": 0.227151625627314,
    "cut_density": 0.26666666666666666,
    "volatility": 0.2587514630053108,