{
  "video": "336044b0-d955-4554-b7a4-e2067ccc3e22.mp4",
  "path": "/root/workspace/raw videos/336044b0-d955-4554-b7a4-e2067ccc3e22.mp4",
  "extracted_at": "2026-07-21T16:50:32Z",
  "elapsed_sec": 162.532,
  "meta": {
    "path": "../raw videos/336044b0-d955-4554-b7a4-e2067ccc3e22.mp4",
    "width": 3840,
    "height": 2160,
    "fps": 30.0,
    "frame_count": 897,
    "duration": 29.9,
    "detail_scale": 0.25,
    "texture_compensation": 16.0,
    "scene_spans_provided": true,
    "scene_detect": {
      "detector": "content",
      "ok": true,
      "error": "",
      "detect_sec": 36.697,
      "n_scenes": 8
    },
    "samples_per_segment": 16,
    "si_ti_agg": "mean"
  },
  "cut_times_sec": [
    2.0,
    2.666667,
    3.233333,
    9.966667,
    11.966667,
    19.933333,
    21.933333
  ],
  "global": {
    "mean_motion": 0.048356383240524964,
    "mean_texture": 4.8412921656175865,
    "mean_noise": 0.021157082259293053,
    "mean_edge": 0.09210666886433982,
    "mean_entropy": 0.8482663969705536,
    "mean_hf_energy": 4.9656585716791355,
    "mean_flatness": 0.501589948967808,
    "mean_luma": 0.26349249695309707,
    "mean_difficulty": 0.4931425162049642,
    "motion_p90": 0.1634418391430647,
    "motion_level": 0.5298951646675126,
    "texture_level": 0.5342827575947189,
    "noise_level_norm": 0.30592791899415406,
    "edge_level": 0.6597583741063456,
    "segment_count": 8,
    "cut_count": 7,
    "cut_rate": 0.23411371237458195,
    "hard_fraction": 0.4414715719063545,
    "worst_difficulty": 0.6094812002618842,
    "volatility": 0.5784910124214627,
    "duration": 29.9,
    "fps": 30.0,
    "width": 3840,
    "height": 2160,
    "n_segments": 8
  },
  "segments": [
    {
      "index": 0,
      "start_sec": 0.0,
      "end_sec": 2.0,
      "duration": 2.0,
      "frame_count": 60,
      "motion": 0.0681302981647906,
      "motion_p90": 0.08993468591140161,
      "motion_max": 0.09283377965383685,
      "texture": 5.636576764613534,
      "edge": 0.1790453800154321,
      "noise": 0.01744235318619758,
      "entropy": 0.9363000057637691,
      "hf_energy": 5.0,
      "flatness": 0.20154646508487656,
      "si": 110.5467247276485,
      "ti": 33.84445319958021,
      "luma_mean": 0.3807200256066933,
      "sat_mean": 0.3792310030107722,
      "difficulty": 0.5595038228552394
    },
    {
      "index": 1,
      "start_sec": 2.0,
      "end_sec": 2.6666666666666665,
      "duration": 0.6666666666666665,
      "frame_count": 20,
      "motion": 0.10271957455821835,
      "motion_p90": 0.1634418391430647,
      "motion_max": 0.2982837917574437,
      "texture": 5.799770622362493,
      "edge": 0.1459286816578483,
      "noise": 0.0647858829636659,
      "entropy": 0.8070365786552429,
      "hf_energy": 5.0,
      "flatness": 0.4294006283068783,
      "si": 102.89062310568606,
      "ti": 32.65198219933799,
      "luma_mean": 0.16816021717328905,
      "sat_mean": 0.6308603600390773,
      "difficulty": 0.6094812002618842
    },
    {
      "index": 2,
      "start_sec": 2.6666666666666665,
      "end_sec": 3.2333333333333334,
      "duration": 0.5666666666666669,
      "frame_count": 17,
      "motion": 0.06045586848422496,
      "motion_p90": 0.06354206759864439,
      "motion_max": 0.0645425517429194,
      "texture": 5.5989814253605195,
      "edge": 0.12383101851851851,
      "noise": 0.002907058922573924,
      "entropy": 0.7608904540538788,
      "hf_energy": 5.0,
      "flatness": 0.48249421296296297,
      "si": 97.78537081816984,
      "ti": 30.81253052381022,
      "luma_mean": 0.13022734860405064,
      "sat_mean": 0.6549989195009279,
      "difficulty": 0.4611187786754373
    },
    {
      "index": 3,
      "start_sec": 3.2333333333333334,
      "end_sec": 9.966666666666667,
      "duration": 6.733333333333333,
      "frame_count": 202,
      "motion": 0.02597549019607843,
      "motion_p90": 0.05746435866013072,
      "motion_max": 0.06304615256596466,
      "texture": 4.254879098420413,
      "edge": 0.043016251929012345,
      "noise": 0.002180294191930443,
      "entropy": 0.7095526456832886,
      "hf_energy": 4.847503657406857,
      "flatness": 0.7456495949074073,
      "si": 68.24780267208419,
      "ti": 28.181993545299424,
      "luma_mean": 0.136597172105725,
      "sat_mean": 0.7759409372352336,
      "difficulty": 0.39383448421144546
    },
    {
      "index": 4,
      "start_sec": 9.966666666666667,
      "end_sec": 11.966666666666667,
      "duration": 2.0,
      "frame_count": 60,
      "motion": 0.024663732014796658,
      "motion_p90": 0.012230588840474461,
      "motion_max": 0.24243592653110627,
      "texture": 4.021992487191083,
      "edge": 0.027839988425925923,
      "noise": 0.02325646992539987,
      "entropy": 0.880008190870285,
      "hf_energy": 5.0,
      "flatness": 0.6649124710648149,
      "si": 68.0411706410132,
      "ti": 15.128967878419383,
      "luma_mean": 0.26941321950269304,
      "sat_mean": 0.470034405448136,
      "difficulty": 0.40175914633268517
    },
    {
      "index": 5,
      "start_sec": 11.966666666666667,
      "end_sec": 19.933333333333334,
      "duration": 7.966666666666667,
      "frame_count": 239,
      "motion": 0.07130665244492859,
      "motion_p90": 0.07741238123335754,
      "motion_max": 0.2346905561607359,
      "texture": 5.725101144876083,
      "edge": 0.17255991994598766,
      "noise": 0.03016073498292826,
      "entropy": 0.9323384836316109,
      "hf_energy": 5.0,
      "flatness": 0.1968674045138889,
      "si": 105.79846131980445,
      "ti": 36.82630869932585,
      "luma_mean": 0.38014608344302225,
      "sat_mean": 0.41183396829989716,
      "difficulty": 0.5685031228339542
    },
    {
      "index": 6,
      "start_sec": 19.933333333333334,
      "end_sec": 21.933333333333334,
      "duration": 2.0,
      "frame_count": 60,
      "motion": 0.08683624907331759,
      "motion_p90": 0.07657349158799323,
      "motion_max": 0.33116168905833937,
      "texture": 5.641787736240568,
      "edge": 0.13552674093364198,
      "noise": 0.03161426508449949,
      "entropy": 0.8046668246388435,
      "hf_energy": 5.0,
      "flatness": 0.4504817708333333,
      "si": 101.19098154873215,
      "ti": 33.01560697818885,
      "luma_mean": 0.17783086202266402,
      "sat_mean": 0.6335067179746127,
      "difficulty": 0.5326519758951558
    },
    {
      "index": 7,
      "start_sec": 21.933333333333334,
      "end_sec": 29.9,
      "duration": 7.966666666666665,
      "frame_count": 239,
      "motion": 0.030235894570019364,
      "motion_p90": 0.022287214808763015,
      "motion_max": 0.24732029169692568,
      "texture": 4.124078682391541,
      "edge": 0.029791425540123456,
      "noise": 0.023619852494448423,
      "entropy": 0.871975127607584,
      "hf_energy": 5.0,
      "flatness": 0.6545891203703704,
      "si": 69.74031802388343,
      "ti": 27.43224010607149,
      "luma_mean": 0.26213519397921203,
      "sat_mean": 0.4561579189739168,
      "difficulty": 0.4182875985739117
    }
  ],
  "distributions": {
    "thresholds": {
      "high_complexity": 0.45,
      "low_complexity": 0.2
    },
    "metrics": {
      "motion_mean": {
        "mean": 0.05879046993829681,
        "max": 0.10271957455821835,
        "min": 0.024663732014796658,
        "p95": 0.09716041063850309,
        "variance": 0.0007524767049248734,
        "std": 0.027431308844546105
      },
      "motion_p90": {
        "mean": 0.0703608284729787,
        "max": 0.1634418391430647,
        "min": 0.012230588840474461,
        "p95": 0.1377143355119826,
        "variance": 0.0018798179432076398,
        "std": 0.04335686731312169
      },
      "motion_max": {
        "mean": 0.19678934239590898,
        "max": 0.33116168905833937,
        "min": 0.06304615256596466,
        "p95": 0.3196544250030259,
        "variance": 0.010076719221626906,
        "std": 0.1003828631870346
      },
      "texture": {
        "mean": 5.10039599518203,
        "max": 5.799770622362493,