{
  "video": "34.mp4",
  "path": "/root/terry/videos/34.mp4",
  "extracted_at": "2026-07-17T18:28:37Z",
  "elapsed_sec": 16.733,
  "meta": {
    "path": "/root/terry/videos/34.mp4",
    "width": 3840,
    "height": 2160,
    "fps": 30.0,
    "frame_count": 900,
    "duration": 30.0,
    "detail_scale": 0.25,
    "texture_compensation": 16.0,
    "scene_spans_provided": false
  },
  "cut_times_sec": [
    5.0,
    10.0,
    20.0,
    25.0
  ],
  "global": {
    "mean_motion": 0.0497970176271383,
    "mean_texture": 4.520481863083523,
    "mean_noise": 0.03221990234063317,
    "mean_edge": 0.06692740483539095,
    "mean_entropy": 0.9101327396929263,
    "mean_hf_energy": 4.999999999999999,
    "mean_flatness": 0.6335949154449588,
    "mean_luma": 0.4004932960517025,
    "mean_difficulty": 0.5105413479529424,
    "motion_p90": 0.11305771756233353,
    "motion_level": 0.43811019732445927,
    "texture_level": 0.5171890902464225,
    "noise_level_norm": 0.4016447465096585,
    "edge_level": 0.5848896506188275,
    "segment_count": 5,
    "cut_count": 4,
    "cut_rate": 0.13333333333333333,
    "hard_fraction": 0.8333333333333334,
    "worst_difficulty": 0.551028462919532,
    "volatility": 0.2619045822652546,
    "duration": 30.0,
    "fps": 30.0,
    "width": 3840,
    "height": 2160,
    "n_segments": 5
  },
  "segments": [
    {
      "index": 0,
      "start_sec": 0.0,
      "end_sec": 5.0,
      "duration": 5.0,
      "frame_count": 150,
      "motion": 0.015838958673747277,
      "motion_p90": 0.026258757716049384,
      "motion_max": 0.029786605846042122,
      "texture": 4.483097817103358,
      "edge": 0.05923080632716049,
      "noise": 0.000726764730643481,
      "entropy": 0.8963920176029205,
      "hf_energy": 5.0,
      "flatness": 0.6733412905092593,
      "luma_mean": 0.3832784188907044,
      "difficulty": 0.39992959362658625
    },
    {
      "index": 1,
      "start_sec": 5.0,
      "end_sec": 10.0,
      "duration": 5.0,
      "frame_count": 150,
      "motion": 0.04781481386922053,
      "motion_p90": 0.09696034555797622,
      "motion_max": 0.27983275084725245,
      "texture": 4.599257425046112,
      "edge": 0.07254509066358025,
      "noise": 0.03270441293716431,
      "entropy": 0.9298461601138115,
      "hf_energy": 5.0,
      "flatness": 0.5816673900462963,
      "luma_mean": 0.42778502670358265,
      "difficulty": 0.5361430820445321
    },
    {
      "index": 2,
      "start_sec": 10.0,
      "end_sec": 20.0,
      "duration": 10.0,
      "frame_count": 300,
      "motion": 0.059180414662006776,
      "motion_p90": 0.1114354923142096,
      "motion_max": 0.2738144592713629,
      "texture": 4.440174293327686,
      "edge": 0.06481794945987654,
      "noise": 0.04215235362062231,
      "entropy": 0.9009276926517487,
      "hf_energy": 5.0,
      "flatness": 0.6611072530864197,
      "luma_mean": 0.3925713053740015,
      "difficulty": 0.5411596696855363
    },
    {
      "index": 3,
      "start_sec": 20.0,
      "end_sec": 25.0,
      "duration": 5.0,
      "frame_count": 150,
      "motion": 0.048196781953522144,
      "motion_p90": 0.0884041659101912,
      "motion_max": 0.2384661628540305,
      "texture": 4.626359731507083,
      "edge": 0.0707228973765432,
      "noise": 0.028343824378680438,
      "entropy": 0.9204325899481773,
      "hf_energy": 5.0,
      "flatness": 0.5692802372685185,
      "luma_mean": 0.40455359250181555,
      "difficulty": 0.524445931488525
    },
    {
      "index": 4,
      "start_sec": 25.0,
      "end_sec": 30.0,
      "duration": 5.0,
      "frame_count": 150,
      "motion": 0.06857072194232632,
      "motion_p90": 0.11305771756233353,
      "motion_max": 0.2791971828854999,
      "texture": 4.533827618189216,
      "edge": 0.06942973572530864,
      "noise": 0.0472397047560662,
      "entropy": 0.9122702851891518,
      "hf_energy": 5.0,
      "flatness": 0.6550660686728396,
      "luma_mean": 0.4022001274661099,
      "difficulty": 0.551028462919532
    }
  ],
  "distributions": {
    "thresholds": {
      "high_complexity": 0.45,
      "low_complexity": 0.2
    },
    "metrics": {
      "motion_mean": {
        "mean": 0.0479203382201646,
        "max": 0.06857072194232632,
        "min": 0.015838958673747277,
        "p95": 0.0666926604862624,
        "variance": 0.00031650602789525786,
        "std": 0.017790616287674182
      },
      "motion_p90": {
        "mean": 0.08722329581215198,
        "max": 0.11305771756233353,
        "min": 0.026258757716049384,
        "p95": 0.11273327251270875,
        "variance": 0.0010133054607665496,
        "std": 0.03183245923215091
      },
      "motion_max": {
        "mean": 0.2202194323408376,
        "max": 0.27983275084725245,
        "min": 0.029786605846042122,
        "p95": 0.27970563725490194,
        "variance": 0.009300430859111473,
        "std": 0.09643874148448575
      },
      "texture": {
        "mean": 4.5365433770346915,
        "max": 4.626359731507083,
        "min": 4.440174293327686,
        "p95": 4.620939270214889,
        "variance": 0.004830166573139465,
        "std": 0.06949939980416713
      },
      "edge_density": {
        "mean": 0.06734929591049382,
        "max": 0.07254509066358025,
        "min": 0.05923080632716049,
        "p95": 0.07218065200617284,
        "variance": 2.300465755174846e-05,
        "std": 0.0047963170820691636
      },
      "noise_level": {
        "mean": 0.03023341208463535,
        "max": 0.0472397047560662,
        "min": 0.000726764730643481,
        "p95": 0.046222234528977425,
        "variance": 0.0002623187565498336,
        "std": 0.016196257485908083
      },
      "high_freq_energy": {
        "mean": 5.0,
        "max": 5.0,
        "min": 5.0,
        "p95": 5.0,
        "variance": 0.0,
        "std": 0.0
      },
      "flatness": {
        "mean": 0.6280924479166667,
        "max": 0.6733412905092593,
        "min": 0.5692802372685185,
        "p95": 0.6708944830246913,
        "variance": 0.001895834690530641,
        "std": 0.043541183843926905
      },
      "entropy": {
        "mean": 0.9119737491011619,
        "max": 0.9298461601138115,
        "min": 0.8963920176029205,
        "p95": 0.9279634460806847,
        "variance": 0.00015117374341972134,
        "std": 0.012295273214521153
      },
      "difficulty": {
        "mean": 0.5105413479529424,
        "max": 0.551028462919532,
        "min": 0.39992959362658625,
        "p95": 0.5490547042727328,
        "variance": 0.003132086906197421,
        "std": 0.0559650507566769
      }
    },
    "high_complexity_ratio": 0.8333333333333334,
    "low_complexity_ratio": 0.0,
    "high_complexity_segment_ratio": 0.8,
    "low_complexity_segment_ratio": 0.0,
    "scene_complexity_histogram": {
      "bins": [
        0.0,
        0.2,
        0.4,
        0.6,
        0.8,
        1.0
      ],
      "counts": [
        0,
        1,
        4,
        0,
        0
      ],
      "fractions": [
        0.0,
        0.2,
        0.8,
        0.0,
        0.0
      ]
    },
    "worst_segment_index": 4
  },
  "summary_raw": {
    "segment_count": 5.0,
    "cut_count": 4.0,
    "cut_rate": 0.13333333333333333,
    "hard_fraction": 0.8333333333333334,
    "worst_difficulty": 0.551028462919532,
    "difficulty_mean": 0.5105413479529424,
    "difficulty_p90": 0.5470809456259337,
    "duration_weighted_difficulty": 0.5156444015750413,
    "motion_mean": 0.0497970176271383,
    "motion_std": 0.017790616287674182,
    "motion_p90": 0.11305771756233353,
    "texture": 4.520481863083523,
    "texture_lbp": 4.520481863083523,
    "texture_std": 0.06949939980416713,
    "entropy": 0.9101327396929263,
    "edge_density": 0.06692740483539095,
    "noise_level": 0.03221990234063317,
    "high_freq_energy": 4.999999999999999,
    "flatness": 0.6335949154449588,
    "luma_mean": 0.4004932960517025,
    "luma_std": 0.3066226781222649,
    "sat_mean": 0.3679106446494492,
    "chroma_std": 0.2293460199857397,