{
  "video": "35.mp4",
  "path": "/root/terry/videos/35.mp4",
  "extracted_at": "2026-07-17T18:28:54Z",
  "elapsed_sec": 16.442,
  "meta": {
    "path": "/root/terry/videos/35.mp4",
    "width": 3840,
    "height": 2160,
    "fps": 30.0,
    "frame_count": 900,
    "duration": 30.0,
    "detail_scale": 0.25,
    "texture_compensation": 16.0,
    "scene_spans_provided": false
  },
  "cut_times_sec": [
    6.0,
    10.0,
    20.0,
    26.0
  ],
  "global": {
    "mean_motion": 0.05021559083252643,
    "mean_texture": 5.046939103624057,
    "mean_noise": 0.046076882370592404,
    "mean_edge": 0.04645908886316873,
    "mean_entropy": 0.8928931817412377,
    "mean_hf_energy": 5.0,
    "mean_flatness": 0.5766432773919753,
    "mean_luma": 0.31726906135267896,
    "mean_difficulty": 0.5224310477804553,
    "motion_p90": 0.13084869432340832,
    "motion_level": 0.4743495148467143,
    "texture_level": 0.5446177046367264,
    "noise_level_norm": 0.489779010629668,
    "edge_level": 0.4944608278484525,
    "segment_count": 5,
    "cut_count": 4,
    "cut_rate": 0.13333333333333333,
    "hard_fraction": 0.8,
    "worst_difficulty": 0.588458221598001,
    "volatility": 0.3360370116709757,
    "duration": 30.0,
    "fps": 30.0,
    "width": 3840,
    "height": 2160,
    "n_segments": 5
  },
  "segments": [
    {
      "index": 0,
      "start_sec": 0.0,
      "end_sec": 6.0,
      "duration": 6.0,
      "frame_count": 180,
      "motion": 0.013527261483297023,
      "motion_p90": 0.018885890976761077,
      "motion_max": 0.020098039215686276,
      "texture": 4.933791609097705,
      "edge": 0.017367139274691357,
      "noise": 0.00799441197887063,
      "entropy": 0.8826031237840652,
      "hf_energy": 5.0,
      "flatness": 0.6337767650462963,
      "luma_mean": 0.29721444565480515,
      "difficulty": 0.3855481049650751
    },
    {
      "index": 1,
      "start_sec": 6.0,
      "end_sec": 10.0,
      "duration": 4.0,
      "frame_count": 120,
      "motion": 0.06957408163882836,
      "motion_p90": 0.13084869432340832,
      "motion_max": 0.3390710103485839,
      "texture": 5.418188362182562,
      "edge": 0.11829475308641976,
      "noise": 0.04142558830790222,
      "entropy": 0.91956427693367,
      "hf_energy": 5.0,
      "flatness": 0.4276355131172839,
      "luma_mean": 0.366837600800351,
      "difficulty": 0.588458221598001
    },
    {
      "index": 2,
      "start_sec": 10.0,
      "end_sec": 20.0,
      "duration": 10.0,
      "frame_count": 300,
      "motion": 0.05503253789941903,
      "motion_p90": 0.11256027974461386,
      "motion_max": 0.3292678452553861,
      "texture": 4.962806474618677,
      "edge": 0.017447675540123456,
      "noise": 0.06540882453555241,
      "entropy": 0.8813712820410728,
      "hf_energy": 5.0,
      "flatness": 0.6338966049382716,
      "luma_mean": 0.30055838382806827,
      "difficulty": 0.5312833416202895
    },
    {
      "index": 3,
      "start_sec": 20.0,
      "end_sec": 26.0,
      "duration": 6.0,
      "frame_count": 180,
      "motion": 0.06170803830791576,
      "motion_p90": 0.12391413323045264,
      "motion_max": 0.3077310502904866,
      "texture": 5.1446739998859865,
      "edge": 0.09478178047839506,
      "noise": 0.04069882200565189,
      "entropy": 0.9148031175136566,
      "hf_energy": 5.0,
      "flatness": 0.4802391975308642,
      "luma_mean": 0.3420172098160252,
      "difficulty": 0.5737732022112042
    },
    {
      "index": 4,
      "start_sec": 26.0,
      "end_sec": 30.0,
      "duration": 4.0,
      "frame_count": 120,
      "motion": 0.056608555169753084,
      "motion_p90": 0.11466451222464287,
      "motion_max": 0.33754446562575646,
      "texture": 4.90914031497564,
      "edge": 0.018305844907407408,
      "noise": 0.06758911715587601,
      "entropy": 0.8775970190763474,
      "hf_energy": 5.0,
      "flatness": 0.6414236111111111,
      "luma_mean": 0.30243691656832483,
      "difficulty": 0.5330923685077069
    }
  ],
  "distributions": {
    "thresholds": {
      "high_complexity": 0.45,
      "low_complexity": 0.2
    },
    "metrics": {
      "motion_mean": {
        "mean": 0.05129009489984265,
        "max": 0.06957408163882836,
        "min": 0.013527261483297023,
        "p95": 0.06800087297264584,
        "variance": 0.00038223224056373764,
        "std": 0.01955076061343235
      },
      "motion_p90": {
        "mean": 0.10017470209997577,
        "max": 0.13084869432340832,
        "min": 0.018885890976761077,
        "p95": 0.12946178210481718,
        "variance": 0.001695136466837558,
        "std": 0.0411720350096708
      },
      "motion_max": {
        "mean": 0.2667424821471799,
        "max": 0.3390710103485839,
        "min": 0.020098039215686276,
        "p95": 0.3387657014040184,
        "variance": 0.015333460367104052,
        "std": 0.12382835041743895
      },
      "texture": {
        "mean": 5.073720152152115,
        "max": 5.418188362182562,
        "min": 4.90914031497564,
        "p95": 5.363485489723247,
        "variance": 0.036532232012035565,
        "std": 0.1911340681616848
      },
      "edge_density": {
        "mean": 0.05323943865740741,
        "max": 0.11829475308641976,
        "min": 0.017367139274691357,
        "p95": 0.11359215856481482,
        "variance": 0.001949237648353292,
        "std": 0.04415017155519661
      },
      "noise_level": {
        "mean": 0.044623352796770634,
        "max": 0.06758911715587601,
        "min": 0.00799441197887063,
        "p95": 0.06715305863181129,
        "variance": 0.0004653538226199158,
        "std": 0.021572061158357487
      },
      "high_freq_energy": {
        "mean": 5.0,
        "max": 5.0,
        "min": 5.0,
        "p95": 5.0,
        "variance": 0.0,
        "std": 0.0
      },
      "flatness": {
        "mean": 0.5633943383487654,
        "max": 0.6414236111111111,
        "min": 0.4276355131172839,
        "p95": 0.6399182098765432,
        "variance": 0.008271611812517714,
        "std": 0.0909484019239355
      },
      "entropy": {
        "mean": 0.8951877638697624,
        "max": 0.91956427693367,
        "min": 0.8775970190763474,
        "p95": 0.9186120450496673,
        "variance": 0.00032753582526519944,
        "std": 0.018097950858182797
      },
      "difficulty": {
        "mean": 0.5224310477804553,
        "max": 0.588458221598001,
        "min": 0.3855481049650751,
        "p95": 0.5855212177206416,
        "variance": 0.0051849142807196,
        "std": 0.07200634889174426
      }
    },
    "high_complexity_ratio": 0.8,
    "low_complexity_ratio": 0.0,
    "high_complexity_segment_ratio": 0.8,
    "low_complexity_segment_ratio": 0.0,
    "scene_complexity_histogram": {
      "bins": [
        0.0,
        0.2,
        0.4,
        0.6,
        0.8,
        1.0
      ],
      "counts": [
        0,
        1,
        4,
        0,
        0
      ],
      "fractions": [
        0.0,
        0.2,
        0.8,
        0.0,
        0.0
      ]
    },
    "worst_segment_index": 1
  },
  "summary_raw": {
    "segment_count": 5.0,
    "cut_count": 4.0,
    "cut_rate": 0.13333333333333333,
    "hard_fraction": 0.8,
    "worst_difficulty": 0.588458221598001,
    "difficulty_mean": 0.5224310477804553,
    "difficulty_p90": 0.5825842138432823,
    "duration_weighted_difficulty": 0.5184987873227801,
    "motion_mean": 0.05021559083252643,
    "motion_std": 0.01955076061343235,
    "motion_p90": 0.13084869432340832,
    "texture": 5.046939103624057,
    "texture_lbp": 5.046939103624057,
    "texture_std": 0.1911340681616848,
    "entropy": 0.8928931817412377,
    "edge_density": 0.04645908886316873,
    "noise_level": 0.046076882370592404,
    "high_freq_energy": 5.0,
    "flatness": 0.5766432773919753,
    "luma_mean": 0.31726906135267896,
    "luma_std": 0.29033636663436296,
    "sat_mean": 0.2545605037243807,
    "chroma_std": 0.18898715235577837,
    "cut_density": 0.26666666666666666,
    "volatility": 0.3360370116709757,
    "duration": 30.0,