{
  "video": "36.mp4",
  "path": "/root/terry/videos/36.mp4",
  "extracted_at": "2026-07-17T18:29:10Z",
  "elapsed_sec": 16.653,
  "meta": {
    "path": "/root/terry/videos/36.mp4",
    "width": 3840,
    "height": 2160,
    "fps": 30.0,
    "frame_count": 900,
    "duration": 30.0,
    "detail_scale": 0.25,
    "texture_compensation": 16.0,
    "scene_spans_provided": false
  },
  "cut_times_sec": [
    1.0,
    10.0,
    20.0,
    21.0
  ],
  "global": {
    "mean_motion": 0.03673567705181352,
    "mean_texture": 4.5717339958745775,
    "mean_noise": 0.04115910816472024,
    "mean_edge": 0.030244221000514403,
    "mean_entropy": 0.850851298123598,
    "mean_hf_energy": 4.45760430892601,
    "mean_flatness": 0.634050982188786,
    "mean_luma": 0.38883333818738397,
    "mean_difficulty": 0.46724070988896005,
    "motion_p90": 0.08647698953038002,
    "motion_level": 0.37358784432882225,
    "texture_level": 0.520003675955143,
    "noise_level_norm": 0.46163660687003893,
    "edge_level": 0.3890221113710084,
    "segment_count": 5,
    "cut_count": 4,
    "cut_rate": 0.13333333333333333,
    "hard_fraction": 0.9666666666666667,
    "worst_difficulty": 0.5402980467276344,
    "volatility": 0.24541192505563184,
    "duration": 30.0,
    "fps": 30.0,
    "width": 3840,
    "height": 2160,
    "n_segments": 5
  },
  "segments": [
    {
      "index": 0,
      "start_sec": 0.0,
      "end_sec": 1.0,
      "duration": 1.0,
      "frame_count": 30,
      "motion": 0.005417102585633019,
      "motion_p90": 0.007979636437908496,
      "motion_max": 0.01012274570321956,
      "texture": 4.6009642736762455,
      "edge": 0.018072916666666668,
      "noise": 0.0,
      "entropy": 0.8458596616983414,
      "hf_energy": 4.885364182097604,
      "flatness": 0.613361545138889,
      "luma_mean": 0.41069996671508113,
      "difficulty": 0.34060185461558334
    },
    {
      "index": 1,
      "start_sec": 1.0,
      "end_sec": 10.0,
      "duration": 9.0,
      "frame_count": 270,
      "motion": 0.0431767192795328,
      "motion_p90": 0.08464641430646329,
      "motion_max": 0.22807596526264826,
      "texture": 4.620148596703428,
      "edge": 0.0722728587962963,
      "noise": 0.045786177448462695,
      "entropy": 0.9247661456465721,
      "hf_energy": 5.0,
      "flatness": 0.5742655285493827,
      "luma_mean": 0.4162548225308642,
      "difficulty": 0.5402980467276344
    },
    {
      "index": 2,
      "start_sec": 10.0,
      "end_sec": 20.0,
      "duration": 10.0,
      "frame_count": 300,
      "motion": 0.035377483130597916,
      "motion_p90": 0.07829517519970947,
      "motion_max": 0.22384264554587266,
      "texture": 4.512527433647037,
      "edge": 0.009425877700617284,
      "noise": 0.04069882514886558,
      "entropy": 0.8119437396526337,
      "hf_energy": 4.106381154409549,
      "flatness": 0.6644109278549383,
      "luma_mean": 0.3753425888102154,
      "difficulty": 0.4601073172507968
    },
    {
      "index": 3,
      "start_sec": 20.0,
      "end_sec": 21.0,
      "duration": 1.0,
      "frame_count": 30,
      "motion": 0.04220232408163882,
      "motion_p90": 0.08647698953038002,
      "motion_max": 0.24056893760590656,
      "texture": 4.423015085665786,
      "edge": 0.06649233217592593,
      "noise": 0.04287911579012871,
      "entropy": 0.9235648810863495,
      "hf_energy": 5.0,
      "flatness": 0.5741997010030864,
      "luma_mean": 0.3995402426016703,
      "difficulty": 0.5347250578364718
    },
    {
      "index": 4,
      "start_sec": 21.0,
      "end_sec": 30.0,
      "duration": 9.0,
      "frame_count": 270,
      "motion": 0.03467617556281772,
      "motion_p90": 0.07750325360082301,
      "motion_max": 0.2282462403171145,
      "texture": 4.602380978899343,
      "edge": 0.008671875,
      "noise": 0.04142558673629537,
      "entropy": 0.8126424103975296,
      "hf_energy": 4.197661504620803,
      "flatness": 0.669052131558642,
      "luma_mean": 0.37278229393609297,
      "difficulty": 0.46047127301431406
    }
  ],
  "distributions": {
    "thresholds": {
      "high_complexity": 0.45,
      "low_complexity": 0.2
    },
    "metrics": {
      "motion_mean": {
        "mean": 0.032169960928044056,
        "max": 0.0431767192795328,
        "min": 0.005417102585633019,
        "p95": 0.04298184023995401,
        "variance": 0.00019081635596364293,
        "std": 0.013813629355228948
      },
      "motion_p90": {
        "mean": 0.06698029381505685,
        "max": 0.08647698953038002,
        "min": 0.007979636437908496,
        "p95": 0.08611087448559668,
        "variance": 0.0008824099502740103,
        "std": 0.029705385879904175
      },
      "motion_max": {
        "mean": 0.18617130688695233,
        "max": 0.24056893760590656,
        "min": 0.01012274570321956,
        "p95": 0.23810439814814816,
        "variance": 0.0077795256591579294,
        "std": 0.0882016193681155
      },
      "texture": {
        "mean": 4.551807273718368,
        "max": 4.620148596703428,
        "min": 4.423015085665786,
        "p95": 4.616595073142611,
        "variance": 0.005554996053468061,
        "std": 0.07453184590138676
      },
      "edge_density": {
        "mean": 0.03498717206790124,
        "max": 0.0722728587962963,
        "min": 0.008671875,
        "p95": 0.07111675347222222,
        "variance": 0.0008029528427042625,
        "std": 0.028336422545978922
      },
      "noise_level": {
        "mean": 0.03415794102475047,
        "max": 0.045786177448462695,
        "min": 0.0,
        "p95": 0.0452047651167959,
        "variance": 0.00029472830919559747,
        "std": 0.01716765299030702
      },
      "high_freq_energy": {
        "mean": 4.637881368225591,
        "max": 5.0,
        "min": 4.106381154409549,
        "p95": 5.0,
        "variance": 0.15995871114341317,
        "std": 0.3999483855992085
      },
      "flatness": {
        "mean": 0.6190579668209877,
        "max": 0.669052131558642,
        "min": 0.5741997010030864,
        "p95": 0.6681238908179012,
        "variance": 0.0017214766681696143,
        "std": 0.04149068170287895
      },
      "entropy": {
        "mean": 0.8637553676962852,
        "max": 0.9247661456465721,
        "min": 0.8119437396526337,
        "p95": 0.9245258927345276,
        "variance": 0.00258334568311569,
        "std": 0.05082662376270619
      },
      "difficulty": {
        "mean": 0.46724070988896005,
        "max": 0.5402980467276344,
        "min": 0.34060185461558334,
        "p95": 0.5391834489494018,
        "variance": 0.005205124382988325,
        "std": 0.0721465479630753
      }
    },
    "high_complexity_ratio": 0.9666666666666667,
    "low_complexity_ratio": 0.0,
    "high_complexity_segment_ratio": 0.8,
    "low_complexity_segment_ratio": 0.0,
    "scene_complexity_histogram": {
      "bins": [
        0.0,
        0.2,
        0.4,
        0.6,
        0.8,
        1.0
      ],
      "counts": [
        0,
        1,
        4,
        0,
        0
      ],
      "fractions": [
        0.0,
        0.2,
        0.8,
        0.0,
        0.0
      ]
    },
    "worst_segment_index": 1
  },
  "summary_raw": {
    "segment_count": 5.0,
    "cut_count": 4.0,
    "cut_rate": 0.13333333333333333,
    "hard_fraction": 0.9666666666666667,
    "worst_difficulty": 0.5402980467276344,
    "difficulty_mean": 0.46724070988896005,
    "difficulty_p90": 0.5380688511711693,
    "duration_weighted_difficulty": 0.48277746542125194,
    "motion_mean": 0.03673567705181352,
    "motion_std": 0.013813629355228948,
    "motion_p90": 0.08647698953038002,
    "texture": 4.5717339958745775,
    "texture_lbp": 4.5717339958745775,
    "texture_std": 0.07453184590138676,
    "entropy": 0.850851298123598,
    "edge_density": 0.030244221000514403,
    "noise_level": 0.04115910816472024,
    "high_freq_energy": 4.45760430892601,
    "flatness": 0.634050982188786,
    "luma_mean": 0.38883333818738397,
    "luma_std": 0.2369936373754291,