{
  "video": "3677d3ad-22a3-4138-bdcd-250a91023e04.mp4",
  "path": "/root/workspace/raw videos/3677d3ad-22a3-4138-bdcd-250a91023e04.mp4",
  "extracted_at": "2026-07-21T16:51:09Z",
  "elapsed_sec": 163.753,
  "meta": {
    "path": "../raw videos/3677d3ad-22a3-4138-bdcd-250a91023e04.mp4",
    "width": 3840,
    "height": 2160,
    "fps": 30.0,
    "frame_count": 899,
    "duration": 29.966666666666665,
    "detail_scale": 0.25,
    "texture_compensation": 16.0,
    "scene_spans_provided": true,
    "scene_detect": {
      "detector": "content",
      "ok": true,
      "error": "",
      "detect_sec": 48.424,
      "n_scenes": 11
    },
    "samples_per_segment": 16,
    "si_ti_agg": "mean"
  },
  "cut_times_sec": [
    7.0,
    8.033333,
    9.0,
    9.633333,
    16.966667,
    19.966667,
    24.166667,
    25.1,
    26.3,
    26.966667
  ],
  "global": {
    "mean_motion": 0.06820108763426819,
    "mean_texture": 6.025809578079404,
    "mean_noise": 0.007710952353692703,
    "mean_edge": 0.181786462070327,
    "mean_entropy": 0.8890191275122689,
    "mean_hf_energy": 5.0,
    "mean_flatness": 0.33601243602737746,
    "mean_luma": 0.3093479715170322,
    "mean_difficulty": 0.5205429601218815,
    "motion_p90": 0.09220774706487533,
    "motion_level": 0.3887214823538495,
    "texture_level": 0.5881242992229174,
    "noise_level_norm": 0.1384099899197217,
    "edge_level": 0.7928355666047534,
    "segment_count": 11,
    "cut_count": 10,
    "cut_rate": 0.33370411568409347,
    "hard_fraction": 1.0,
    "worst_difficulty": 0.5759111719290251,
    "volatility": 0.5341299872543358,
    "duration": 29.966666666666665,
    "fps": 30.0,
    "width": 3840,
    "height": 2160,
    "n_segments": 11
  },
  "segments": [
    {
      "index": 0,
      "start_sec": 0.0,
      "end_sec": 7.0,
      "duration": 7.0,
      "frame_count": 210,
      "motion": 0.06829534219166061,
      "motion_p90": 0.08543625181554103,
      "motion_max": 0.086458401416122,
      "texture": 6.402877901800917,
      "edge": 0.22815212673611113,
      "noise": 0.0,
      "entropy": 0.8900036215782166,
      "hf_energy": 5.0,
      "flatness": 0.21502543885030864,
      "si": 97.44882104907694,
      "ti": 32.24606482780896,
      "luma_mean": 0.3019770471170722,
      "sat_mean": 0.49338902647285765,
      "difficulty": 0.5188059767700621
    },
    {
      "index": 1,
      "start_sec": 7.0,
      "end_sec": 8.033333333333333,
      "duration": 1.0333333333333332,
      "frame_count": 31,
      "motion": 0.10002537356132128,
      "motion_p90": 0.08984121580731058,
      "motion_max": 0.2184062575647543,
      "texture": 6.452793838860408,
      "edge": 0.19212787598204265,
      "noise": 0.03329903700134971,
      "entropy": 0.8786144961010326,
      "hf_energy": 5.0,
      "flatness": 0.28215049803591463,
      "si": 119.11138941380062,
      "ti": 33.67200818179829,
      "luma_mean": 0.22723467380779472,
      "sat_mean": 0.5587299313945556,
      "difficulty": 0.5759111719290251
    },
    {
      "index": 2,
      "start_sec": 8.033333333333333,
      "end_sec": 9.0,
      "duration": 0.9666666666666668,
      "frame_count": 29,
      "motion": 0.08166513018101616,
      "motion_p90": 0.08410816388283708,
      "motion_max": 0.0856289941902687,
      "texture": 6.3359226653314416,
      "edge": 0.19220700445816188,
      "noise": 0.0,
      "entropy": 0.8908508486217923,
      "hf_energy": 5.0,
      "flatness": 0.28665766460905345,
      "si": 121.27175859848658,
      "ti": 33.233903598460735,
      "luma_mean": 0.2318297510019097,
      "sat_mean": 0.5857593500363109,
      "difficulty": 0.5113516120429865
    },
    {
      "index": 3,
      "start_sec": 9.0,
      "end_sec": 9.633333333333333,
      "duration": 0.6333333333333329,
      "frame_count": 19,
      "motion": 0.07338553986409378,
      "motion_p90": 0.08423323499152748,
      "motion_max": 0.08508886316872429,
      "texture": 6.299760384118836,
      "edge": 0.19080467372134038,
      "noise": 0.0,
      "entropy": 0.8803162234170097,
      "hf_energy": 5.0,
      "flatness": 0.2948894951499118,
      "si": 122.8597961757937,
      "ti": 32.250950987110656,
      "luma_mean": 0.22245541874157068,
      "sat_mean": 0.5569696275114985,
      "difficulty": 0.5090546948230308
    },
    {
      "index": 4,
      "start_sec": 9.633333333333333,
      "end_sec": 16.966666666666665,
      "duration": 7.333333333333332,
      "frame_count": 220,
      "motion": 0.039349832535251754,
      "motion_p90": 0.04781566963205035,
      "motion_max": 0.08680403503994191,
      "texture": 5.325010623204203,
      "edge": 0.1310982108410494,
      "noise": 0.0,
      "entropy": 0.895746398717165,
      "hf_energy": 5.0,
      "flatness": 0.49853069540895056,
      "si": 100.9407932601441,
      "ti": 37.797002530461874,
      "luma_mean": 0.3931387413761801,
      "sat_mean": 0.38807896279653836,
      "difficulty": 0.4564629117301341
    },
    {
      "index": 5,
      "start_sec": 16.966666666666665,
      "end_sec": 19.966666666666665,
      "duration": 3.0,
      "frame_count": 90,
      "motion": 0.09679718042695473,
      "motion_p90": 0.09220774706487533,
      "motion_max": 0.26299639161220045,
      "texture": 6.347402782390439,
      "edge": 0.22120177469135802,
      "noise": 0.02180294133722782,
      "entropy": 0.8879371322691441,
      "hf_energy": 5.0,
      "flatness": 0.21579463252314815,
      "si": 96.2679801047891,
      "ti": 29.991521252120865,
      "luma_mean": 0.30147786883850763,
      "sat_mean": 0.4793488784306161,
      "difficulty": 0.5689378991519365
    },
    {
      "index": 6,
      "start_sec": 19.966666666666665,
      "end_sec": 24.166666666666668,
      "duration": 4.200000000000003,
      "frame_count": 126,
      "motion": 0.07752330700798839,
      "motion_p90": 0.08278148450738321,
      "motion_max": 0.17078342864923748,
      "texture": 6.403891776313381,
      "edge": 0.18799322434413582,
      "noise": 0.0039972057566046715,
      "entropy": 0.8762806169688702,
      "hf_energy": 5.0,
      "flatness": 0.2832291666666667,
      "si": 108.96322447341639,
      "ti": 33.065296971555696,
      "luma_mean": 0.22574260687106634,
      "sat_mean": 0.568295501524298,
      "difficulty": 0.5201039413971247
    },
    {
      "index": 7,
      "start_sec": 24.166666666666668,
      "end_sec": 25.1,
      "duration": 0.9333333333333336,
      "frame_count": 28,
      "motion": 0.0868404971556524,
      "motion_p90": 0.0885193536673929,
      "motion_max": 0.08904829339143065,
      "texture": 6.427201251007835,
      "edge": 0.19289416152263372,
      "noise": 0.0,
      "entropy": 0.8921105331844754,
      "hf_energy": 5.0,
      "flatness": 0.27608260459533607,
      "si": 113.06393639429594,
      "ti": 32.23952552900862,
      "luma_mean": 0.23506914437585735,
      "sat_mean": 0.5808113518384034,
      "difficulty": 0.515800240501754
    },
    {
      "index": 8,
      "start_sec": 25.1,
      "end_sec": 26.3,
      "duration": 1.1999999999999993,
      "frame_count": 36,
      "motion": 0.07812194510005648,
      "motion_p90": 0.08161022073953038,
      "motion_max": 0.08903457849189059,
      "texture": 6.406637699595472,
      "edge": 0.19374549897119342,
      "noise": 0.0,
      "entropy": 0.8847976823647817,
      "hf_energy": 5.0,
      "flatness": 0.2777248906893004,
      "si": 115.56656057991474,
      "ti": 31.277051350692613,
      "luma_mean": 0.231473041737271,
      "sat_mean": 0.5638032804557008,
      "difficulty": 0.5098046128370827
    },
    {
      "index": 9,
      "start_sec": 26.3,
      "end_sec": 26.966666666666665,
      "duration": 0.6666666666666643,
      "frame_count": 20,
      "motion": 0.08911338053740014,
      "motion_p90": 0.0896272966594045,
      "motion_max": 0.08993561637618011,
      "texture": 6.538458516175296,
      "edge": 0.1916330467372134,
      "noise": 0.0,
      "entropy": 0.8425060170037406,
      "hf_energy": 5.0,