{
  "video": "36a54c76-f8af-41ad-a938-1cf2999fe55d.mp4",
  "path": "/root/workspace/raw videos/36a54c76-f8af-41ad-a938-1cf2999fe55d.mp4",
  "extracted_at": "2026-07-21T16:51:04Z",
  "elapsed_sec": 150.04,
  "meta": {
    "path": "../raw videos/36a54c76-f8af-41ad-a938-1cf2999fe55d.mp4",
    "width": 3840,
    "height": 2160,
    "fps": 30.0,
    "frame_count": 899,
    "duration": 29.966666666666665,
    "detail_scale": 0.25,
    "texture_compensation": 16.0,
    "scene_spans_provided": true,
    "scene_detect": {
      "detector": "content",
      "ok": true,
      "error": "",
      "detect_sec": 48.363,
      "n_scenes": 6
    },
    "samples_per_segment": 16,
    "si_ti_agg": "mean"
  },
  "cut_times_sec": [
    3.0,
    9.966667,
    12.966667,
    19.966667,
    22.966667
  ],
  "global": {
    "mean_motion": 0.032544001190653614,
    "mean_texture": 4.410928056474322,
    "mean_noise": 0.011326696857628986,
    "mean_edge": 0.06348647524169516,
    "mean_entropy": 0.90345198870766,
    "mean_hf_energy": 4.387121485088358,
    "mean_flatness": 0.6300658798484942,
    "mean_luma": 0.4421986727455568,
    "mean_difficulty": 0.4156259880339221,
    "motion_p90": 0.04490813740619705,
    "motion_level": 0.23647294960374676,
    "texture_level": 0.5110606909955125,
    "noise_level_norm": 0.1909207398620315,
    "edge_level": 0.572019924981316,
    "segment_count": 6,
    "cut_count": 5,
    "cut_rate": 0.16685205784204674,
    "hard_fraction": 0.33259176863181317,
    "worst_difficulty": 0.47210049967593615,
    "volatility": 0.437185285088294,
    "duration": 29.966666666666665,
    "fps": 30.0,
    "width": 3840,
    "height": 2160,
    "n_segments": 6
  },
  "segments": [
    {
      "index": 0,
      "start_sec": 0.0,
      "end_sec": 3.0,
      "duration": 3.0,
      "frame_count": 90,
      "motion": 0.019516669881687244,
      "motion_p90": 0.03008953264947955,
      "motion_max": 0.03111571804647785,
      "texture": 4.430564530331077,
      "edge": 0.08198169849537038,
      "noise": 0.0,
      "entropy": 0.8286765217781067,
      "hf_energy": 5.0,
      "flatness": 0.6372131799768519,
      "si": 98.57450136548835,
      "ti": 27.32364917588796,
      "luma_mean": 0.4020831919669874,
      "sat_mean": 0.277838592255961,
      "difficulty": 0.40120332744860404
    },
    {
      "index": 1,
      "start_sec": 3.0,
      "end_sec": 9.966666666666667,
      "duration": 6.966666666666667,
      "frame_count": 209,
      "motion": 0.04722292574437182,
      "motion_p90": 0.043829414790607604,
      "motion_max": 0.25437203461631563,
      "texture": 4.908944081432713,
      "edge": 0.10164978780864198,
      "noise": 0.010174705501412973,
      "entropy": 0.9275984764099121,
      "hf_energy": 5.0,
      "flatness": 0.5410322627314814,
      "si": 108.39267052803638,
      "ti": 37.42893335802666,
      "luma_mean": 0.4754732727774752,
      "sat_mean": 0.346257196445322,
      "difficulty": 0.47210049967593615
    },
    {
      "index": 2,
      "start_sec": 9.966666666666667,
      "end_sec": 12.966666666666667,
      "duration": 3.0,
      "frame_count": 90,
      "motion": 0.015037088099128541,
      "motion_p90": 0.008581585875090777,
      "motion_max": 0.1720985082304527,
      "texture": 3.84487542659602,
      "edge": 0.008377580054012346,
      "noise": 0.014898676832672209,
      "entropy": 0.9469675421714783,
      "hf_energy": 3.2967478737810456,
      "flatness": 0.7061512586805555,
      "si": 42.73619160161435,
      "ti": 9.725023654356168,
      "luma_mean": 0.44219077459301626,
      "sat_mean": 0.17466761840731665,
      "difficulty": 0.3563616271900309
    },
    {
      "index": 3,
      "start_sec": 12.966666666666667,
      "end_sec": 19.966666666666665,
      "duration": 6.999999999999998,
      "frame_count": 210,
      "motion": 0.04120047308082184,
      "motion_p90": 0.03538402475187606,
      "motion_max": 0.24819831759864439,
      "texture": 4.484130661782961,
      "edge": 0.08125084394290123,
      "noise": 0.012355000711977482,
      "entropy": 0.8417433574795723,
      "hf_energy": 5.0,
      "flatness": 0.6351608314043209,
      "si": 100.30575225775914,
      "ti": 38.610251011964806,
      "luma_mean": 0.411125869473947,
      "sat_mean": 0.30060521816751395,
      "difficulty": 0.44044077290545325
    },
    {
      "index": 4,
      "start_sec": 19.966666666666665,
      "end_sec": 22.966666666666665,
      "duration": 3.0,
      "frame_count": 90,
      "motion": 0.048675344858236505,
      "motion_p90": 0.04490813740619705,
      "motion_max": 0.23521179042604698,
      "texture": 4.923560543310012,
      "edge": 0.09843870563271605,
      "noise": 0.007631029322510585,
      "entropy": 0.9229067713022232,
      "hf_energy": 5.0,
      "flatness": 0.5455109471450617,
      "si": 97.79458941081833,
      "ti": 31.17531014930192,
      "luma_mean": 0.46800300888102153,
      "sat_mean": 0.33417276574981847,
      "difficulty": 0.4660512726067365
    },
    {
      "index": 5,
      "start_sec": 22.966666666666665,
      "end_sec": 29.966666666666665,
      "duration": 7.0,
      "frame_count": 210,
      "motion": 0.015451176130174292,
      "motion_p90": 0.008789665789155169,
      "motion_max": 0.1656151960784314,
      "texture": 3.8565596464534155,
      "edge": 0.008452570408950616,
      "noise": 0.01635220629395917,
      "entropy": 0.9461884573101997,
      "hf_energy": 3.10626145930543,
      "flatness": 0.7141472559799382,
      "si": 42.258309204121474,
      "ti": 17.26401302488569,
      "luma_mean": 0.44629205908829583,
      "sat_mean": 0.17688107544329462,
      "difficulty": 0.35759842837677186
    }
  ],
  "distributions": {
    "thresholds": {
      "high_complexity": 0.45,
      "low_complexity": 0.2
    },
    "metrics": {
      "motion_mean": {
        "mean": 0.03118394629907004,
        "max": 0.048675344858236505,
        "min": 0.015037088099128541,
        "p95": 0.048312240079770336,
        "variance": 0.00021798251998131758,
        "std": 0.014764231100240797
      },
      "motion_p90": {
        "mean": 0.028597060210401034,
        "max": 0.04490813740619705,
        "min": 0.008581585875090777,
        "p95": 0.04463845675229969,
        "variance": 0.0002232197189398784,
        "std": 0.014940539446080198
      },
      "motion_max": {
        "mean": 0.18443526083272818,
        "max": 0.25437203461631563,
        "min": 0.03111571804647785,
        "p95": 0.25282860536189783,
        "variance": 0.005924734699206972,
        "std": 0.07697229825857464
      },
      "texture": {
        "mean": 4.408105814984366,
        "max": 4.923560543310012,
        "min": 3.84487542659602,
        "p95": 4.919906427840687,
        "variance": 0.19070806062388077,
        "std": 0.43670134030465346
      },
      "edge_density": {
        "mean": 0.06335853105709877,
        "max": 0.10164978780864198,
        "min": 0.008377580054012346,
        "p95": 0.1008470172646605,
        "variance": 0.0015668942842675872,
        "std": 0.039584015514694655
      },
      "noise_level": {
        "mean": 0.010235269777088737,
        "max": 0.01635220629395917,
        "min": 0.0,
        "p95": 0.01598882392863743,
        "variance": 2.9200670123391444e-05,
        "std": 0.005403764440035432
      },
      "high_freq_energy": {
        "mean": 4.4005015555144125,
        "max": 5.0,
        "min": 3.10626145930543,
        "p95": 5.0,
        "variance": 0.7218205260562591,
        "std": 0.8496002154285621
      },
      "flatness": {
        "mean": 0.6298692893197017,
        "max": 0.7141472559799382,
        "min": 0.5410322627314814,
        "p95": 0.7121482566550925,
        "variance": 0.004668665808176911,
        "std": 0.06832763575726085
      },
      "entropy": {
        "mean": 0.9023468544085821,
        "max": 0.9469675421714783,
        "min": 0.8286765217781067,
        "p95": 0.9467727709561586,
        "variance": 0.0023455913779496457,