{
  "video": "37.mp4",
  "path": "/root/terry/videos/37.mp4",
  "extracted_at": "2026-07-17T18:29:27Z",
  "elapsed_sec": 17.281,
  "meta": {
    "path": "/root/terry/videos/37.mp4",
    "width": 3840,
    "height": 2160,
    "fps": 30.0,
    "frame_count": 900,
    "duration": 30.0,
    "detail_scale": 0.25,
    "texture_compensation": 16.0,
    "scene_spans_provided": false
  },
  "cut_times_sec": [
    3.0,
    10.0,
    20.0,
    23.0
  ],
  "global": {
    "mean_motion": 0.05016383149131566,
    "mean_texture": 4.197189589362837,
    "mean_noise": 0.0594735777839863,
    "mean_edge": 0.054021452224794236,
    "mean_entropy": 0.8832895604272684,
    "mean_hf_energy": 4.804930923368829,
    "mean_flatness": 0.662683465149177,
    "mean_luma": 0.35165931880017953,
    "mean_difficulty": 0.5095513368710776,
    "motion_p90": 0.13244399509803917,
    "motion_level": 0.4773720009735226,
    "texture_level": 0.4986450102855002,
    "noise_level_norm": 0.553378597886856,
    "edge_level": 0.5321185920900446,
    "segment_count": 5,
    "cut_count": 4,
    "cut_rate": 0.13333333333333333,
    "hard_fraction": 0.9,
    "worst_difficulty": 0.5778380736012672,
    "volatility": 0.4794778865129105,
    "duration": 30.0,
    "fps": 30.0,
    "width": 3840,
    "height": 2160,
    "n_segments": 5
  },
  "segments": [
    {
      "index": 0,
      "start_sec": 0.0,
      "end_sec": 3.0,
      "duration": 3.0,
      "frame_count": 90,
      "motion": 0.01667599968228032,
      "motion_p90": 0.023051404018397482,
      "motion_max": 0.02500757231905108,
      "texture": 4.542294080112285,
      "edge": 0.06902898341049382,
      "noise": 0.002180294191930443,
      "entropy": 0.9132627546787262,
      "hf_energy": 5.0,
      "flatness": 0.5686807966820988,
      "luma_mean": 0.3895101084029291,
      "difficulty": 0.4123307988092353
    },
    {
      "index": 1,
      "start_sec": 3.0,
      "end_sec": 10.0,
      "duration": 7.0,
      "frame_count": 210,
      "motion": 0.0473418739409344,
      "motion_p90": 0.10156995506535943,
      "motion_max": 0.2810746641249092,
      "texture": 3.2757263860563963,
      "edge": 0.014666039737654322,
      "noise": 0.055960884143132716,
      "entropy": 0.7681662365794182,
      "hf_energy": 4.205206328719377,
      "flatness": 0.8639891975308642,
      "luma_mean": 0.19109270511831278,
      "difficulty": 0.4624783799871305
    },
    {
      "index": 2,
      "start_sec": 10.0,
      "end_sec": 20.0,
      "duration": 10.0,
      "frame_count": 300,
      "motion": 0.05647835440117405,
      "motion_p90": 0.11845015053861044,
      "motion_max": 0.34100315450254176,
      "texture": 4.603056075362613,
      "edge": 0.07144700038580247,
      "noise": 0.07412999653024599,
      "entropy": 0.9242355674505234,
      "hf_energy": 5.0,
      "flatness": 0.574086612654321,
      "luma_mean": 0.41454027853425324,
      "difficulty": 0.5778380736012672
    },
    {
      "index": 3,
      "start_sec": 20.0,
      "end_sec": 23.0,
      "duration": 3.0,
      "frame_count": 90,
      "motion": 0.06936224866103849,
      "motion_p90": 0.13244399509803917,
      "motion_max": 0.31318572984749454,
      "texture": 3.465355676788252,
      "edge": 0.027570408950617284,
      "noise": 0.09447941312100738,
      "entropy": 0.8776708617806435,
      "hf_energy": 4.903827800009749,
      "flatness": 0.786502700617284,
      "luma_mean": 0.3077454838416849,
      "difficulty": 0.5376062103784517
    },
    {
      "index": 4,
      "start_sec": 23.0,
      "end_sec": 30.0,
      "duration": 7.0,
      "frame_count": 210,
      "motion": 0.05008907687303317,
      "motion_p90": 0.1015000544662309,
      "motion_max": 0.27930013919147906,
      "texture": 4.704584707737514,
      "edge": 0.07338758680555556,
      "noise": 0.05160029389662668,
      "entropy": 0.9294809475541115,
      "hf_energy": 5.0,
      "flatness": 0.5751661361882716,
      "luma_mean": 0.4249944380144033,
      "difficulty": 0.5575032215793029
    }
  ],
  "distributions": {
    "thresholds": {
      "high_complexity": 0.45,
      "low_complexity": 0.2
    },
    "metrics": {
      "motion_mean": {
        "mean": 0.047989510711692086,
        "max": 0.06936224866103849,
        "min": 0.01667599968228032,
        "p95": 0.06678546980906559,
        "variance": 0.0003028435958155336,
        "std": 0.0174024020128123
      },
      "motion_p90": {
        "mean": 0.09540311183732748,
        "max": 0.13244399509803917,
        "min": 0.023051404018397482,
        "p95": 0.12964522618615343,
        "variance": 0.0014426330629534368,
        "std": 0.03798200972767814
      },
      "motion_max": {
        "mean": 0.24791425199709516,
        "max": 0.34100315450254176,
        "min": 0.02500757231905108,
        "p95": 0.3354396695715323,
        "variance": 0.012939596856599789,
        "std": 0.11375234879596899
      },
      "texture": {
        "mean": 4.1182033852114115,
        "max": 4.704584707737514,
        "min": 3.2757263860563963,
        "p95": 4.684278981262533,
        "variance": 0.3789511457108866,
        "std": 0.6155900792823797
      },
      "edge_density": {
        "mean": 0.0512200038580247,
        "max": 0.07338758680555556,
        "min": 0.014666039737654322,
        "p95": 0.07299946952160494,
        "variance": 0.0006226377014336907,
        "std": 0.02495270930046857
      },
      "noise_level": {
        "mean": 0.055670176376588644,
        "max": 0.09447941312100738,
        "min": 0.002180294191930443,
        "p95": 0.0904095298028551,
        "variance": 0.000944947553464912,
        "std": 0.030739999243085743
      },
      "high_freq_energy": {
        "mean": 4.821806825745826,
        "max": 5.0,
        "min": 4.205206328719377,
        "p95": 5.0,
        "variance": 0.09643640704096054,
        "std": 0.31054211798234477
      },
      "flatness": {
        "mean": 0.673685088734568,
        "max": 0.8639891975308642,
        "min": 0.5686807966820988,
        "p95": 0.8484918981481482,
        "variance": 0.015919041834687776,
        "std": 0.12617068532225612
      },
      "entropy": {
        "mean": 0.8825632736086846,
        "max": 0.9294809475541115,
        "min": 0.7681662365794182,
        "p95": 0.9284318715333939,
        "variance": 0.0035981848230060586,
        "std": 0.05998487161781759
      },
      "difficulty": {
        "mean": 0.5095513368710776,
        "max": 0.5778380736012672,
        "min": 0.4123307988092353,
        "p95": 0.5737711031968743,
        "variance": 0.0038834467757351957,
        "std": 0.06231730719258652
      }
    },
    "high_complexity_ratio": 0.9,
    "low_complexity_ratio": 0.0,
    "high_complexity_segment_ratio": 0.8,
    "low_complexity_segment_ratio": 0.0,
    "scene_complexity_histogram": {
      "bins": [
        0.0,
        0.2,
        0.4,
        0.6,
        0.8,
        1.0
      ],
      "counts": [
        0,
        0,
        5,
        0,
        0
      ],
      "fractions": [
        0.0,
        0.0,
        1.0,
        0.0,
        0.0
      ]
    },
    "worst_segment_index": 2
  },
  "summary_raw": {
    "segment_count": 5.0,
    "cut_count": 4.0,
    "cut_rate": 0.13333333333333333,
    "hard_fraction": 0.9,
    "worst_difficulty": 0.5778380736012672,
    "difficulty_mean": 0.5095513368710776,
    "difficulty_p90": 0.5697041327924814,
    "duration_weighted_difficulty": 0.5256020991513588,
    "motion_mean": 0.05016383149131566,
    "motion_std": 0.0174024020128123,
    "motion_p90": 0.13244399509803917,
    "texture": 4.197189589362837,
    "texture_lbp": 4.197189589362837,
    "texture_std": 0.6155900792823797,
    "entropy": 0.8832895604272684,
    "edge_density": 0.054021452224794236,
    "noise_level": 0.0594735777839863,
    "high_freq_energy": 4.804930923368829,
    "flatness": 0.662683465149177,
    "luma_mean": 0.35165931880017953,
    "luma_std": 0.22343416312031206,
    "sat_mean": 0.38191640580872266,