{
  "video": "38.mp4",
  "path": "/root/terry/videos/38.mp4",
  "extracted_at": "2026-07-17T18:29:44Z",
  "elapsed_sec": 16.826,
  "meta": {
    "path": "/root/terry/videos/38.mp4",
    "width": 3840,
    "height": 2160,
    "fps": 30.0,
    "frame_count": 900,
    "duration": 30.0,
    "detail_scale": 0.25,
    "texture_compensation": 16.0,
    "scene_spans_provided": false
  },
  "cut_times_sec": [
    7.0,
    10.0,
    20.0,
    27.0
  ],
  "global": {
    "mean_motion": 0.045183827437868154,
    "mean_texture": 4.473730353635668,
    "mean_noise": 0.0450594116797826,
    "mean_edge": 0.025302284272119342,
    "mean_entropy": 0.8849826127290726,
    "mean_hf_energy": 4.475707388317628,
    "mean_flatness": 0.649943889853395,
    "mean_luma": 0.5165655707228879,
    "mean_difficulty": 0.4919194516837712,
    "motion_p90": 0.11600501845800043,
    "motion_level": 0.44445512635484963,
    "texture_level": 0.5145927204614507,
    "noise_level_norm": 0.48420047866659655,
    "edge_level": 0.34754794475328304,
    "segment_count": 5,
    "cut_count": 4,
    "cut_rate": 0.13333333333333333,
    "hard_fraction": 0.7666666666666667,
    "worst_difficulty": 0.5643161456283007,
    "volatility": 0.45907956586430465,
    "duration": 30.0,
    "fps": 30.0,
    "width": 3840,
    "height": 2160,
    "n_segments": 5
  },
  "segments": [
    {
      "index": 0,
      "start_sec": 0.0,
      "end_sec": 7.0,
      "duration": 7.0,
      "frame_count": 210,
      "motion": 0.019695032604091018,
      "motion_p90": 0.030746717653110624,
      "motion_max": 0.0385824633865892,
      "texture": 3.776176974259295,
      "edge": 0.02048996913580247,
      "noise": 0.005087353114504367,
      "entropy": 0.8946983814239502,
      "hf_energy": 3.8197855399335325,
      "flatness": 0.6708200713734567,
      "luma_mean": 0.5594289641203705,
      "difficulty": 0.3767202409711497
    },
    {
      "index": 1,
      "start_sec": 7.0,
      "end_sec": 10.0,
      "duration": 3.0,
      "frame_count": 90,
      "motion": 0.044844246437000725,
      "motion_p90": 0.09276974930404255,
      "motion_max": 0.26893339233841684,
      "texture": 4.863825018024953,
      "edge": 0.018268229166666664,
      "noise": 0.0523270596168004,
      "entropy": 0.8636493384838104,
      "hf_energy": 5.0,
      "flatness": 0.7297116126543209,
      "luma_mean": 0.45759829641733235,
      "difficulty": 0.5037524428088772
    },
    {
      "index": 2,
      "start_sec": 10.0,
      "end_sec": 20.0,
      "duration": 10.0,
      "frame_count": 300,
      "motion": 0.053954804375453885,
      "motion_p90": 0.10296803059186634,
      "motion_max": 0.2672097933309126,
      "texture": 3.859901131907532,
      "edge": 0.021605420524691357,
      "noise": 0.05305382370715961,
      "entropy": 0.893238253891468,
      "hf_energy": 4.309070624966346,
      "flatness": 0.6642320119598766,
      "luma_mean": 0.5448775805268093,
      "difficulty": 0.5064832148263713
    },
    {
      "index": 3,
      "start_sec": 20.0,
      "end_sec": 27.0,
      "duration": 7.0,
      "frame_count": 210,
      "motion": 0.05613156431554104,
      "motion_p90": 0.11600501845800043,
      "motion_max": 0.32256060881142584,
      "texture": 6.033936417284517,
      "edge": 0.03931616512345679,
      "noise": 0.06831588048953563,
      "entropy": 0.8701097220182419,
      "hf_energy": 5.0,
      "flatness": 0.5688114872685186,
      "luma_mean": 0.46375687163368434,
      "difficulty": 0.5643161456283007
    },
    {
      "index": 4,
      "start_sec": 27.0,
      "end_sec": 30.0,
      "duration": 3.0,
      "frame_count": 90,
      "motion": 0.050215953877693044,
      "motion_p90": 0.09755260908375692,
      "motion_max": 0.26847253237714835,
      "texture": 4.116876831704389,
      "edge": 0.02318889853395062,
      "noise": 0.05014676641440019,
      "entropy": 0.8908303678035736,
      "hf_energy": 4.814005540110209,
      "flatness": 0.6631469425154322,
      "luma_mean": 0.5043651922960543,
      "difficulty": 0.5083252141841572
    }
  ],
  "distributions": {
    "thresholds": {
      "high_complexity": 0.45,
      "low_complexity": 0.2
    },
    "metrics": {
      "motion_mean": {
        "mean": 0.04496832032195594,
        "max": 0.05613156431554104,
        "min": 0.019695032604091018,
        "p95": 0.05569621232752361,
        "variance": 0.00017433340728765893,
        "std": 0.013203537680775517
      },
      "motion_p90": {
        "mean": 0.08800842501815537,
        "max": 0.11600501845800043,
        "min": 0.030746717653110624,
        "p95": 0.1133976208847736,
        "variance": 0.0008800527663900921,
        "std": 0.029665683312374454
      },
      "motion_max": {
        "mean": 0.2331517580488986,
        "max": 0.32256060881142584,
        "min": 0.0385824633865892,
        "p95": 0.31183516551682405,
        "variance": 0.009907797047782265,
        "std": 0.09953791763836667
      },
      "texture": {
        "mean": 4.530143274636137,
        "max": 6.033936417284517,
        "min": 3.776176974259295,
        "p95": 5.799914137432604,
        "variance": 0.7122432373188249,
        "std": 0.8439450440157966
      },
      "edge_density": {
        "mean": 0.02457373649691358,
        "max": 0.03931616512345679,
        "min": 0.018268229166666664,
        "p95": 0.03609071180555555,
        "variance": 5.6900891250961515e-05,
        "std": 0.007543267942408086
      },
      "noise_level": {
        "mean": 0.04578617666848004,
        "max": 0.06831588048953563,
        "min": 0.005087353114504367,
        "p95": 0.06526346913306043,
        "variance": 0.0004557196758193624,
        "std": 0.021347591803745975
      },
      "high_freq_energy": {
        "mean": 4.588572341002018,
        "max": 5.0,
        "min": 3.8197855399335325,
        "p95": 5.0,
        "variance": 0.21170398384025466,
        "std": 0.46011301203101684
      },
      "flatness": {
        "mean": 0.659344425154321,
        "max": 0.7297116126543209,
        "min": 0.5688114872685186,
        "p95": 0.7179333043981481,
        "variance": 0.002663558403620972,
        "std": 0.05160967354693277
      },
      "entropy": {
        "mean": 0.8825052127242088,
        "max": 0.8946983814239502,
        "min": 0.8636493384838104,
        "p95": 0.8944063559174538,
        "variance": 0.00016847438518906798,
        "std": 0.012979768302595698
      },
      "difficulty": {
        "mean": 0.4919194516837712,
        "max": 0.5643161456283007,
        "min": 0.3767202409711497,
        "p95": 0.5531179593394719,
        "variance": 0.0038266822723937014,
        "std": 0.061860183255416416
      }
    },
    "high_complexity_ratio": 0.7666666666666667,
    "low_complexity_ratio": 0.0,
    "high_complexity_segment_ratio": 0.8,
    "low_complexity_segment_ratio": 0.0,
    "scene_complexity_histogram": {
      "bins": [
        0.0,
        0.2,
        0.4,
        0.6,
        0.8,
        1.0
      ],
      "counts": [
        0,
        1,
        4,
        0,
        0
      ],
      "fractions": [
        0.0,
        0.2,
        0.8,
        0.0,
        0.0
      ]
    },
    "worst_segment_index": 3
  },
  "summary_raw": {
    "segment_count": 5.0,
    "cut_count": 4.0,
    "cut_rate": 0.13333333333333333,
    "hard_fraction": 0.7666666666666667,
    "worst_difficulty": 0.5643161456283007,
    "difficulty_mean": 0.4919194516837712,
    "difficulty_p90": 0.5419197730506433,
    "duration_weighted_difficulty": 0.4896106608479656,
    "motion_mean": 0.045183827437868154,
    "motion_std": 0.013203537680775517,
    "motion_p90": 0.11600501845800043,
    "texture": 4.473730353635668,
    "texture_lbp": 4.473730353635668,
    "texture_std": 0.8439450440157966,
    "entropy": 0.8849826127290726,
    "edge_density": 0.025302284272119342,
    "noise_level": 0.0450594116797826,
    "high_freq_energy": 4.475707388317628,
    "flatness": 0.649943889853395,
    "luma_mean": 0.5165655707228879,