{
  "video": "38522804-c8f0-42d6-8da9-2f3772417c40.mp4",
  "path": "/root/workspace/raw videos/38522804-c8f0-42d6-8da9-2f3772417c40.mp4",
  "extracted_at": "2026-07-21T16:51:34Z",
  "elapsed_sec": 161.721,
  "meta": {
    "path": "../raw videos/38522804-c8f0-42d6-8da9-2f3772417c40.mp4",
    "width": 3840,
    "height": 2160,
    "fps": 30.0,
    "frame_count": 899,
    "duration": 29.966666666666665,
    "detail_scale": 0.25,
    "texture_compensation": 16.0,
    "scene_spans_provided": true,
    "scene_detect": {
      "detector": "content",
      "ok": true,
      "error": "",
      "detect_sec": 47.204,
      "n_scenes": 10
    },
    "samples_per_segment": 16,
    "si_ti_agg": "mean"
  },
  "cut_times_sec": [
    7.0,
    10.0,
    17.0,
    20.0,
    21.233333,
    22.8,
    23.733333,
    24.8,
    27.0
  ],
  "global": {
    "mean_motion": 0.0695085329757104,
    "mean_texture": 5.948273959435594,
    "mean_noise": 0.017745104053257667,
    "mean_edge": 0.18331450574974534,
    "mean_entropy": 0.8876909549389732,
    "mean_hf_energy": 5.0,
    "mean_flatness": 0.33942749798282,
    "mean_luma": 0.3020322750958637,
    "mean_difficulty": 0.5265449266592734,
    "motion_p90": 0.09103021362866134,
    "motion_level": 0.38567186899163775,
    "texture_level": 0.5849836445364384,
    "noise_level_norm": 0.2699076122669608,
    "edge_level": 0.7942070415128041,
    "segment_count": 10,
    "cut_count": 9,
    "cut_rate": 0.3003337041156841,
    "hard_fraction": 1.0,
    "worst_difficulty": 0.5708712892289984,
    "volatility": 0.5165973144269521,
    "duration": 29.966666666666665,
    "fps": 30.0,
    "width": 3840,
    "height": 2160,
    "n_segments": 10
  },
  "segments": [
    {
      "index": 0,
      "start_sec": 0.0,
      "end_sec": 7.0,
      "duration": 7.0,
      "frame_count": 210,
      "motion": 0.07194151546614017,
      "motion_p90": 0.09103021362866134,
      "motion_max": 0.09266320200919874,
      "texture": 6.124107028500488,
      "edge": 0.21789809992283948,
      "noise": 0.0,
      "entropy": 0.8879088386893272,
      "hf_energy": 5.0,
      "flatness": 0.21521737557870368,
      "si": 100.46374335777175,
      "ti": 32.421542110565795,
      "luma_mean": 0.29225193468591143,
      "sat_mean": 0.4966497660599734,
      "difficulty": 0.5194034831072751
    },
    {
      "index": 1,
      "start_sec": 7.0,
      "end_sec": 10.0,
      "duration": 3.0,
      "frame_count": 90,
      "motion": 0.0894532640023602,
      "motion_p90": 0.08747248320624545,
      "motion_max": 0.19687714082546598,
      "texture": 6.311453518296183,
      "edge": 0.19330644772376543,
      "noise": 0.014898676425218582,
      "entropy": 0.8654507733881474,
      "hf_energy": 5.0,
      "flatness": 0.2887326388888889,
      "si": 122.83582763841105,
      "ti": 36.71650721063521,
      "luma_mean": 0.21389197530864196,
      "sat_mean": 0.5685120705110749,
      "difficulty": 0.5451625134692608
    },
    {
      "index": 2,
      "start_sec": 10.0,
      "end_sec": 17.0,
      "duration": 7.0,
      "frame_count": 210,
      "motion": 0.046122043599461385,
      "motion_p90": 0.04122213522754781,
      "motion_max": 0.2954197001331397,
      "texture": 5.329089502200949,
      "edge": 0.1399065634645062,
      "noise": 0.038155145943164825,
      "entropy": 0.9056497365236282,
      "hf_energy": 5.0,
      "flatness": 0.5141701630015432,
      "si": 98.40811776701287,
      "ti": 29.196788156183167,
      "luma_mean": 0.3908089961003692,
      "sat_mean": 0.41620105509410554,
      "difficulty": 0.5182274851829183
    },
    {
      "index": 3,
      "start_sec": 17.0,
      "end_sec": 20.0,
      "duration": 3.0,
      "frame_count": 90,
      "motion": 0.08538465640885984,
      "motion_p90": 0.08400982661583152,
      "motion_max": 0.2500386785887194,
      "texture": 6.392462392194853,
      "edge": 0.23094316647376545,
      "noise": 0.025800148025155067,
      "entropy": 0.892606571316719,
      "hf_energy": 5.0,
      "flatness": 0.21261079764660495,
      "si": 98.62976539997638,
      "ti": 28.766765468269153,
      "luma_mean": 0.30170588755370975,
      "sat_mean": 0.4976912856867284,
      "difficulty": 0.5708712892289984
    },
    {
      "index": 4,
      "start_sec": 20.0,
      "end_sec": 21.233333333333334,
      "duration": 1.2333333333333343,
      "frame_count": 37,
      "motion": 0.09843113164069045,
      "motion_p90": 0.09023966351972888,
      "motion_max": 0.21905488985717744,
      "texture": 6.452586322989898,
      "edge": 0.19185778727445396,
      "noise": 0.02907058922573924,
      "entropy": 0.8732307828389682,
      "hf_energy": 5.0,
      "flatness": 0.2824856066001899,
      "si": 119.0343205689817,
      "ti": 33.55088518823469,
      "luma_mean": 0.22382806651863027,
      "sat_mean": 0.5560188059791817,
      "difficulty": 0.5704654920800731
    },
    {
      "index": 5,
      "start_sec": 21.233333333333334,
      "end_sec": 22.8,
      "duration": 1.5666666666666664,
      "frame_count": 47,
      "motion": 0.07759966815944484,
      "motion_p90": 0.08363739106753813,
      "motion_max": 0.08594284828128783,
      "texture": 6.34067858368123,
      "edge": 0.19177379115226337,
      "noise": 0.0,
      "entropy": 0.8871368646621705,
      "hf_energy": 5.0,
      "flatness": 0.28924202674897115,
      "si": 121.80709692984819,
      "ti": 32.588488345588566,
      "luma_mean": 0.2282942048938917,
      "sat_mean": 0.5718033012587751,
      "difficulty": 0.5103396408527917
    },
    {
      "index": 6,
      "start_sec": 22.8,
      "end_sec": 23.733333333333334,
      "duration": 0.9333333333333336,
      "frame_count": 28,
      "motion": 0.08483269940692326,
      "motion_p90": 0.08602646529290729,
      "motion_max": 0.08686064966109901,
      "texture": 6.26738436691482,
      "edge": 0.18677662037037038,
      "noise": 0.0,
      "entropy": 0.8751805782318115,
      "hf_energy": 5.0,
      "flatness": 0.3099922839506173,
      "si": 123.82490403398701,
      "ti": 34.35919759168945,
      "luma_mean": 0.21921018896756234,
      "sat_mean": 0.5574502988077948,
      "difficulty": 0.5081662697929251
    },
    {
      "index": 7,
      "start_sec": 23.733333333333334,
      "end_sec": 24.8,
      "duration": 1.0666666666666664,
      "frame_count": 32,
      "motion": 0.08178321683611717,
      "motion_p90": 0.08419495128298232,
      "motion_max": 0.0842673913701283,
      "texture": 6.337327438925921,
      "edge": 0.1857121913580247,
      "noise": 0.0,
      "entropy": 0.8373386144638062,
      "hf_energy": 5.0,
      "flatness": 0.306225887345679,
      "si": 123.47866824073881,
      "ti": 34.16077874008317,
      "luma_mean": 0.19899326131687242,
      "sat_mean": 0.5307180419389977,
      "difficulty": 0.5018650582460473
    },
    {
      "index": 8,
      "start_sec": 24.8,
      "end_sec": 27.0,
      "duration": 2.1999999999999993,
      "frame_count": 66,
      "motion": 0.08307718460648147,
      "motion_p90": 0.08730574089203583,
      "motion_max": 0.08754053195352215,
      "texture": 6.30915926521263,
      "edge": 0.190630184220679,
      "noise": 0.0,
      "entropy": 0.8710326999425888,
      "hf_energy": 5.0,
      "flatness": 0.2876528742283951,
      "si": 123.60895422970799,
      "ti": 35.573773137470106,
      "luma_mean": 0.21528705311213991,
      "sat_mean": 0.5764016563029533,
      "difficulty": 0.510172535074963
    },
    {
      "index": 9,
      "start_sec": 27.0,
      "end_sec": 29.966666666666665,
      "duration": 2.966666666666665,
      "frame_count": 89,
      "motion": 0.04713260588764827,
      "motion_p90": 0.0383301031832486,
      "motion_max": 0.29566402656741714,
      "texture": 5.2531600779121534,
      "edge": 0.13047260802469135,
      "noise": 0.03597485274076462,
      "entropy": 0.9030189327895641,
      "hf_energy": 5.0,
      "flatness": 0.5094672309027778,
      "si": 99.12674129137861,
      "ti": 25.5976864322094,