{
  "video": "39.mp4",
  "path": "/root/terry/videos/39.mp4",
  "extracted_at": "2026-07-17T18:30:01Z",
  "elapsed_sec": 16.796,
  "meta": {
    "path": "/root/terry/videos/39.mp4",
    "width": 3840,
    "height": 2160,
    "fps": 30.0,
    "frame_count": 900,
    "duration": 30.0,
    "detail_scale": 0.25,
    "texture_compensation": 16.0,
    "scene_spans_provided": false
  },
  "cut_times_sec": [
    4.0,
    10.0,
    20.0,
    24.0
  ],
  "global": {
    "mean_motion": 0.03577785166021141,
    "mean_texture": 3.3958793936157874,
    "mean_noise": 0.027374804803791144,
    "mean_edge": 0.019999662422839508,
    "mean_entropy": 0.7906334315737089,
    "mean_hf_energy": 2.877037584537906,
    "mean_flatness": 0.7700759548611112,
    "mean_luma": 0.18492063809963288,
    "mean_difficulty": 0.4105423952755457,
    "motion_p90": 0.0895154676531106,
    "motion_level": 0.381703895904724,
    "texture_level": 0.4458945865742666,
    "noise_level_norm": 0.363182430456049,
    "edge_level": 0.29629277695576045,
    "segment_count": 5,
    "cut_count": 4,
    "cut_rate": 0.13333333333333333,
    "hard_fraction": 0.3333333333333333,
    "worst_difficulty": 0.47782337676632985,
    "volatility": 0.4155374627408066,
    "duration": 30.0,
    "fps": 30.0,
    "width": 3840,
    "height": 2160,
    "n_segments": 5
  },
  "segments": [
    {
      "index": 0,
      "start_sec": 0.0,
      "end_sec": 4.0,
      "duration": 4.0,
      "frame_count": 120,
      "motion": 0.015915519660796417,
      "motion_p90": 0.02063746066327766,
      "motion_max": 0.02119312061244251,
      "texture": 3.248597828330627,
      "edge": 0.012705680941358025,
      "noise": 0.003633823653217405,
      "entropy": 0.828881524503231,
      "hf_energy": 2.34074288091095,
      "flatness": 0.8275583526234569,
      "luma_mean": 0.2513022932552651,
      "difficulty": 0.3146871772882928
    },
    {
      "index": 1,
      "start_sec": 4.0,
      "end_sec": 10.0,
      "duration": 6.0,
      "frame_count": 180,
      "motion": 0.03659650640734689,
      "motion_p90": 0.07312831941418539,
      "motion_max": 0.19816862593802953,
      "texture": 4.071592828741062,
      "edge": 0.03812958140432099,
      "noise": 0.024710000259801745,
      "entropy": 0.829020082950592,
      "hf_energy": 5.0,
      "flatness": 0.5662649498456791,
      "luma_mean": 0.17023474472736627,
      "difficulty": 0.47361837884108476
    },
    {
      "index": 2,
      "start_sec": 10.0,
      "end_sec": 20.0,
      "duration": 10.0,
      "frame_count": 300,
      "motion": 0.04451946222161704,
      "motion_p90": 0.0895154676531106,
      "motion_max": 0.2533094892277899,
      "texture": 3.0648916374933317,
      "edge": 0.010448495370370372,
      "noise": 0.03779176663374528,
      "entropy": 0.7720126360654831,
      "hf_energy": 1.8177301847635712,
      "flatness": 0.8725602816358025,
      "luma_mean": 0.19312908023934883,
      "difficulty": 0.41255113056771675
    },
    {
      "index": 3,
      "start_sec": 20.0,
      "end_sec": 24.0,
      "duration": 4.0,
      "frame_count": 120,
      "motion": 0.03379529774872912,
      "motion_p90": 0.06883271831880898,
      "motion_max": 0.1941746096586783,
      "texture": 4.0033931970402765,
      "edge": 0.03947820216049383,
      "noise": 0.029797352850437164,
      "entropy": 0.8342342674732208,
      "hf_energy": 5.0,
      "flatness": 0.5608644386574074,
      "luma_mean": 0.17647482071532317,
      "difficulty": 0.47782337676632985
    },
    {
      "index": 4,
      "start_sec": 24.0,
      "end_sec": 30.0,
      "duration": 6.0,
      "frame_count": 180,
      "motion": 0.0349531032513314,
      "motion_p90": 0.07334577962357779,
      "motion_max": 0.19821533829581214,
      "texture": 2.96499072660172,
      "edge": 0.009665316358024692,
      "noise": 0.026890295033808798,
      "entropy": 0.7287154868245125,
      "hf_energy": 1.4618090274762805,
      "flatness": 0.9042324942129629,
      "luma_mean": 0.14730190272482452,
      "difficulty": 0.3740319129143044
    }
  ],
  "distributions": {
    "thresholds": {
      "high_complexity": 0.45,
      "low_complexity": 0.2
    },
    "metrics": {
      "motion_mean": {
        "mean": 0.03315597785796417,
        "max": 0.04451946222161704,
        "min": 0.015915519660796417,
        "p95": 0.04293487105876301,
        "variance": 8.836756040652054e-05,
        "std": 0.009400402140681031
      },
      "motion_p90": {
        "mean": 0.06509194913459208,
        "max": 0.0895154676531106,
        "min": 0.02063746066327766,
        "p95": 0.08628153004720403,
        "variance": 0.0005438824242343743,
        "std": 0.023321286933494348
      },
      "motion_max": {
        "mean": 0.17301223674655047,
        "max": 0.2533094892277899,
        "min": 0.02119312061244251,
        "p95": 0.24229065904139432,
        "variance": 0.00624251581038104,
        "std": 0.07900959315412932
      },
      "texture": {
        "mean": 3.4706932436414037,
        "max": 4.071592828741062,
        "min": 2.96499072660172,
        "p95": 4.057952902400905,
        "variance": 0.22291718090375925,
        "std": 0.472141060387422
      },
      "edge_density": {
        "mean": 0.02208545524691358,
        "max": 0.03947820216049383,
        "min": 0.009665316358024692,
        "p95": 0.039208478009259265,
        "variance": 0.0001875160961130774,
        "std": 0.013693651671963816
      },
      "noise_level": {
        "mean": 0.02456464768620208,
        "max": 0.03779176663374528,
        "min": 0.003633823653217405,
        "p95": 0.03619288387708366,
        "variance": 0.000129173407328824,
        "std": 0.011365447959883675
      },
      "high_freq_energy": {
        "mean": 3.1240564186301603,
        "max": 5.0,
        "min": 1.4618090274762805,
        "p95": 5.0,
        "variance": 2.424292671605106,
        "std": 1.557014024215937
      },
      "flatness": {
        "mean": 0.7462961033950617,
        "max": 0.9042324942129629,
        "min": 0.5608644386574074,
        "p95": 0.8978980516975308,
        "variance": 0.02285724358735028,
        "std": 0.1511861223371718
      },
      "entropy": {
        "mean": 0.7985727995634079,
        "max": 0.8342342674732208,
        "min": 0.7287154868245125,
        "p95": 0.833191430568695,
        "variance": 0.0017405765189512624,
        "std": 0.04172021714889872
      },
      "difficulty": {
        "mean": 0.4105423952755457,
        "max": 0.47782337676632985,
        "min": 0.3146871772882928,
        "p95": 0.47698237718128084,
        "variance": 0.0038061166656463375,
        "std": 0.06169373279066795
      }
    },
    "high_complexity_ratio": 0.3333333333333333,
    "low_complexity_ratio": 0.0,
    "high_complexity_segment_ratio": 0.4,
    "low_complexity_segment_ratio": 0.0,
    "scene_complexity_histogram": {
      "bins": [
        0.0,
        0.2,
        0.4,
        0.6,
        0.8,
        1.0
      ],
      "counts": [
        0,
        2,
        3,
        0,
        0
      ],
      "fractions": [
        0.0,
        0.4,
        0.6,
        0.0,
        0.0
      ]
    },
    "worst_segment_index": 3
  },
  "summary_raw": {
    "segment_count": 5.0,
    "cut_count": 4.0,
    "cut_rate": 0.13333333333333333,
    "hard_fraction": 0.3333333333333333,
    "worst_difficulty": 0.47782337676632985,
    "difficulty_mean": 0.4105423952755457,
    "difficulty_p90": 0.4761413775962318,
    "duration_weighted_difficulty": 0.4127151757475998,
    "motion_mean": 0.03577785166021141,
    "motion_std": 0.009400402140681031,
    "motion_p90": 0.0895154676531106,
    "texture": 3.3958793936157874,
    "texture_lbp": 3.3958793936157874,
    "texture_std": 0.472141060387422,
    "entropy": 0.7906334315737089,
    "edge_density": 0.019999662422839508,
    "noise_level": 0.027374804803791144,
    "high_freq_energy": 2.877037584537906,
    "flatness": 0.7700759548611112,
    "luma_mean": 0.18492063809963288,