{
  "video": "3a5ec23f-07d4-44ff-bb07-ef4c4225f5e2.mp4",
  "path": "/root/workspace/raw videos/3a5ec23f-07d4-44ff-bb07-ef4c4225f5e2.mp4",
  "extracted_at": "2026-07-21T16:51:28Z",
  "elapsed_sec": 150.037,
  "meta": {
    "path": "../raw videos/3a5ec23f-07d4-44ff-bb07-ef4c4225f5e2.mp4",
    "width": 3840,
    "height": 2160,
    "fps": 30.0,
    "frame_count": 897,
    "duration": 29.9,
    "detail_scale": 0.25,
    "texture_compensation": 16.0,
    "scene_spans_provided": true,
    "scene_detect": {
      "detector": "content",
      "ok": true,
      "error": "",
      "detect_sec": 44.871,
      "n_scenes": 6
    },
    "samples_per_segment": 16,
    "si_ti_agg": "mean"
  },
  "cut_times_sec": [
    6.0,
    9.966667,
    15.966667,
    19.933333,
    25.933333
  ],
  "global": {
    "mean_motion": 0.04653359473596916,
    "mean_texture": 4.627804787241374,
    "mean_noise": 0.02435431526459254,
    "mean_edge": 0.0807644808182625,
    "mean_entropy": 0.8365048034700129,
    "mean_hf_energy": 4.925137312284202,
    "mean_flatness": 0.5492897120363058,
    "mean_luma": 0.2690730773259823,
    "mean_difficulty": 0.4587681764045393,
    "motion_p90": 0.09550497760832728,
    "motion_level": 0.39710187522131557,
    "texture_level": 0.5230455348556873,
    "noise_level_norm": 0.33659796482809945,
    "edge_level": 0.6296714437467487,
    "segment_count": 6,
    "cut_count": 5,
    "cut_rate": 0.16722408026755853,
    "hard_fraction": 0.4659977703455965,
    "worst_difficulty": 0.5843959946058215,
    "volatility": 0.5225381005268339,
    "duration": 29.9,
    "fps": 30.0,
    "width": 3840,
    "height": 2160,
    "n_segments": 6
  },
  "segments": [
    {
      "index": 0,
      "start_sec": 0.0,
      "end_sec": 6.0,
      "duration": 6.0,
      "frame_count": 180,
      "motion": 0.07404878888283709,
      "motion_p90": 0.09550497760832728,
      "motion_max": 0.10078955610021786,
      "texture": 5.496587339033335,
      "edge": 0.1931230709876543,
      "noise": 0.01780573549331166,
      "entropy": 0.9425754249095917,
      "hf_energy": 5.0,
      "flatness": 0.19913966049382714,
      "si": 116.58651243777071,
      "ti": 41.1998481807858,
      "luma_mean": 0.3920566392066086,
      "sat_mean": 0.34119901875680825,
      "difficulty": 0.5647397036025729
    },
    {
      "index": 1,
      "start_sec": 6.0,
      "end_sec": 9.966666666666667,
      "duration": 3.966666666666667,
      "frame_count": 119,
      "motion": 0.04855495037521181,
      "motion_p90": 0.04683831094166061,
      "motion_max": 0.3569740907165335,
      "texture": 5.114521035959819,
      "edge": 0.04799985532407407,
      "noise": 0.03524808833026327,
      "entropy": 0.7513449490070343,
      "hf_energy": 4.975451712961505,
      "flatness": 0.6455314429012345,
      "si": 63.29902717805321,
      "ti": 20.93338715632149,
      "luma_mean": 0.17753994568506415,
      "sat_mean": 0.7559053228448015,
      "difficulty": 0.4647471299783872
    },
    {
      "index": 2,
      "start_sec": 9.966666666666667,
      "end_sec": 15.966666666666667,
      "duration": 6.0,
      "frame_count": 180,
      "motion": 0.0273129614500121,
      "motion_p90": 0.020930324830549504,
      "motion_max": 0.20325823801742918,
      "texture": 4.046945963947823,
      "edge": 0.026757691936728396,
      "noise": 0.015988823783118278,
      "entropy": 0.8579512052237988,
      "hf_energy": 5.0,
      "flatness": 0.6825420765817902,
      "si": 68.38104748386338,
      "ti": 28.9089981786863,
      "luma_mean": 0.2613667024101307,
      "sat_mean": 0.44305594230361894,
      "difficulty": 0.3975710252876058
    },
    {
      "index": 3,
      "start_sec": 15.966666666666667,
      "end_sec": 19.933333333333334,
      "duration": 3.966666666666667,
      "frame_count": 119,
      "motion": 0.08186576154381506,
      "motion_p90": 0.09088305268094893,
      "motion_max": 0.27292253691600094,
      "texture": 5.519065041273199,
      "edge": 0.1852905574845679,
      "noise": 0.03597485338104889,
      "entropy": 0.9403523653745651,
      "hf_energy": 5.0,
      "flatness": 0.20446409625771605,
      "si": 114.86740963715184,
      "ti": 37.94103040086549,
      "luma_mean": 0.389675297105725,
      "sat_mean": 0.3584027030758291,
      "difficulty": 0.5843959946058215
    },
    {
      "index": 4,
      "start_sec": 19.933333333333334,
      "end_sec": 25.933333333333334,
      "duration": 6.0,
      "frame_count": 180,
      "motion": 0.02858421982797749,
      "motion_p90": 0.01622450677801985,
      "motion_max": 0.31372168512466714,
      "texture": 3.814008982314819,
      "edge": 0.009895592206790123,
      "noise": 0.02943397217313759,
      "entropy": 0.6705437526106834,
      "hf_energy": 4.643163418202835,
      "flatness": 0.8534929591049383,
      "si": 50.90331127235085,
      "ti": 16.606092257264383,
      "luma_mean": 0.13585248445442993,
      "sat_mean": 0.8207019538814755,
      "difficulty": 0.35047012715689335
    },
    {
      "index": 5,
      "start_sec": 25.933333333333334,
      "end_sec": 29.9,
      "duration": 3.966666666666665,
      "frame_count": 119,
      "motion": 0.023783992696229727,
      "motion_p90": 0.011836548353909463,
      "motion_max": 0.2338449301016703,
      "texture": 4.045265038752161,
      "edge": 0.027936439043209877,
      "noise": 0.016715588804800063,
      "entropy": 0.875967726111412,
      "hf_energy": 5.0,
      "flatness": 0.6658147665895061,
      "si": 68.27638141673489,
      "ti": 19.503182194864504,
      "luma_mean": 0.26714527543270394,
      "sat_mean": 0.46268729433324257,
      "difficulty": 0.3906850777959552
    }
  ],
  "distributions": {
    "thresholds": {
      "high_complexity": 0.45,
      "low_complexity": 0.2
    },
    "metrics": {
      "motion_mean": {
        "mean": 0.047358445796013886,
        "max": 0.08186576154381506,
        "min": 0.023783992696229727,
        "p95": 0.07991151837857056,
        "variance": 0.0005357681199562395,
        "std": 0.02314666541764147
      },
      "motion_p90": {
        "mean": 0.04703628686556927,
        "max": 0.09550497760832728,
        "min": 0.011836548353909463,
        "p95": 0.0943494963764827,
        "variance": 0.0011902834477464895,
        "std": 0.03450048474654363
      },
      "motion_max": {
        "mean": 0.24691850616275315,
        "max": 0.3569740907165335,
        "min": 0.10078955610021786,
        "p95": 0.3461609893185669,
        "variance": 0.006780318913038851,
        "std": 0.08234269192247028
      },
      "texture": {
        "mean": 4.67273223354686,
        "max": 5.519065041273199,
        "min": 3.814008982314819,
        "p95": 5.513445615713233,
        "variance": 0.518820493362715,
        "std": 0.7202919500887921
      },
      "edge_density": {
        "mean": 0.08183386783050411,
        "max": 0.1931230709876543,
        "min": 0.009895592206790123,
        "p95": 0.19116494261188272,
        "variance": 0.005891124542748834,
        "std": 0.07675366142894315
      },
      "noise_level": {
        "mean": 0.02519451032761329,
        "max": 0.03597485338104889,
        "min": 0.015988823783118278,
        "p95": 0.035793162118352484,
        "variance": 7.441567204038535e-05,
        "std": 0.008626451880140835
      },
      "high_freq_energy": {
        "mean": 4.936435855194056,
        "max": 5.0,
        "min": 4.643163418202835,
        "p95": 5.0,
        "variance": 0.01728209357929055,
        "std": 0.13146137675869118
      },
      "flatness": {
        "mean": 0.5418308336548353,
        "max": 0.8534929591049383,
        "min": 0.19913966049382714,
        "p95": 0.8107552384741512,
        "variance": 0.0623853869957654,
        "std": 0.24977066880593765
      },
      "entropy": {
        "mean": 0.8397892372061809,
        "max": 0.9425754249095917,
        "min": 0.6705437526106834,
        "p95": 0.942019660025835,
        "variance": 0.009797184907061508,