{
  "video": "3bc08400-44e7-4fd7-91fc-bb569a2c5c35.mp4",
  "path": "/root/workspace/raw videos/3bc08400-44e7-4fd7-91fc-bb569a2c5c35.mp4",
  "extracted_at": "2026-07-21T16:51:38Z",
  "elapsed_sec": 144.301,
  "meta": {
    "path": "../raw videos/3bc08400-44e7-4fd7-91fc-bb569a2c5c35.mp4",
    "width": 3840,
    "height": 2160,
    "fps": 30.0,
    "frame_count": 899,
    "duration": 29.966666666666665,
    "detail_scale": 0.25,
    "texture_compensation": 16.0,
    "scene_spans_provided": true,
    "scene_detect": {
      "detector": "content",
      "ok": true,
      "error": "",
      "detect_sec": 46.99,
      "n_scenes": 6
    },
    "samples_per_segment": 16,
    "si_ti_agg": "mean"
  },
  "cut_times_sec": [
    2.0,
    10.0,
    12.0,
    20.0,
    22.0
  ],
  "global": {
    "mean_motion": 0.030039943552480818,
    "mean_texture": 4.37912182931637,
    "mean_noise": 0.012089435955679437,
    "mean_edge": 0.061186185685998845,
    "mean_entropy": 0.9057332703862357,
    "mean_hf_energy": 4.417706217911091,
    "mean_flatness": 0.6340952784579745,
    "mean_luma": 0.44212550494840114,
    "mean_difficulty": 0.41137192966041497,
    "motion_p90": 0.04294128994190269,
    "motion_level": 0.2284824689411087,
    "texture_level": 0.5092522139164192,
    "noise_level_norm": 0.20119070454574284,
    "edge_level": 0.5629619376170726,
    "segment_count": 6,
    "cut_count": 5,
    "cut_rate": 0.16685205784204674,
    "hard_fraction": 0.2658509454949944,
    "worst_difficulty": 0.47077490390453647,
    "volatility": 0.3957141093801135,
    "duration": 29.966666666666665,
    "fps": 30.0,
    "width": 3840,
    "height": 2160,
    "n_segments": 6
  },
  "segments": [
    {
      "index": 0,
      "start_sec": 0.0,
      "end_sec": 2.0,
      "duration": 2.0,
      "frame_count": 60,
      "motion": 0.030494559996066324,
      "motion_p90": 0.035142482147179854,
      "motion_max": 0.036136445473251025,
      "texture": 4.444156891439956,
      "edge": 0.07735146604938273,
      "noise": 0.0,
      "entropy": 0.8241652920842171,
      "hf_energy": 5.0,
      "flatness": 0.6409258053626543,
      "si": 94.580523060611,
      "ti": 29.672288691281604,
      "luma_mean": 0.39071258567084244,
      "sat_mean": 0.2643628547869765,
      "difficulty": 0.4049409183641458
    },
    {
      "index": 1,
      "start_sec": 2.0,
      "end_sec": 10.0,
      "duration": 8.0,
      "frame_count": 240,
      "motion": 0.018052892762043093,
      "motion_p90": 0.009499591503267974,
      "motion_max": 0.20514706638828373,
      "texture": 3.8617749882465695,
      "edge": 0.008458719135802468,
      "noise": 0.01962264781468548,
      "entropy": 0.9465453512966633,
      "hf_energy": 3.275053032819094,
      "flatness": 0.7125974151234568,
      "si": 42.796192201649916,
      "ti": 18.957753721379607,
      "luma_mean": 0.4463749631218228,
      "sat_mean": 0.17712549029063787,
      "difficulty": 0.3655590816199682
    },
    {
      "index": 2,
      "start_sec": 10.0,
      "end_sec": 12.0,
      "duration": 2.0,
      "frame_count": 60,
      "motion": 0.02900297625801864,
      "motion_p90": 0.024831517792302103,
      "motion_max": 0.15992991255144032,
      "texture": 4.839945572765776,
      "edge": 0.0938111255787037,
      "noise": 0.010538088012253866,
      "entropy": 0.9289017990231514,
      "hf_energy": 5.0,
      "flatness": 0.5524266975308643,
      "si": 92.31600486080785,
      "ti": 19.59697228783082,
      "luma_mean": 0.4745511122080005,
      "sat_mean": 0.3283338467910312,
      "difficulty": 0.44854924228627957
    },
    {
      "index": 3,
      "start_sec": 12.0,
      "end_sec": 20.0,
      "duration": 8.0,
      "frame_count": 240,
      "motion": 0.03742563988365408,
      "motion_p90": 0.031335020273541514,
      "motion_max": 0.2041141143185669,
      "texture": 4.440382459908805,
      "edge": 0.08052903163580247,
      "noise": 0.0076310294680297375,
      "entropy": 0.849504865705967,
      "hf_energy": 5.0,
      "flatness": 0.6379939477237655,
      "si": 98.42111059936818,
      "ti": 39.513545680225974,
      "luma_mean": 0.4138053305041153,
      "sat_mean": 0.2979172524623275,
      "difficulty": 0.426021075906765
    },
    {
      "index": 4,
      "start_sec": 20.0,
      "end_sec": 22.0,
      "duration": 2.0,
      "frame_count": 60,
      "motion": 0.018526400046901474,
      "motion_p90": 0.005059417362624062,
      "motion_max": 0.24433589778503995,
      "texture": 3.8124216148746948,
      "edge": 0.008473668981481483,
      "noise": 0.016715588746592402,
      "entropy": 0.9437632486224174,
      "hf_energy": 3.1750860337581406,
      "flatness": 0.7060350356867284,
      "si": 43.01165491338898,
      "ti": 5.855203043742491,
      "luma_mean": 0.43963032605982205,
      "sat_mean": 0.17116048342562334,
      "difficulty": 0.3523863558807947
    },
    {
      "index": 5,
      "start_sec": 22.0,
      "end_sec": 29.966666666666665,
      "duration": 7.966666666666665,
      "frame_count": 239,
      "motion": 0.037697176739137014,
      "motion_p90": 0.04294128994190269,
      "motion_max": 0.15974428104575164,
      "texture": 4.847369423653978,
      "edge": 0.09569516782407407,
      "noise": 0.011264852597378194,
      "entropy": 0.9263277724385262,
      "hf_energy": 5.0,
      "flatness": 0.5520773051697531,
      "si": 95.15478534709804,
      "ti": 33.54810272917918,
      "luma_mean": 0.471690029464718,
      "sat_mean": 0.32516271975611233,
      "difficulty": 0.47077490390453647
    }
  ],
  "distributions": {
    "thresholds": {
      "high_complexity": 0.45,
      "low_complexity": 0.2
    },
    "metrics": {
      "motion_mean": {
        "mean": 0.028533274280970106,
        "max": 0.037697176739137014,
        "min": 0.018052892762043093,
        "p95": 0.037629292525266284,
        "variance": 6.284907743280199e-05,
        "std": 0.00792774100439728
      },
      "motion_p90": {
        "mean": 0.024801553170136364,
        "max": 0.04294128994190269,
        "min": 0.005059417362624062,
        "p95": 0.04099158799322198,
        "variance": 0.00018376231827060949,
        "std": 0.013555896070367664
      },
      "motion_max": {
        "mean": 0.16823461959372224,
        "max": 0.24433589778503995,
        "min": 0.036136445473251025,
        "p95": 0.2345386899358509,
        "variance": 0.004338708837683904,
        "std": 0.06586887609246042
      },
      "texture": {
        "mean": 4.374341825148297,
        "max": 4.847369423653978,
        "min": 3.8124216148746948,
        "p95": 4.845513460931928,
        "variance": 0.17137609211162405,
        "std": 0.41397595595834313
      },
      "edge_density": {
        "mean": 0.06071986320087449,
        "max": 0.09569516782407407,
        "min": 0.008458719135802468,
        "p95": 0.09522415726273148,
        "variance": 0.0014080348226730907,
        "std": 0.0375237900893965
      },
      "noise_level": {
        "mean": 0.01096203443982328,
        "max": 0.01962264781468548,
        "min": 0.0,
        "p95": 0.01889588304766221,
        "variance": 3.994047229696039e-05,
        "std": 0.006319847490007998
      },
      "high_freq_energy": {
        "mean": 4.408356511096206,
        "max": 5.0,
        "min": 3.1750860337581406,
        "p95": 5.0,
        "variance": 0.7009168193329459,
        "std": 0.8372077515963083
      },
      "flatness": {
        "mean": 0.6336760344328703,
        "max": 0.7125974151234568,
        "min": 0.5520773051697531,
        "p95": 0.7109568202642746,
        "variance": 0.004132570051776255,
        "std": 0.06428506865343037
      },
      "entropy": {
        "mean": 0.903201388195157,
        "max": 0.9465453512966633,
        "min": 0.8241652920842171,
        "p95": 0.9458498256281018,
        "variance": 0.0023082209065757946,
        "std": 0.04804394765811605
      },
      "difficulty": {
        "mean": 0.41137192966041497,
        "max": 0.47077490390453647,