{
  "video": "3c5a05a0-7157-46df-ac2d-0484cfed7fe3.mp4",
  "path": "/root/workspace/raw videos/3c5a05a0-7157-46df-ac2d-0484cfed7fe3.mp4",
  "extracted_at": "2026-07-21T16:51:40Z",
  "elapsed_sec": 135.884,
  "meta": {
    "path": "../raw videos/3c5a05a0-7157-46df-ac2d-0484cfed7fe3.mp4",
    "width": 3840,
    "height": 2160,
    "fps": 30.0,
    "frame_count": 899,
    "duration": 29.966666666666665,
    "detail_scale": 0.25,
    "texture_compensation": 16.0,
    "scene_spans_provided": true,
    "scene_detect": {
      "detector": "content",
      "ok": true,
      "error": "",
      "detect_sec": 38.581,
      "n_scenes": 6
    },
    "samples_per_segment": 16,
    "si_ti_agg": "mean"
  },
  "cut_times_sec": [
    7.0,
    9.966667,
    16.966667,
    19.966667,
    26.966667
  ],
  "global": {
    "mean_motion": 0.0428710353408828,
    "mean_texture": 4.328625818822014,
    "mean_noise": 0.025063681652702365,
    "mean_edge": 0.07310551018943375,
    "mean_entropy": 0.7972333820140998,
    "mean_hf_energy": 4.247621245480149,
    "mean_flatness": 0.6392303098586049,
    "mean_luma": 0.36415410532904713,
    "mean_difficulty": 0.415630080960624,
    "motion_p90": 0.07956377087872187,
    "motion_level": 0.3543036820560479,
    "texture_level": 0.5063534082040909,
    "noise_level_norm": 0.34303885440428455,
    "edge_level": 0.6061539814773614,
    "segment_count": 6,
    "cut_count": 5,
    "cut_rate": 0.16685205784204674,
    "hard_fraction": 0.33370411568409347,
    "worst_difficulty": 0.5702961062754504,
    "volatility": 0.5171692838912099,
    "duration": 29.966666666666665,
    "fps": 30.0,
    "width": 3840,
    "height": 2160,
    "n_segments": 6
  },
  "segments": [
    {
      "index": 0,
      "start_sec": 0.0,
      "end_sec": 7.0,
      "duration": 7.0,
      "frame_count": 210,
      "motion": 0.06258731570367344,
      "motion_p90": 0.07956377087872187,
      "motion_max": 0.08252546296296297,
      "texture": 6.591328905134231,
      "edge": 0.19515215084876544,
      "noise": 0.0,
      "entropy": 0.9304316714406013,
      "hf_energy": 5.0,
      "flatness": 0.23292812017746914,
      "si": 105.75232735772252,
      "ti": 38.36442730112356,
      "luma_mean": 0.44818486982949046,
      "sat_mean": 0.23894861971601913,
      "difficulty": 0.5189027097162724
    },
    {
      "index": 1,
      "start_sec": 7.0,
      "end_sec": 9.966666666666667,
      "duration": 2.966666666666667,
      "frame_count": 89,
      "motion": 0.025111302121157107,
      "motion_p90": 0.008728750605180344,
      "motion_max": 0.3017847146574679,
      "texture": 3.79868265954614,
      "edge": 0.010485026041666666,
      "noise": 0.033794558577938005,
      "entropy": 0.9038899503648281,
      "hf_energy": 2.7496913849442,
      "flatness": 0.8510667438271605,
      "si": 38.66574997971231,
      "ti": 14.196758463609301,
      "luma_mean": 0.4540227197939361,
      "sat_mean": 0.2990036845081397,
      "difficulty": 0.3675550402312664
    },
    {
      "index": 2,
      "start_sec": 9.966666666666667,
      "end_sec": 16.966666666666665,
      "duration": 6.999999999999998,
      "frame_count": 210,
      "motion": 0.036097107332516344,
      "motion_p90": 0.01916492299080126,
      "motion_max": 0.34507556433067055,
      "texture": 2.739079554445778,
      "edge": 0.019004991319444442,
      "noise": 0.03415794298052788,
      "entropy": 0.5574687384068966,
      "hf_energy": 5.0,
      "flatness": 0.8198148148148148,
      "si": 66.42434443171177,
      "ti": 38.24449826452655,
      "luma_mean": 0.18387179018019245,
      "sat_mean": 0.2174229898556645,
      "difficulty": 0.3415253952664424
    },
    {
      "index": 3,
      "start_sec": 16.966666666666665,
      "end_sec": 19.966666666666665,
      "duration": 3.0,
      "frame_count": 90,
      "motion": 0.08544615313332123,
      "motion_p90": 0.07673690541031228,
      "motion_max": 0.411208681312031,
      "texture": 6.320380419945132,
      "edge": 0.17687861689814816,
      "noise": 0.03234102949500084,
      "entropy": 0.9232509583234787,
      "hf_energy": 5.0,
      "flatness": 0.27797996238425926,
      "si": 97.6308538986714,
      "ti": 31.66935967689159,
      "luma_mean": 0.46605609407150206,
      "sat_mean": 0.22954547693884653,
      "difficulty": 0.5702961062754504
    },
    {
      "index": 4,
      "start_sec": 19.966666666666665,
      "end_sec": 26.966666666666665,
      "duration": 7.0,
      "frame_count": 210,
      "motion": 0.023103284427196807,
      "motion_p90": 0.006388189149116437,
      "motion_max": 0.29300738320019365,
      "texture": 3.716963788723323,
      "edge": 0.0104711612654321,
      "noise": 0.031250882224412635,
      "entropy": 0.9093462266027927,
      "hf_energy": 2.7328046020315284,
      "flatness": 0.8527260561342592,
      "si": 38.2260033513729,
      "ti": 18.267947227835442,
      "luma_mean": 0.4571982277671871,
      "sat_mean": 0.3066620436561971,
      "difficulty": 0.36057524258376855
    },
    {
      "index": 5,
      "start_sec": 26.966666666666665,
      "end_sec": 29.966666666666665,
      "duration": 3.0,
      "frame_count": 90,
      "motion": 0.03378425037067296,
      "motion_p90": 0.016968693264342773,
      "motion_max": 0.3362749863834423,
      "texture": 2.717438272029143,
      "edge": 0.018862967785493828,
      "noise": 0.03197764605283737,
      "entropy": 0.552802499383688,
      "hf_energy": 5.0,
      "flatness": 0.8195158179012345,
      "si": 66.79623082609334,
      "ti": 24.27816972965146,
      "luma_mean": 0.180866041439724,
      "sat_mean": 0.21688631119886226,
      "difficulty": 0.33492599169054393
    }
  ],
  "distributions": {
    "thresholds": {
      "high_complexity": 0.45,
      "low_complexity": 0.2
    },
    "metrics": {
      "motion_mean": {
        "mean": 0.04435490218142298,
        "max": 0.08544615313332123,
        "min": 0.023103284427196807,
        "p95": 0.07973144377590928,
        "variance": 0.0005037981772600279,
        "std": 0.022445448920884337
      },
      "motion_p90": {
        "mean": 0.03459187204974583,
        "max": 0.07956377087872187,
        "min": 0.006388189149116437,
        "p95": 0.07885705451161946,
        "variance": 0.0009685985815053441,
        "std": 0.031122316454681585
      },
      "motion_max": {
        "mean": 0.29497946547446136,
        "max": 0.411208681312031,
        "min": 0.08252546296296297,
        "p95": 0.3946754020666909,
        "variance": 0.010485178915011092,
        "std": 0.10239716263164274
      },
      "texture": {
        "mean": 4.313978933303958,
        "max": 6.591328905134231,
        "min": 2.717438272029143,
        "p95": 6.523591783836957,
        "variance": 2.4771962148383824,
        "std": 1.5739111203744582
      },
      "edge_density": {
        "mean": 0.07180915235982512,
        "max": 0.19515215084876544,
        "min": 0.0104711612654321,
        "p95": 0.19058376736111113,
        "variance": 0.006561277193158593,
        "std": 0.08100171105080801
      },
      "noise_level": {
        "mean": 0.027253676555119455,
        "max": 0.03415794298052788,
        "min": 0.0,
        "p95": 0.03406709687988041,
        "variance": 0.0001495649365322399,
        "std": 0.012229674424621447
      },
      "high_freq_energy": {
        "mean": 4.247082664495955,
        "max": 5.0,
        "min": 2.7328046020315284,
        "p95": 5.0,
        "variance": 1.1337927918247839,
        "std": 1.0647970660293837
      },
      "flatness": {
        "mean": 0.6423385858731995,
        "max": 0.8527260561342592,
        "min": 0.23292812017746914,
        "p95": 0.8523112280574845,
        "variance": 0.07518234181435081,
        "std": 0.27419398573701576
      },
      "entropy": {
        "mean": 0.7961983407537142,
        "max": 0.9304316714406013,
        "min": 0.552802499383688,
        "p95": 0.9286364931613207,
        "variance": 0.029132373364044218,
        "std": 0.170682082727052
      },