{
  "video": "3d307c9b-305d-471c-8a3d-531161f320bf.mp4",
  "path": "/root/workspace/raw videos/3d307c9b-305d-471c-8a3d-531161f320bf.mp4",
  "extracted_at": "2026-07-21T16:52:07Z",
  "elapsed_sec": 128.635,
  "meta": {
    "path": "../raw videos/3d307c9b-305d-471c-8a3d-531161f320bf.mp4",
    "width": 3840,
    "height": 2160,
    "fps": 30.0,
    "frame_count": 898,
    "duration": 29.933333333333334,
    "detail_scale": 0.25,
    "texture_compensation": 16.0,
    "scene_spans_provided": true,
    "scene_detect": {
      "detector": "content",
      "ok": true,
      "error": "",
      "detect_sec": 37.56,
      "n_scenes": 9
    },
    "samples_per_segment": 16,
    "si_ti_agg": "mean"
  },
  "cut_times_sec": [
    3.0,
    6.0,
    10.0,
    13.0,
    19.966667,
    20.666667,
    21.766667,
    22.966667
  ],
  "global": {
    "mean_motion": 0.07136846117707021,
    "mean_texture": 6.074840190291267,
    "mean_noise": 0.01605437811513853,
    "mean_edge": 0.1907850472060254,
    "mean_entropy": 0.8832785242293154,
    "mean_hf_energy": 5.0,
    "mean_flatness": 0.3309460904687457,
    "mean_luma": 0.29463879164325635,
    "mean_difficulty": 0.5344439964645123,
    "motion_p90": 0.1319938816267248,
    "motion_level": 0.47652273346816704,
    "texture_level": 0.5900859146915416,
    "noise_level_norm": 0.25063670255732695,
    "edge_level": 0.8006589143676704,
    "segment_count": 9,
    "cut_count": 8,
    "cut_rate": 0.26726057906458794,
    "hard_fraction": 1.0,
    "worst_difficulty": 0.5979295189072994,
    "volatility": 0.449707850569791,
    "duration": 29.933333333333334,
    "fps": 30.0,
    "width": 3840,
    "height": 2160,
    "n_segments": 9
  },
  "segments": [
    {
      "index": 0,
      "start_sec": 0.0,
      "end_sec": 3.0,
      "duration": 3.0,
      "frame_count": 90,
      "motion": 0.07049310567205277,
      "motion_p90": 0.08612298021060276,
      "motion_max": 0.08642959483175987,
      "texture": 6.413200829267671,
      "edge": 0.22540979456018517,
      "noise": 0.0,
      "entropy": 0.887146458029747,
      "hf_energy": 5.0,
      "flatness": 0.21681688850308642,
      "si": 96.21933732840893,
      "ti": 28.896726573922585,
      "luma_mean": 0.30112573425396394,
      "sat_mean": 0.4886310711881203,
      "difficulty": 0.5186592194589642
    },
    {
      "index": 1,
      "start_sec": 3.0,
      "end_sec": 6.0,
      "duration": 3.0,
      "frame_count": 90,
      "motion": 0.08846032806448198,
      "motion_p90": 0.0869874009017187,
      "motion_max": 0.20095595800048416,
      "texture": 6.271898184912318,
      "edge": 0.19211021894290123,
      "noise": 0.015262058936059475,
      "entropy": 0.8727796040475368,
      "hf_energy": 5.0,
      "flatness": 0.28705102237654323,
      "si": 123.13882954630344,
      "ti": 36.46807262446797,
      "luma_mean": 0.2163775379750666,
      "sat_mean": 0.5807922151113531,
      "difficulty": 0.546276775803473
    },
    {
      "index": 2,
      "start_sec": 6.0,
      "end_sec": 10.0,
      "duration": 4.0,
      "frame_count": 120,
      "motion": 0.06458026298868313,
      "motion_p90": 0.0849040146151053,
      "motion_max": 0.08754306614621157,
      "texture": 6.3512528464833995,
      "edge": 0.1916837866512346,
      "noise": 0.0,
      "entropy": 0.851651031523943,
      "hf_energy": 5.0,
      "flatness": 0.2940020978009259,
      "si": 121.43298488265086,
      "ti": 35.053212979567384,
      "luma_mean": 0.2067684759667756,
      "sat_mean": 0.5519640574883503,
      "difficulty": 0.5057247316970547
    },
    {
      "index": 3,
      "start_sec": 10.0,
      "end_sec": 13.0,
      "duration": 3.0,
      "frame_count": 90,
      "motion": 0.07338813146786492,
      "motion_p90": 0.07992954187847978,
      "motion_max": 0.2400604196925684,
      "texture": 5.9753085918522455,
      "edge": 0.18871407214506172,
      "noise": 0.02689029462635517,
      "entropy": 0.9014373868703842,
      "hf_energy": 5.0,
      "flatness": 0.41942756558641975,
      "si": 101.39381881357286,
      "ti": 29.247649651793235,
      "luma_mean": 0.34075728485838785,
      "sat_mean": 0.38916350790895066,
      "difficulty": 0.5541000211403682
    },
    {
      "index": 4,
      "start_sec": 13.0,
      "end_sec": 19.966666666666665,
      "duration": 6.966666666666665,
      "frame_count": 209,
      "motion": 0.0880137479953401,
      "motion_p90": 0.09215391627329944,
      "motion_max": 0.2353113350278383,
      "texture": 6.333884278449471,
      "edge": 0.22439646026234567,
      "noise": 0.019622646272182465,
      "entropy": 0.8841640278697014,
      "hf_energy": 5.0,
      "flatness": 0.21446867766203703,
      "si": 96.79258634207916,
      "ti": 33.12104677269107,
      "luma_mean": 0.3009296302915456,
      "sat_mean": 0.48684383746747156,
      "difficulty": 0.5651832541305635
    },
    {
      "index": 5,
      "start_sec": 19.966666666666665,
      "end_sec": 20.666666666666668,
      "duration": 0.7000000000000028,
      "frame_count": 21,
      "motion": 0.10135377978351835,
      "motion_p90": 0.1319938816267248,
      "motion_max": 0.20106141067538125,
      "texture": 6.2842705762762785,
      "edge": 0.1858449074074074,
      "noise": 0.03571529473577227,
      "entropy": 0.8738280790192741,
      "hf_energy": 5.0,
      "flatness": 0.31230461860670194,
      "si": 123.67605808982297,
      "ti": 34.37232084546618,
      "luma_mean": 0.2186103762492652,
      "sat_mean": 0.5614052449683578,
      "difficulty": 0.5979295189072994
    },
    {
      "index": 6,
      "start_sec": 20.666666666666668,
      "end_sec": 21.766666666666666,
      "duration": 1.0999999999999979,
      "frame_count": 33,
      "motion": 0.08201405737659823,
      "motion_p90": 0.08401756535947713,
      "motion_max": 0.084245998244977,
      "texture": 6.346605998655213,
      "edge": 0.1858654250841751,
      "noise": 0.0,
      "entropy": 0.8381327228112654,
      "hf_energy": 5.0,
      "flatness": 0.3064164211560044,
      "si": 123.6835580161277,
      "ti": 33.77459743947175,
      "luma_mean": 0.19963543729781474,
      "sat_mean": 0.5314980840540482,
      "difficulty": 0.5019357163294503
    },
    {
      "index": 7,
      "start_sec": 21.766666666666666,
      "end_sec": 22.966666666666665,
      "duration": 1.1999999999999993,
      "frame_count": 36,
      "motion": 0.08414928033970791,
      "motion_p90": 0.08741356738683127,
      "motion_max": 0.08776830670539822,
      "texture": 6.338716046230705,
      "edge": 0.19067644032921813,
      "noise": 0.0,
      "entropy": 0.8713395297527313,
      "hf_energy": 5.0,
      "flatness": 0.28836178626543213,
      "si": 124.03228526319508,
      "ti": 34.79490772989292,
      "luma_mean": 0.21674170524691352,
      "sat_mean": 0.5741486259884613,
      "difficulty": 0.5104837689313295
    },
    {
      "index": 8,
      "start_sec": 22.966666666666665,
      "end_sec": 29.933333333333334,
      "duration": 6.966666666666669,
      "frame_count": 209,
      "motion": 0.04387255989394215,
      "motion_p90": 0.0433919147906076,
      "motion_max": 0.2446228364802711,
      "texture": 5.359981783937705,
      "edge": 0.14336046006944442,
      "noise": 0.027617059648036957,
      "entropy": 0.9057225175201893,
      "hf_energy": 5.0,
      "flatness": 0.5116632908950617,
      "si": 98.75432137536497,
      "ti": 29.293055301199,
      "luma_mean": 0.3859051970807613,
      "sat_mean": 0.41672126197122367,
      "difficulty": 0.5097029617821083
    }
  ],
  "distributions": {
    "thresholds": {
      "high_complexity": 0.45,
      "low_complexity": 0.2
    },
    "metrics": {
      "motion_mean": {
        "mean": 0.07736947262024328,
        "max": 0.10135377978351835,
        "min": 0.04387255989394215,
        "p95": 0.0961963990959038,
        "variance": 0.0002475372408990345,
        "std": 0.01573331627149961
      },
      "motion_p90": {
        "mean": 0.08632386478253853,
        "max": 0.1319938816267248,