{
  "video": "3e3dcbf3-8c1e-4cfe-8fc0-29d91ef2ada0.mp4",
  "path": "/root/workspace/raw videos/3e3dcbf3-8c1e-4cfe-8fc0-29d91ef2ada0.mp4",
  "extracted_at": "2026-07-21T16:55:14Z",
  "elapsed_sec": 152.942,
  "meta": {
    "path": "../raw videos/3e3dcbf3-8c1e-4cfe-8fc0-29d91ef2ada0.mp4",
    "width": 3840,
    "height": 2160,
    "fps": 30.0,
    "frame_count": 899,
    "duration": 29.966666666666665,
    "detail_scale": 0.25,
    "texture_compensation": 16.0,
    "scene_spans_provided": true,
    "scene_detect": {
      "detector": "content",
      "ok": true,
      "error": "",
      "detect_sec": 37.199,
      "n_scenes": 6
    },
    "samples_per_segment": 16,
    "si_ti_agg": "mean"
  },
  "cut_times_sec": [
    4.0,
    10.0,
    14.0,
    19.966667,
    23.966667
  ],
  "global": {
    "mean_motion": 0.03655213763400638,
    "mean_texture": 4.068148820407543,
    "mean_noise": 0.028064920851345418,
    "mean_edge": 0.04208130186232302,
    "mean_entropy": 0.770133236172434,
    "mean_hf_energy": 4.291030441086086,
    "mean_flatness": 0.7116744592918315,
    "mean_luma": 0.3831371796388613,
    "mean_difficulty": 0.3933006785164271,
    "motion_p90": 0.04802878389009925,
    "motion_level": 0.24881669418507238,
    "texture_level": 0.49083925838671233,
    "noise_level_norm": 0.3689601006250046,
    "edge_level": 0.46975541756467804,
    "segment_count": 6,
    "cut_count": 5,
    "cut_rate": 0.16685205784204674,
    "hard_fraction": 0.3325917686318131,
    "worst_difficulty": 0.5041969530444763,
    "volatility": 0.4456948778939257,
    "duration": 29.966666666666665,
    "fps": 30.0,
    "width": 3840,
    "height": 2160,
    "n_segments": 6
  },
  "segments": [
    {
      "index": 0,
      "start_sec": 0.0,
      "end_sec": 4.0,
      "duration": 4.0,
      "frame_count": 120,
      "motion": 0.03673168052907892,
      "motion_p90": 0.04802878389009925,
      "motion_max": 0.0530122246429436,
      "texture": 5.810819127244152,
      "edge": 0.11466169945987653,
      "noise": 0.0,
      "entropy": 0.8652290590107441,
      "hf_energy": 5.0,
      "flatness": 0.42655273437499996,
      "si": 86.15321829965848,
      "ti": 31.02083077517092,
      "luma_mean": 0.4834865214990317,
      "sat_mean": 0.16404507647966593,
      "difficulty": 0.4572785097335149
    },
    {
      "index": 1,
      "start_sec": 4.0,
      "end_sec": 10.0,
      "duration": 6.0,
      "frame_count": 180,
      "motion": 0.029150349018851364,
      "motion_p90": 0.0107017103909465,
      "motion_max": 0.3345391702977487,
      "texture": 3.8802719391731504,
      "edge": 0.010608603395061728,
      "noise": 0.03597485413774848,
      "entropy": 0.9114371761679649,
      "hf_energy": 2.848659045497929,
      "flatness": 0.8502378713348766,
      "si": 38.4491035159474,
      "ti": 22.257074457211232,
      "luma_mean": 0.46001988773904623,
      "sat_mean": 0.3066306768753026,
      "difficulty": 0.37605039373654336
    },
    {
      "index": 2,
      "start_sec": 10.0,
      "end_sec": 14.0,
      "duration": 4.0,
      "frame_count": 120,
      "motion": 0.03471023019547325,
      "motion_p90": 0.0198317674291939,
      "motion_max": 0.2975257201646091,
      "texture": 2.7098948817722697,
      "edge": 0.018712263695987656,
      "noise": 0.01453529391437769,
      "entropy": 0.5560799576342106,
      "hf_energy": 5.0,
      "flatness": 0.8201623987268518,
      "si": 66.0171367252353,
      "ti": 33.2574384762433,
      "luma_mean": 0.18299975367268823,
      "sat_mean": 0.2159589692454914,
      "difficulty": 0.31386759609414855
    },
    {
      "index": 3,
      "start_sec": 14.0,
      "end_sec": 19.966666666666665,
      "duration": 5.966666666666665,
      "frame_count": 179,
      "motion": 0.05260972581548051,
      "motion_p90": 0.04352221768336965,
      "motion_max": 0.4311903519123699,
      "texture": 5.541161782081627,
      "edge": 0.08544608410493827,
      "noise": 0.03924529254436493,
      "entropy": 0.8370388187468052,
      "hf_energy": 5.0,
      "flatness": 0.4880812355324074,
      "si": 78.94028159680926,
      "ti": 30.699986334670662,
      "luma_mean": 0.5286556812250363,
      "sat_mean": 0.16816569175895668,
      "difficulty": 0.5041969530444763
    },
    {
      "index": 4,
      "start_sec": 19.966666666666665,
      "end_sec": 23.966666666666665,
      "duration": 4.0,
      "frame_count": 120,
      "motion": 0.026208485101216414,
      "motion_p90": 0.009642300593076737,
      "motion_max": 0.30921449104333093,
      "texture": 3.7678103768104583,
      "edge": 0.010585816936728394,
      "noise": 0.03197764774085954,
      "entropy": 0.9026873521506786,
      "hf_energy": 2.9156478195563675,
      "flatness": 0.8511085792824075,
      "si": 39.091842227211984,
      "ti": 16.788404579565487,
      "luma_mean": 0.4527614062310881,
      "sat_mean": 0.2973871508865892,
      "difficulty": 0.3678546070664315
    },
    {
      "index": 5,
      "start_sec": 23.966666666666665,
      "end_sec": 29.966666666666665,
      "duration": 6.0,
      "frame_count": 180,
      "motion": 0.03598955827508473,
      "motion_p90": 0.019294098735173085,
      "motion_max": 0.34547483962720893,
      "texture": 2.735144195574316,
      "edge": 0.01861955054012346,
      "noise": 0.03415794298052788,
      "entropy": 0.5532309710979462,
      "hf_energy": 5.0,
      "flatness": 0.8202618634259259,
      "si": 66.03641978935926,
      "ti": 36.76451924473358,
      "luma_mean": 0.18165364441494192,
      "sat_mean": 0.21624267637224642,
      "difficulty": 0.3405560114234477
    }
  ],
  "distributions": {
    "thresholds": {
      "high_complexity": 0.45,
      "low_complexity": 0.2
    },
    "metrics": {
      "motion_mean": {
        "mean": 0.03590000482253087,
        "max": 0.05260972581548051,
        "min": 0.026208485101216414,
        "p95": 0.04864021449388012,
        "variance": 7.013557526731835e-05,
        "std": 0.00837469851799564
      },
      "motion_p90": {
        "mean": 0.025170146453643193,
        "max": 0.04802878389009925,
        "min": 0.009642300593076737,
        "p95": 0.04690214233841685,
        "variance": 0.00022879861507342912,
        "std": 0.01512609054162473
      },
      "motion_max": {
        "mean": 0.2951594662813685,
        "max": 0.4311903519123699,
        "min": 0.0530122246429436,
        "p95": 0.40976147384107964,
        "variance": 0.013570871540083443,
        "std": 0.11649408371279395
      },
      "texture": {
        "mean": 4.074183717109329,
        "max": 5.810819127244152,
        "min": 2.7098948817722697,
        "p95": 5.74340479095352,
        "variance": 1.4922840764283893,
        "std": 1.221590797455674
      },
      "edge_density": {
        "mean": 0.04310566968878601,
        "max": 0.11466169945987653,
        "min": 0.010585816936728394,
        "p95": 0.10735779562114196,
        "variance": 0.0017035307528564861,
        "std": 0.041273850715149975
      },
      "noise_level": {
        "mean": 0.025981838552979752,
        "max": 0.03924529254436493,
        "min": 0.0,
        "p95": 0.03842768294271082,
        "variance": 0.0001974428837405454,
        "std": 0.01405143707029802
      },
      "high_freq_energy": {
        "mean": 4.294051144175715,
        "max": 5.0,
        "min": 2.848659045497929,
        "p95": 5.0,
        "variance": 0.9971015320667189,
        "std": 0.998549714369154
      },
      "flatness": {
        "mean": 0.7094007804462449,
        "max": 0.8511085792824075,
        "min": 0.42655273437499996,
        "p95": 0.8508909022955248,
        "variance": 0.03224331005861981,
        "std": 0.17956422265757677
      },
      "entropy": {
        "mean": 0.7709505558013916,
        "max": 0.9114371761679649,
        "min": 0.5532309710979462,
        "p95": 0.9092497201636434,
        "variance": 0.02398639336684936,
        "std": 0.15487541240251584
      },
      "difficulty": {
        "mean": 0.3933006785164271,