{
  "video": "4.mp4",
  "path": "/root/terry/videos/4.mp4",
  "extracted_at": "2026-07-17T18:19:24Z",
  "elapsed_sec": 19.733,
  "meta": {
    "path": "/root/terry/videos/4.mp4",
    "width": 3840,
    "height": 2160,
    "fps": 30.0,
    "frame_count": 900,
    "duration": 30.0,
    "detail_scale": 0.25,
    "texture_compensation": 16.0,
    "scene_spans_provided": false
  },
  "cut_times_sec": [
    6.0,
    10.0,
    16.0,
    20.0,
    26.0
  ],
  "global": {
    "mean_motion": 0.05077492138959494,
    "mean_texture": 5.025372787096303,
    "mean_noise": 0.05072817640999953,
    "mean_edge": 0.08169788451646091,
    "mean_entropy": 0.8656959682703017,
    "mean_hf_energy": 5.0,
    "mean_flatness": 0.5105373906893005,
    "mean_luma": 0.44214860386155497,
    "mean_difficulty": 0.5363129978762126,
    "motion_p90": 0.11635609189663515,
    "motion_level": 0.4452013766055751,
    "texture_level": 0.5435554523134186,
    "noise_level_norm": 0.51381660489033,
    "edge_level": 0.6323469213309906,
    "segment_count": 6,
    "cut_count": 5,
    "cut_rate": 0.16666666666666666,
    "hard_fraction": 1.0,
    "worst_difficulty": 0.6079735636946059,
    "volatility": 0.32305586930547814,
    "duration": 30.0,
    "fps": 30.0,
    "width": 3840,
    "height": 2160,
    "n_segments": 6
  },
  "segments": [
    {
      "index": 0,
      "start_sec": 0.0,
      "end_sec": 6.0,
      "duration": 6.0,
      "frame_count": 180,
      "motion": 0.028335012708787216,
      "motion_p90": 0.03854707924836601,
      "motion_max": 0.03856712206487534,
      "texture": 5.278024933155108,
      "edge": 0.10336926118827161,
      "noise": 0.003633823653217405,
      "entropy": 0.9340981096029282,
      "hf_energy": 5.0,
      "flatness": 0.4301507040895062,
      "luma_mean": 0.37234611209452917,
      "difficulty": 0.4613719459671348
    },
    {
      "index": 1,
      "start_sec": 6.0,
      "end_sec": 10.0,
      "duration": 4.0,
      "frame_count": 120,
      "motion": 0.04631625590050835,
      "motion_p90": 0.10332465126482686,
      "motion_max": 0.317663489469862,
      "texture": 4.7894259251102635,
      "edge": 0.009437692901234567,
      "noise": 0.06395529210567474,
      "entropy": 0.7292927876114845,
      "hf_energy": 5.0,
      "flatness": 0.6665796199845679,
      "luma_mean": 0.5060221420358266,
      "difficulty": 0.4887211532936938
    },
    {
      "index": 2,
      "start_sec": 10.0,
      "end_sec": 16.0,
      "duration": 6.0,
      "frame_count": 180,
      "motion": 0.06408866837630113,
      "motion_p90": 0.11467826494795444,
      "motion_max": 0.2966843757564754,
      "texture": 5.1928362207269405,
      "edge": 0.14434630594135803,
      "noise": 0.07049617700977251,
      "entropy": 0.9499727487564087,
      "hf_energy": 5.0,
      "flatness": 0.3958186246141975,
      "luma_mean": 0.4579961703431373,
      "difficulty": 0.6079735636946059
    },
    {
      "index": 3,
      "start_sec": 16.0,
      "end_sec": 20.0,
      "duration": 4.0,
      "frame_count": 120,
      "motion": 0.05805777391975309,
      "motion_p90": 0.11635609189663515,
      "motion_max": 0.2980365982812878,
      "texture": 5.0392871522095675,
      "edge": 0.08744598765432099,
      "noise": 0.05014676757855341,
      "entropy": 0.9360701218247414,
      "hf_energy": 5.0,
      "flatness": 0.48447506751543207,
      "luma_mean": 0.374714306652445,
      "difficulty": 0.577826643122636
    },
    {
      "index": 4,
      "start_sec": 20.0,
      "end_sec": 26.0,
      "duration": 6.0,
      "frame_count": 180,
      "motion": 0.05009414998638344,
      "motion_p90": 0.10926891491164362,
      "motion_max": 0.3363462841926894,
      "texture": 4.75953680669607,
      "edge": 0.009980227623456791,
      "noise": 0.061774998903274536,
      "entropy": 0.706964761018753,
      "hf_energy": 5.0,
      "flatness": 0.6711762152777778,
      "luma_mean": 0.48458020057946016,
      "difficulty": 0.48775305328542534
    },
    {
      "index": 5,
      "start_sec": 26.0,
      "end_sec": 30.0,
      "duration": 4.0,
      "frame_count": 120,
      "motion": 0.06266113399449286,
      "motion_p90": 0.11042279336117158,
      "motion_max": 0.2669750514403292,
      "texture": 5.0159858850352546,
      "edge": 0.1293067611882716,
      "noise": 0.06250176404137164,
      "entropy": 0.9408034235239029,
      "hf_energy": 5.0,
      "flatness": 0.43225742669753087,
      "luma_mean": 0.4629943557477003,
      "difficulty": 0.5942316278937796
    }
  ],
  "distributions": {
    "thresholds": {
      "high_complexity": 0.45,
      "low_complexity": 0.2
    },
    "metrics": {
      "motion_mean": {
        "mean": 0.05159216581437101,
        "max": 0.06408866837630113,
        "min": 0.028335012708787216,
        "p95": 0.06373178478084907,
        "variance": 0.00014857719474031998,
        "std": 0.012189224534002152
      },
      "motion_p90": {
        "mean": 0.09876629927176628,
        "max": 0.11635609189663515,
        "min": 0.03854707924836601,
        "p95": 0.11593663515946498,
        "variance": 0.0007426505465201248,
        "std": 0.02725161548459329
      },
      "motion_max": {
        "mean": 0.2590454868675865,
        "max": 0.3363462841926894,
        "min": 0.03856712206487534,
        "p95": 0.33167558551198256,
        "variance": 0.010170343927105582,
        "std": 0.10084812307180328
      },
      "texture": {
        "mean": 5.012516153822201,
        "max": 5.278024933155108,
        "min": 4.75953680669607,
        "p95": 5.256727755048066,
        "variance": 0.036251127339972586,
        "std": 0.190397288163389
      },
      "edge_density": {
        "mean": 0.08064770608281893,
        "max": 0.14434630594135803,
        "min": 0.009437692901234567,
        "p95": 0.14058641975308642,
        "variance": 0.0028420765759258563,
        "std": 0.05331112994418573
      },
      "noise_level": {
        "mean": 0.05208480388197737,
        "max": 0.07049617700977251,
        "min": 0.003633823653217405,
        "p95": 0.06886095578374807,
        "variance": 0.0005055922599123489,
        "std": 0.022485378802954353
      },
      "high_freq_energy": {
        "mean": 5.0,
        "max": 5.0,
        "min": 5.0,
        "p95": 5.0,
        "variance": 0.0,
        "std": 0.0
      },
      "flatness": {
        "mean": 0.5134096096965021,
        "max": 0.6711762152777778,
        "min": 0.3958186246141975,
        "p95": 0.6700270664544754,
        "variance": 0.012755653926752016,
        "std": 0.1129409311399194
      },
      "entropy": {
        "mean": 0.8662003253897032,
        "max": 0.9499727487564087,
        "min": 0.706964761018753,
        "p95": 0.9476804174482822,
        "variance": 0.011029162930653381,
        "std": 0.10501982160836773
      },
      "difficulty": {
        "mean": 0.5363129978762126,
        "max": 0.6079735636946059,
        "min": 0.4613719459671348,
        "p95": 0.6045380797443993,
        "variance": 0.00340873338147267,
        "std": 0.05838435904823029
      }
    },
    "high_complexity_ratio": 1.0,
    "low_complexity_ratio": 0.0,
    "high_complexity_segment_ratio": 1.0,
    "low_complexity_segment_ratio": 0.0,
    "scene_complexity_histogram": {
      "bins": [
        0.0,
        0.2,
        0.4,
        0.6,
        0.8,
        1.0
      ],
      "counts": [
        0,
        0,
        5,
        1,
        0
      ],
      "fractions": [
        0.0,
        0.0,
        0.8333333333333334,
        0.16666666666666666,
        0.0
      ]
    },
    "worst_segment_index": 2
  },
  "summary_raw": {
    "segment_count": 6.0,
    "cut_count": 5.0,
    "cut_rate": 0.16666666666666666,
    "hard_fraction": 1.0,
    "worst_difficulty": 0.6079735636946059,
    "difficulty_mean": 0.5363129978762126,
    "difficulty_p90": 0.6011025957941927,
    "duration_weighted_difficulty": 0.5328569691641145,
    "motion_mean": 0.05077492138959494,
    "motion_std": 0.012189224534002152,