{
  "video": "40.mp4",
  "path": "/root/terry/videos/40.mp4",
  "extracted_at": "2026-07-17T18:30:18Z",
  "elapsed_sec": 16.864,
  "meta": {
    "path": "/root/terry/videos/40.mp4",
    "width": 3840,
    "height": 2160,
    "fps": 30.0,
    "frame_count": 900,
    "duration": 30.0,
    "detail_scale": 0.25,
    "texture_compensation": 16.0,
    "scene_spans_provided": false
  },
  "cut_times_sec": [
    6.0,
    10.0,
    20.0,
    26.0
  ],
  "global": {
    "mean_motion": 0.055349770787944806,
    "mean_texture": 4.91813010440556,
    "mean_noise": 0.027423254881675047,
    "mean_edge": 0.09713028870884773,
    "mean_entropy": 0.8604370266199112,
    "mean_hf_energy": 5.0,
    "mean_flatness": 0.45545846193415634,
    "mean_luma": 0.2818888325314694,
    "mean_difficulty": 0.5227584148283702,
    "motion_p90": 0.11118304133381746,
    "motion_level": 0.43399844406149124,
    "texture_level": 0.538198739590553,
    "noise_level_norm": 0.3635915066871218,
    "edge_level": 0.6715764006001449,
    "segment_count": 5,
    "cut_count": 4,
    "cut_rate": 0.13333333333333333,
    "hard_fraction": 0.8,
    "worst_difficulty": 0.5763049530969239,
    "volatility": 0.49599085969325163,
    "duration": 30.0,
    "fps": 30.0,
    "width": 3840,
    "height": 2160,
    "n_segments": 5
  },
  "segments": [
    {
      "index": 0,
      "start_sec": 0.0,
      "end_sec": 6.0,
      "duration": 6.0,
      "frame_count": 180,
      "motion": 0.021693421311425806,
      "motion_p90": 0.032064379841442746,
      "motion_max": 0.042068869523117884,
      "texture": 4.489977290398521,
      "edge": 0.06448278356481482,
      "noise": 0.001453529461286962,
      "entropy": 0.8304477110505104,
      "hf_energy": 5.0,
      "flatness": 0.5773133680555556,
      "luma_mean": 0.24882163065843624,
      "difficulty": 0.4061149152702108
    },
    {
      "index": 1,
      "start_sec": 6.0,
      "end_sec": 10.0,
      "duration": 4.0,
      "frame_count": 120,
      "motion": 0.07832140182461873,
      "motion_p90": 0.11118304133381746,
      "motion_max": 0.22269418724279835,
      "texture": 5.8063216185916895,
      "edge": 0.15812475887345678,
      "noise": 0.022529705776832998,
      "entropy": 0.91227637976408,
      "hf_energy": 5.0,
      "flatness": 0.23754002700617283,
      "luma_mean": 0.34684915785372794,
      "difficulty": 0.5741507115515383
    },
    {
      "index": 2,
      "start_sec": 10.0,
      "end_sec": 20.0,
      "duration": 10.0,
      "frame_count": 300,
      "motion": 0.05209763544692569,
      "motion_p90": 0.09671678165093195,
      "motion_max": 0.22604805131929315,
      "texture": 4.450716050932549,
      "edge": 0.06560836226851852,
      "noise": 0.04215235263109207,
      "entropy": 0.8284331783652306,
      "hf_energy": 5.0,
      "flatness": 0.5692406925154321,
      "luma_mean": 0.24258889059095862,
      "difficulty": 0.5266850256472709
    },
    {
      "index": 3,
      "start_sec": 20.0,
      "end_sec": 26.0,
      "duration": 6.0,
      "frame_count": 180,
      "motion": 0.07982790656771968,
      "motion_p90": 0.1072863637739046,
      "motion_max": 0.2075258638949407,
      "texture": 5.891121277336234,
      "edge": 0.1614846161265432,
      "noise": 0.024710000841878355,
      "entropy": 0.9112752228975296,
      "hf_energy": 5.0,
      "flatness": 0.2305109471450617,
      "luma_mean": 0.34971151336692086,
      "difficulty": 0.5763049530969239
    },
    {
      "index": 4,
      "start_sec": 26.0,
      "end_sec": 30.0,
      "duration": 4.0,
      "frame_count": 120,
      "motion": 0.05427579864893488,
      "motion_p90": 0.09953012965988861,
      "motion_max": 0.2223312378963931,
      "texture": 4.381216185516511,
      "edge": 0.0673804012345679,
      "noise": 0.038518528803251684,
      "entropy": 0.8573339730501175,
      "hf_energy": 5.0,
      "flatness": 0.5435602334104939,
      "luma_mean": 0.2630451436168603,
      "difficulty": 0.530536468575907
    }
  ],
  "distributions": {
    "thresholds": {
      "high_complexity": 0.45,
      "low_complexity": 0.2
    },
    "metrics": {
      "motion_mean": {
        "mean": 0.057243232759924954,
        "max": 0.07982790656771968,
        "min": 0.021693421311425806,
        "p95": 0.0795266056190995,
        "variance": 0.0004506857266117514,
        "std": 0.021229360014182044
      },
      "motion_p90": {
        "mean": 0.08935613925199708,
        "max": 0.11118304133381746,
        "min": 0.032064379841442746,
        "p95": 0.11040370582183488,
        "variance": 0.0008475882879194193,
        "std": 0.029113369573435147
      },
      "motion_max": {
        "mean": 0.18413364197530863,
        "max": 0.22604805131929315,
        "min": 0.042068869523117884,
        "p95": 0.2253772785039942,
        "variance": 0.0050864770628723435,
        "std": 0.07131954194239012
      },
      "texture": {
        "mean": 5.0038704845551,
        "max": 5.891121277336234,
        "min": 4.381216185516511,
        "p95": 5.874161345587325,
        "variance": 0.47778124207106654,
        "std": 0.6912172177189068
      },
      "edge_density": {
        "mean": 0.10341618441358025,
        "max": 0.1614846161265432,
        "min": 0.06448278356481482,
        "p95": 0.1608126446759259,
        "variance": 0.0021217579334725906,
        "std": 0.04606254371474279
      },
      "noise_level": {
        "mean": 0.025872823502868413,
        "max": 0.04215235263109207,
        "min": 0.001453529461286962,
        "p95": 0.04142558786552399,
        "variance": 0.00020675348906821676,
        "std": 0.014378925170826113
      },
      "high_freq_energy": {
        "mean": 5.0,
        "max": 5.0,
        "min": 5.0,
        "p95": 5.0,
        "variance": 0.0,
        "std": 0.0
      },
      "flatness": {
        "mean": 0.4316330536265432,
        "max": 0.5773133680555556,
        "min": 0.2305109471450617,
        "p95": 0.5756988329475309,
        "variance": 0.026161702913060754,
        "std": 0.16174579720370094
      },
      "entropy": {
        "mean": 0.8679532930254936,
        "max": 0.91227637976408,
        "min": 0.8284331783652306,
        "p95": 0.91207614839077,
        "variance": 0.0013845207449311614,
        "std": 0.03720914867248593
      },
      "difficulty": {
        "mean": 0.5227584148283702,
        "max": 0.5763049530969239,
        "min": 0.4061149152702108,
        "p95": 0.5758741047878467,
        "variance": 0.0038380044609649688,
        "std": 0.06195163001055718
      }
    },
    "high_complexity_ratio": 0.8,
    "low_complexity_ratio": 0.0,
    "high_complexity_segment_ratio": 0.8,
    "low_complexity_segment_ratio": 0.0,
    "scene_complexity_histogram": {
      "bins": [
        0.0,
        0.2,
        0.4,
        0.6,
        0.8,
        1.0
      ],
      "counts": [
        0,
        0,
        5,
        0,
        0
      ],
      "fractions": [
        0.0,
        0.0,
        1.0,
        0.0,
        0.0
      ]
    },
    "worst_segment_index": 3
  },
  "summary_raw": {
    "segment_count": 5.0,
    "cut_count": 4.0,
    "cut_rate": 0.13333333333333333,
    "hard_fraction": 0.8,
    "worst_difficulty": 0.5763049530969239,
    "difficulty_mean": 0.5227584148283702,
    "difficulty_p90": 0.5754432564787696,
    "duration_weighted_difficulty": 0.5193372729061767,
    "motion_mean": 0.055349770787944806,
    "motion_std": 0.021229360014182044,
    "motion_p90": 0.11118304133381746,
    "texture": 4.91813010440556,
    "texture_lbp": 4.91813010440556,
    "texture_std": 0.6912172177189068,
    "entropy": 0.8604370266199112,
    "edge_density": 0.09713028870884773,
    "noise_level": 0.027423254881675047,
    "high_freq_energy": 5.0,
    "flatness": 0.45545846193415634,
    "luma_mean": 0.2818888325314694,
    "luma_std": 0.2297267571846212,
    "sat_mean": 0.4600268853889293,
    "chroma_std": 0.31118284609618085,
    "cut_density": 0.26666666666666666,
    "volatility": 0.49599085969325163,