{
  "video": "41.mp4",
  "path": "/root/terry/videos/41.mp4",
  "extracted_at": "2026-07-17T18:30:35Z",
  "elapsed_sec": 16.849,
  "meta": {
    "path": "/root/terry/videos/41.mp4",
    "width": 3840,
    "height": 2160,
    "fps": 30.0,
    "frame_count": 899,
    "duration": 29.966666666666665,
    "detail_scale": 0.25,
    "texture_compensation": 16.0,
    "scene_spans_provided": false
  },
  "cut_times_sec": [
    4.0,
    10.0,
    14.0,
    20.0,
    24.0
  ],
  "global": {
    "mean_motion": 0.056443926864628624,
    "mean_texture": 4.840117323452095,
    "mean_noise": 0.05723817845076391,
    "mean_edge": 0.06367866275242381,
    "mean_entropy": 0.8021809400387679,
    "mean_hf_energy": 4.845255208089844,
    "mean_flatness": 0.5858759869827072,
    "mean_luma": 0.337414273010956,
    "mean_difficulty": 0.5150596249001987,
    "motion_p90": 0.1374826540183974,
    "motion_level": 0.4866941458622925,
    "texture_level": 0.5342223671787849,
    "noise_level_norm": 0.5438917633636449,
    "edge_level": 0.5727597470229111,
    "segment_count": 6,
    "cut_count": 5,
    "cut_rate": 0.16685205784204674,
    "hard_fraction": 0.8665183537263627,
    "worst_difficulty": 0.5867157144608566,
    "volatility": 0.4937147859123326,
    "duration": 29.966666666666665,
    "fps": 30.0,
    "width": 3840,
    "height": 2160,
    "n_segments": 6
  },
  "segments": [
    {
      "index": 0,
      "start_sec": 0.0,
      "end_sec": 4.0,
      "duration": 4.0,
      "frame_count": 120,
      "motion": 0.019860725308641976,
      "motion_p90": 0.024221939300411523,
      "motion_max": 0.024432862805616073,
      "texture": 3.939638486703955,
      "edge": 0.04874348958333334,
      "noise": 0.0,
      "entropy": 0.5793390274047852,
      "hf_energy": 5.0,
      "flatness": 0.7511422164351852,
      "luma_mean": 0.0835312424352457,
      "difficulty": 0.33238812800939643
    },
    {
      "index": 1,
      "start_sec": 4.0,
      "end_sec": 10.0,
      "duration": 6.0,
      "frame_count": 180,
      "motion": 0.061645904252904865,
      "motion_p90": 0.1374826540183974,
      "motion_max": 0.42274726912369887,
      "texture": 4.675002346581376,
      "edge": 0.013820650077160494,
      "noise": 0.09302588435821235,
      "entropy": 0.8946957215666771,
      "hf_energy": 4.710707451901149,
      "flatness": 0.7006293402777778,
      "luma_mean": 0.49713886335784313,
      "difficulty": 0.5460060106688015
    },
    {
      "index": 2,
      "start_sec": 10.0,
      "end_sec": 14.0,
      "duration": 4.0,
      "frame_count": 120,
      "motion": 0.07067263336661825,
      "motion_p90": 0.10833336813120306,
      "motion_max": 0.23731496610990074,
      "texture": 5.990532452391648,
      "edge": 0.12807508680555557,
      "noise": 0.03706499916734174,
      "entropy": 0.9203539714217186,
      "hf_energy": 5.0,
      "flatness": 0.2945037615740741,
      "luma_mean": 0.4375574155395183,
      "difficulty": 0.5859310181841582
    },
    {
      "index": 3,
      "start_sec": 14.0,
      "end_sec": 20.0,
      "duration": 6.0,
      "frame_count": 180,
      "motion": 0.06526257734961267,
      "motion_p90": 0.12737588734567895,
      "motion_max": 0.36997769153957877,
      "texture": 3.9791887067270886,
      "edge": 0.048204812885802466,
      "noise": 0.06976941227912903,
      "entropy": 0.5927839279174805,
      "hf_energy": 5.0,
      "flatness": 0.7519307002314815,
      "luma_mean": 0.09103554110687485,
      "difficulty": 0.5045777558111396
    },
    {
      "index": 4,
      "start_sec": 20.0,
      "end_sec": 24.0,
      "duration": 4.0,
      "frame_count": 120,
      "motion": 0.055918097350823044,
      "motion_p90": 0.12566048928830784,
      "motion_max": 0.38867746157104816,
      "texture": 4.44487927839719,
      "edge": 0.014308449074074074,
      "noise": 0.0857582378666848,
      "entropy": 0.9081188291311264,
      "hf_energy": 4.274642422754695,
      "flatness": 0.7120577739197531,
      "luma_mean": 0.4710904385288066,
      "difficulty": 0.5347391222668405
    },
    {
      "index": 5,
      "start_sec": 24.0,
      "end_sec": 29.966666666666665,
      "duration": 5.966666666666665,
      "frame_count": 179,
      "motion": 0.05768373653473735,
      "motion_p90": 0.10365968439845069,
      "motion_max": 0.26219841594045024,
      "texture": 5.969302000495946,
      "edge": 0.12931447723765432,
      "noise": 0.04142558987950906,
      "entropy": 0.9188654124736786,
      "hf_energy": 5.0,
      "flatness": 0.3034483506944445,
      "luma_mean": 0.43800305616073587,
      "difficulty": 0.5867157144608566
    }
  ],
  "distributions": {
    "thresholds": {
      "high_complexity": 0.45,
      "low_complexity": 0.2
    },
    "metrics": {
      "motion_mean": {
        "mean": 0.05517394569388969,
        "max": 0.07067263336661825,
        "min": 0.019860725308641976,
        "p95": 0.06932011936236686,
        "variance": 0.0002729587335969413,
        "std": 0.016521462816498463
      },
      "motion_p90": {
        "mean": 0.1044556704137416,
        "max": 0.1374826540183974,
        "min": 0.024221939300411523,
        "p95": 0.13495596235021778,
        "variance": 0.001419814012570521,
        "std": 0.03768041948506573
      },
      "motion_max": {
        "mean": 0.2842247778483821,
        "max": 0.42274726912369887,
        "min": 0.024432862805616073,
        "p95": 0.4142298172355362,
        "variance": 0.017938322685057344,
        "std": 0.13393402362752097
      },
      "texture": {
        "mean": 4.8330905452162005,
        "max": 5.990532452391648,
        "min": 3.939638486703955,
        "p95": 5.9852248394177225,
        "variance": 0.7222921727437557,
        "std": 0.8498777398801287
      },
      "edge_density": {
        "mean": 0.06374449427726338,
        "max": 0.12931447723765432,
        "min": 0.013820650077160494,
        "p95": 0.12900462962962964,
        "variance": 0.0023067787375150787,
        "std": 0.048028936460378535
      },
      "noise_level": {
        "mean": 0.05450735392514616,
        "max": 0.09302588435821235,
        "min": 0.0,
        "p95": 0.09120897273533046,
        "variance": 0.0010232742135024857,
        "std": 0.03198865757581092
      },
      "high_freq_energy": {
        "mean": 4.830891645775974,
        "max": 5.0,
        "min": 4.274642422754695,
        "p95": 5.0,
        "variance": 0.07304133007375875,
        "std": 0.27026159563237756
      },
      "flatness": {
        "mean": 0.5856186905221193,
        "max": 0.7519307002314815,
        "min": 0.2945037615740741,
        "p95": 0.7517335792824074,
        "variance": 0.0414400026844673,
        "std": 0.20356817699352545
      },
      "entropy": {
        "mean": 0.8023594816525778,
        "max": 0.9203539714217186,
        "min": 0.5793390274047852,
        "p95": 0.9199818316847086,
        "variance": 0.02347789800819965,
        "std": 0.1532249914609221
      },
      "difficulty": {
        "mean": 0.5150596249001987,
        "max": 0.5867157144608566,
        "min": 0.33238812800939643,
        "p95": 0.586519540391682,
        "variance": 0.007496842720300678,
        "std": 0.08658430989677447
      }
    },
    "high_complexity_ratio": 0.8665183537263627,
    "low_complexity_ratio": 0.0,
    "high_complexity_segment_ratio": 0.8333333333333334,
    "low_complexity_segment_ratio": 0.0,
    "scene_complexity_histogram": {
      "bins": [
        0.0,
        0.2,
        0.4,
        0.6,
        0.8,
        1.0
      ],
      "counts": [
        0,
        1,
        5,
        0,
        0
      ],
      "fractions": [
        0.0,
        0.16666666666666666,
        0.8333333333333334,
        0.0,
        0.0
      ]
    },
    "worst_segment_index": 5
  },
  "summary_raw": {
    "segment_count": 6.0,
    "cut_count": 5.0,
    "cut_rate": 0.16685205784204674,
    "hard_fraction": 0.8665183537263627,
    "worst_difficulty": 0.5867157144608566,