{
  "video": "42.mp4",
  "path": "/root/terry/videos/42.mp4",
  "extracted_at": "2026-07-17T18:30:51Z",
  "elapsed_sec": 16.186,
  "meta": {
    "path": "/root/terry/videos/42.mp4",
    "width": 3840,
    "height": 2160,
    "fps": 30.0,
    "frame_count": 899,
    "duration": 29.966666666666665,
    "detail_scale": 0.25,
    "texture_compensation": 16.0,
    "scene_spans_provided": false
  },
  "cut_times_sec": [
    5.0,
    10.0,
    15.0,
    20.0,
    25.0
  ],
  "global": {
    "mean_motion": 0.05377871412964329,
    "mean_texture": 4.24807485256812,
    "mean_noise": 0.04386376595273262,
    "mean_edge": 0.06337567987492962,
    "mean_entropy": 0.8023534528621047,
    "mean_hf_energy": 4.758563808583421,
    "mean_flatness": 0.7075756689424293,
    "mean_luma": 0.38228335168585637,
    "mean_difficulty": 0.48809892016261486,
    "motion_p90": 0.13431919405107717,
    "motion_level": 0.4808806444805764,
    "texture_level": 0.5016576880257269,
    "noise_level_norm": 0.4774871299670229,
    "edge_level": 0.5715922549148639,
    "segment_count": 6,
    "cut_count": 5,
    "cut_rate": 0.16685205784204674,
    "hard_fraction": 0.8331479421579533,
    "worst_difficulty": 0.5972792318198068,
    "volatility": 0.5327600968408965,
    "duration": 29.966666666666665,
    "fps": 30.0,
    "width": 3840,
    "height": 2160,
    "n_segments": 6
  },
  "segments": [
    {
      "index": 0,
      "start_sec": 0.0,
      "end_sec": 5.0,
      "duration": 5.0,
      "frame_count": 150,
      "motion": 0.005362148428044057,
      "motion_p90": 0.007908696441539579,
      "motion_max": 0.00808639705882353,
      "texture": 2.5565817563091806,
      "edge": 0.010973186728395062,
      "noise": 0.0,
      "entropy": 0.5607000254094601,
      "hf_energy": 3.8704809679338608,
      "flatness": 0.9080242091049383,
      "luma_mean": 0.17796747817568387,
      "difficulty": 0.2395363493538302
    },
    {
      "index": 1,
      "start_sec": 5.0,
      "end_sec": 10.0,
      "duration": 5.0,
      "frame_count": 150,
      "motion": 0.08322292196199467,
      "motion_p90": 0.13431919405107717,
      "motion_max": 0.32519989863229243,
      "texture": 5.307287439495099,
      "edge": 0.10391155478395062,
      "noise": 0.05886794038815424,
      "entropy": 0.9539352804422379,
      "hf_energy": 5.0,
      "flatness": 0.5749860146604938,
      "luma_mean": 0.44585562477305735,
      "difficulty": 0.5972792318198068
    },
    {
      "index": 2,
      "start_sec": 10.0,
      "end_sec": 15.0,
      "duration": 5.0,
      "frame_count": 150,
      "motion": 0.05186003407921811,
      "motion_p90": 0.0903353395061728,
      "motion_max": 0.23911411431856694,
      "texture": 4.573994742864217,
      "edge": 0.07390263310185186,
      "noise": 0.0377917640726082,
      "entropy": 0.8370670825242996,
      "hf_energy": 5.0,
      "flatness": 0.658237606095679,
      "luma_mean": 0.5159234503600824,
      "difficulty": 0.5196379880558046
    },
    {
      "index": 3,
      "start_sec": 15.0,
      "end_sec": 20.0,
      "duration": 5.0,
      "frame_count": 150,
      "motion": 0.055786971791031224,
      "motion_p90": 0.12547154366376173,
      "motion_max": 0.3958002677923021,
      "texture": 3.1761816752728,
      "edge": 0.012416811342592593,
      "noise": 0.07849058508872986,
      "entropy": 0.6796292588114738,
      "hf_energy": 4.68251145817611,
      "flatness": 0.8701232156635803,
      "luma_mean": 0.2075788862034011,
      "difficulty": 0.47251279171609245
    },
    {
      "index": 4,
      "start_sec": 20.0,
      "end_sec": 25.0,
      "duration": 5.0,
      "frame_count": 150,
      "motion": 0.07696513782982328,
      "motion_p90": 0.12805825768579032,
      "motion_max": 0.3185055449648995,
      "texture": 5.278493033276281,
      "edge": 0.10495756172839507,
      "noise": 0.0581411772291176,
      "entropy": 0.9497120082378387,
      "hf_energy": 5.0,
      "flatness": 0.5741794463734567,
      "luma_mean": 0.4389043928528202,
      "difficulty": 0.5931957317428109
    },
    {
      "index": 5,
      "start_sec": 25.0,
      "end_sec": 29.966666666666665,
      "duration": 4.966666666666665,
      "frame_count": 149,
      "motion": 0.049446187174715564,
      "motion_p90": 0.0839503502481239,
      "motion_max": 0.2176989984265311,
      "texture": 4.598244935410087,
      "edge": 0.07416425540123456,
      "noise": 0.029797352850437164,
      "entropy": 0.8332832604646683,
      "hf_energy": 5.0,
      "flatness": 0.6595835744598766,
      "luma_mean": 0.5083104584619341,
      "difficulty": 0.5064314282873439
    }
  ],
  "distributions": {
    "thresholds": {
      "high_complexity": 0.45,
      "low_complexity": 0.2
    },
    "metrics": {
      "motion_mean": {
        "mean": 0.05377390021080448,
        "max": 0.08322292196199467,
        "min": 0.005362148428044057,
        "p95": 0.08165847592895183,
        "variance": 0.0006292034226598261,
        "std": 0.025083927576434798
      },
      "motion_p90": {
        "mean": 0.09500723026607759,
        "max": 0.13431919405107717,
        "min": 0.007908696441539579,
        "p95": 0.13275395995975547,
        "variance": 0.0018826851757186896,
        "std": 0.043389920208715405
      },
      "motion_max": {
        "mean": 0.2507342035322359,
        "max": 0.3958002677923021,
        "min": 0.00808639705882353,
        "p95": 0.3781501755022997,
        "variance": 0.015214427783715184,
        "std": 0.12334677857048065
      },
      "texture": {
        "mean": 4.248463930437944,
        "max": 5.307287439495099,
        "min": 2.5565817563091806,
        "p95": 5.300088837940394,
        "variance": 1.070439793863501,
        "std": 1.0346206038270749
      },
      "edge_density": {
        "mean": 0.06338766718106996,
        "max": 0.10495756172839507,
        "min": 0.010973186728395062,
        "p95": 0.10469605999228396,
        "variance": 0.001490374477856585,
        "std": 0.03860536851082483
      },
      "noise_level": {
        "mean": 0.04384813660484118,
        "max": 0.07849058508872986,
        "min": 0.0,
        "p95": 0.07358492391358595,
        "variance": 0.0006311246681690575,
        "std": 0.02512219473232897
      },
      "high_freq_energy": {
        "mean": 4.758832071018329,
        "max": 5.0,
        "min": 3.8704809679338608,
        "p95": 5.0,
        "variance": 0.17127339969553942,
        "std": 0.4138519055115482
      },
      "flatness": {
        "mean": 0.7075223443930042,
        "max": 0.9080242091049383,
        "min": 0.5741794463734567,
        "p95": 0.8985489607445988,
        "variance": 0.017785559888977752,
        "std": 0.13336251305737212
      },
      "entropy": {
        "mean": 0.8023878193149964,
        "max": 0.9539352804422379,
        "min": 0.5607000254094601,
        "p95": 0.9528794623911381,
        "variance": 0.020051813849380182,
        "std": 0.1416044273650375
      },
      "difficulty": {
        "mean": 0.48809892016261486,
        "max": 0.5972792318198068,
        "min": 0.2395363493538302,
        "p95": 0.5962583568005578,
        "variance": 0.014387125487103811,
        "std": 0.11994634420066254
      }
    },
    "high_complexity_ratio": 0.8331479421579533,
    "low_complexity_ratio": 0.0,
    "high_complexity_segment_ratio": 0.8333333333333334,
    "low_complexity_segment_ratio": 0.0,
    "scene_complexity_histogram": {
      "bins": [
        0.0,
        0.2,
        0.4,
        0.6,
        0.8,
        1.0
      ],
      "counts": [
        0,
        1,
        5,
        0,
        0
      ],
      "fractions": [
        0.0,
        0.16666666666666666,
        0.8333333333333334,
        0.0,
        0.0
      ]
    },
    "worst_segment_index": 1
  },
  "summary_raw": {
    "segment_count": 6.0,
    "cut_count": 5.0,
    "cut_rate": 0.16685205784204674,
    "hard_fraction": 0.8331479421579533,
    "worst_difficulty": 0.5972792318198068,
    "difficulty_mean": 0.48809892016261486,