{
  "video": "4228aad6-2723-4544-bdeb-adf57805a876.mp4",
  "path": "/root/workspace/raw videos/4228aad6-2723-4544-bdeb-adf57805a876.mp4",
  "extracted_at": "2026-07-21T16:55:31Z",
  "elapsed_sec": 158.987,
  "meta": {
    "path": "../raw videos/4228aad6-2723-4544-bdeb-adf57805a876.mp4",
    "width": 3840,
    "height": 2160,
    "fps": 30.0,
    "frame_count": 899,
    "duration": 29.966666666666665,
    "detail_scale": 0.25,
    "texture_compensation": 16.0,
    "scene_spans_provided": true,
    "scene_detect": {
      "detector": "content",
      "ok": true,
      "error": "",
      "detect_sec": 44.62,
      "n_scenes": 6
    },
    "samples_per_segment": 16,
    "si_ti_agg": "mean"
  },
  "cut_times_sec": [
    6.0,
    9.966667,
    15.966667,
    19.966667,
    25.966667
  ],
  "global": {
    "mean_motion": 0.03338640156780416,
    "mean_texture": 4.397777114314968,
    "mean_noise": 0.011286680339172572,
    "mean_edge": 0.061615119229699665,
    "mean_entropy": 0.905169093759691,
    "mean_hf_energy": 4.404111965542908,
    "mean_flatness": 0.6331500475225816,
    "mean_luma": 0.4421963091584823,
    "mean_difficulty": 0.4192926482076907,
    "motion_p90": 0.047463870733478575,
    "motion_level": 0.24661184747347162,
    "texture_level": 0.5103145574523889,
    "noise_level_norm": 0.19037463852930736,
    "edge_level": 0.5646799422909751,
    "segment_count": 6,
    "cut_count": 5,
    "cut_rate": 0.16685205784204674,
    "hard_fraction": 0.33259176863181317,
    "worst_difficulty": 0.48101828614270803,
    "volatility": 0.4435022310053415,
    "duration": 29.966666666666665,
    "fps": 30.0,
    "width": 3840,
    "height": 2160,
    "n_segments": 6
  },
  "segments": [
    {
      "index": 0,
      "start_sec": 0.0,
      "end_sec": 6.0,
      "duration": 6.0,
      "frame_count": 180,
      "motion": 0.004587579051682401,
      "motion_p90": 0.006965406378600823,
      "motion_max": 0.00840937424352457,
      "texture": 3.885503392964337,
      "edge": 0.00817406925154321,
      "noise": 0.004723970749182627,
      "entropy": 0.9500252641737461,
      "hf_energy": 3.280658609026728,
      "flatness": 0.7047476610725308,
      "si": 42.38451823314857,
      "ti": 15.094059492406576,
      "luma_mean": 0.4458539836941721,
      "sat_mean": 0.17860247452568992,
      "difficulty": 0.3323864510997965
    },
    {
      "index": 1,
      "start_sec": 6.0,
      "end_sec": 9.966666666666667,
      "duration": 3.966666666666667,
      "frame_count": 119,
      "motion": 0.051503173414427506,
      "motion_p90": 0.047463870733478575,
      "motion_max": 0.19582933914306463,
      "texture": 4.911748955692104,
      "edge": 0.09913194444444445,
      "noise": 0.013445147080346942,
      "entropy": 0.9244024083018303,
      "hf_energy": 5.0,
      "flatness": 0.5469715711805556,
      "si": 97.91890664799118,
      "ti": 34.526359618418574,
      "luma_mean": 0.47249958772089085,
      "sat_mean": 0.32844549641808884,
      "difficulty": 0.48101828614270803
    },
    {
      "index": 2,
      "start_sec": 9.966666666666667,
      "end_sec": 15.966666666666667,
      "duration": 6.0,
      "frame_count": 180,
      "motion": 0.04498845665774026,
      "motion_p90": 0.03543844181190994,
      "motion_max": 0.24854105392156864,
      "texture": 4.458475429119104,
      "edge": 0.07828836323302468,
      "noise": 0.01235500056645833,
      "entropy": 0.8305776305496693,
      "hf_energy": 5.0,
      "flatness": 0.6379240210262345,
      "si": 96.79060268401601,
      "ti": 39.70803539416509,
      "luma_mean": 0.40080808360188214,
      "sat_mean": 0.2702691506482994,
      "difficulty": 0.4375328341362861
    },
    {
      "index": 3,
      "start_sec": 15.966666666666667,
      "end_sec": 19.966666666666665,
      "duration": 3.9999999999999982,
      "frame_count": 120,
      "motion": 0.019158014951736867,
      "motion_p90": 0.009860441630355845,
      "motion_max": 0.22254303588719437,
      "texture": 3.80385908412641,
      "edge": 0.008716362847222223,
      "noise": 0.01925926544936374,
      "entropy": 0.9400347582995892,
      "hf_energy": 3.1148175616521945,
      "flatness": 0.7221837625385803,
      "si": 42.99090506777344,
      "ti": 13.471737871880453,
      "luma_mean": 0.44357970745203945,
      "sat_mean": 0.1705785245135863,
      "difficulty": 0.3625162621803691
    },
    {
      "index": 4,
      "start_sec": 19.966666666666665,
      "end_sec": 25.966666666666665,
      "duration": 6.0,
      "frame_count": 180,
      "motion": 0.04253068453461631,
      "motion_p90": 0.04310615619704672,
      "motion_max": 0.1627725278382958,
      "texture": 4.876899235183444,
      "edge": 0.09651825327932098,
      "noise": 0.012718382204184309,
      "entropy": 0.9250663854181767,
      "hf_energy": 5.0,
      "flatness": 0.5505667679398147,
      "si": 95.95011468754842,
      "ti": 34.12988651095802,
      "luma_mean": 0.47049181162627085,
      "sat_mean": 0.3231448688271605,
      "difficulty": 0.47423030507921504
    },
    {
      "index": 5,
      "start_sec": 25.966666666666665,
      "end_sec": 29.966666666666665,
      "duration": 4.0,
      "frame_count": 120,
      "motion": 0.041727716125030255,
      "motion_p90": 0.03184569792423142,
      "motion_max": 0.22943397482449768,
      "texture": 4.440686330321559,
      "edge": 0.08010669849537036,
      "noise": 0.007267646957188845,
      "entropy": 0.8659873940050602,
      "hf_energy": 5.0,
      "flatness": 0.6388941936728395,
      "si": 99.69949505150842,
      "ti": 35.11688166508962,
      "luma_mean": 0.42491473245355244,
      "sat_mean": 0.31583538669132777,
      "difficulty": 0.4280717506077699
    }
  ],
  "distributions": {
    "thresholds": {
      "high_complexity": 0.45,
      "low_complexity": 0.2
    },
    "metrics": {
      "motion_mean": {
        "mean": 0.03408260412253893,
        "max": 0.051503173414427506,
        "min": 0.004587579051682401,
        "p95": 0.049874494225255694,
        "variance": 0.00027415525333338134,
        "std": 0.016557634291570197
      },
      "motion_p90": {
        "mean": 0.029113335779270555,
        "max": 0.047463870733478575,
        "min": 0.006965406378600823,
        "p95": 0.04637444209937061,
        "variance": 0.0002402031059019092,
        "std": 0.015498487213335023
      },
      "motion_max": {
        "mean": 0.17792155097635762,
        "max": 0.24854105392156864,
        "min": 0.00840937424352457,
        "p95": 0.2437642841473009,
        "variance": 0.006486046793725257,
        "std": 0.08053599688167556
      },
      "texture": {
        "mean": 4.396195404567826,
        "max": 4.911748955692104,
        "min": 3.80385908412641,
        "p95": 4.903036525564939,
        "variance": 0.18573308800126812,
        "std": 0.43096761827458463
      },
      "edge_density": {
        "mean": 0.061822615258487645,
        "max": 0.09913194444444445,
        "min": 0.00817406925154321,
        "p95": 0.09847852165316359,
        "variance": 0.0014832737386635464,
        "std": 0.0385132930124593
      },
      "noise_level": {
        "mean": 0.011628235501120798,
        "max": 0.01925926544936374,
        "min": 0.004723970749182627,
        "p95": 0.01780573585710954,
        "variance": 2.165566621107141e-05,
        "std": 0.0046535648927538776
      },
      "high_freq_energy": {
        "mean": 4.399246028446487,
        "max": 5.0,
        "min": 3.1148175616521945,
        "p95": 5.0,
        "variance": 0.7241026064241615,
        "std": 0.8509421874746612
      },
      "flatness": {
        "mean": 0.633547996238426,
        "max": 0.7221837625385803,
        "min": 0.5469715711805556,
        "p95": 0.717824737172068,
        "variance": 0.004559130730967161,
        "std": 0.06752133537606585
      },
      "entropy": {
        "mean": 0.9060156401246786,
        "max": 0.9500252641737461,
        "min": 0.8305776305496693,
        "p95": 0.9475276377052069,