{
  "video": "43.mp4",
  "path": "/root/terry/videos/43.mp4",
  "extracted_at": "2026-07-17T18:31:08Z",
  "elapsed_sec": 17.201,
  "meta": {
    "path": "/root/terry/videos/43.mp4",
    "width": 3840,
    "height": 2160,
    "fps": 30.0,
    "frame_count": 898,
    "duration": 29.933333333333334,
    "detail_scale": 0.25,
    "texture_compensation": 16.0,
    "scene_spans_provided": false
  },
  "cut_times_sec": [
    5.0,
    10.0,
    15.0,
    20.0,
    25.0
  ],
  "global": {
    "mean_motion": 0.058939410247879985,
    "mean_texture": 4.30394951913527,
    "mean_noise": 0.0630569557712739,
    "mean_edge": 0.06353691878299514,
    "mean_entropy": 0.7520809154086363,
    "mean_hf_energy": 5.0,
    "mean_flatness": 0.7085436590485716,
    "mean_luma": 0.3434082179143895,
    "mean_difficulty": 0.4968770207731714,
    "motion_p90": 0.1622244364258048,
    "motion_level": 0.5280323346446508,
    "texture_level": 0.5049243322562396,
    "noise_level_norm": 0.5677893413641028,
    "edge_level": 0.572214354283087,
    "segment_count": 6,
    "cut_count": 5,
    "cut_rate": 0.16703786191536749,
    "hard_fraction": 0.6659242761692651,
    "worst_difficulty": 0.6292745785966246,
    "volatility": 0.5608305931842137,
    "duration": 29.933333333333334,
    "fps": 30.0,
    "width": 3840,
    "height": 2160,
    "n_segments": 6
  },
  "segments": [
    {
      "index": 0,
      "start_sec": 0.0,
      "end_sec": 5.0,
      "duration": 5.0,
      "frame_count": 150,
      "motion": 0.0028338203143911883,
      "motion_p90": 0.004390090171871218,
      "motion_max": 0.004574452311788914,
      "texture": 3.173240882519055,
      "edge": 0.014215856481481482,
      "noise": 0.0,
      "entropy": 0.5020464807748795,
      "hf_energy": 5.0,
      "flatness": 0.8646373456790124,
      "luma_mean": 0.0812605679617526,
      "difficulty": 0.24834788469750946
    },
    {
      "index": 1,
      "start_sec": 5.0,
      "end_sec": 10.0,
      "duration": 5.0,
      "frame_count": 150,
      "motion": 0.09485010628479787,
      "motion_p90": 0.1622244364258048,
      "motion_max": 0.41821737321471797,
      "texture": 5.307287439495099,
      "edge": 0.10391155478395062,
      "noise": 0.10465412371559069,
      "entropy": 0.9539352804422379,
      "hf_energy": 5.0,
      "flatness": 0.5749860146604938,
      "luma_mean": 0.44585562477305735,
      "difficulty": 0.6292745785966246
    },
    {
      "index": 2,
      "start_sec": 10.0,
      "end_sec": 15.0,
      "duration": 5.0,
      "frame_count": 150,
      "motion": 0.05186016457122973,
      "motion_p90": 0.0903353395061728,
      "motion_max": 0.23911411431856694,
      "texture": 4.5738109416408275,
      "edge": 0.07392650462962963,
      "noise": 0.0377917640726082,
      "entropy": 0.8370946869254112,
      "hf_energy": 5.0,
      "flatness": 0.6582301311728396,
      "luma_mean": 0.5159231761377391,
      "difficulty": 0.5196481883529817
    },
    {
      "index": 3,
      "start_sec": 15.0,
      "end_sec": 20.0,
      "duration": 5.0,
      "frame_count": 150,
      "motion": 0.06537579524479545,
      "motion_p90": 0.15426819247760826,
      "motion_max": 0.4988133321229727,
      "texture": 2.8913879072162176,
      "edge": 0.010217978395061729,
      "noise": 0.09956676512956619,
      "entropy": 0.43680258467793465,
      "hf_energy": 5.0,
      "flatness": 0.9172152295524691,
      "luma_mean": 0.07125945972524812,
      "difficulty": 0.4488097972361269
    },
    {
      "index": 4,
      "start_sec": 20.0,
      "end_sec": 25.0,
      "duration": 5.0,
      "frame_count": 150,
      "motion": 0.08923085455246914,
      "motion_p90": 0.1588627662793512,
      "motion_max": 0.42341272542967806,
      "texture": 5.287188273606511,
      "edge": 0.1050074749228395,
      "noise": 0.10465411841869354,
      "entropy": 0.9501374959945679,
      "hf_energy": 5.0,
      "flatness": 0.5753730227623457,
      "luma_mean": 0.4396233225157347,
      "difficulty": 0.6274183524007391
    },
    {
      "index": 5,
      "start_sec": 25.0,
      "end_sec": 29.933333333333334,
      "duration": 4.933333333333334,
      "frame_count": 148,
      "motion": 0.0493579679557008,
      "motion_p90": 0.08350063392641004,
      "motion_max": 0.2176989984265311,
      "texture": 4.594657780485242,
      "edge": 0.07408275462962963,
      "noise": 0.031250882311724126,
      "entropy": 0.8335552886128426,
      "hf_energy": 5.0,
      "flatness": 0.6601752989969136,
      "luma_mean": 0.5087314663519729,
      "difficulty": 0.5077633233550468
    }
  ],
  "distributions": {
    "thresholds": {
      "high_complexity": 0.45,
      "low_complexity": 0.2
    },
    "metrics": {
      "motion_mean": {
        "mean": 0.05891811815389736,
        "max": 0.09485010628479787,
        "min": 0.0028338203143911883,
        "p95": 0.09344529335171568,
        "variance": 0.0009230551661927317,
        "std": 0.030381822957036855
      },
      "motion_p90": {
        "mean": 0.10893024313120304,
        "max": 0.1622244364258048,
        "min": 0.004390090171871218,
        "p95": 0.1613840188891914,
        "variance": 0.003218356100615514,
        "std": 0.05673055702719227
      },
      "motion_max": {
        "mean": 0.3003051659707093,
        "max": 0.4988133321229727,
        "min": 0.004574452311788914,
        "p95": 0.47996318044964903,
        "variance": 0.027748171760346427,
        "std": 0.1665778249358132
      },
      "texture": {
        "mean": 4.304595537493825,
        "max": 5.307287439495099,
        "min": 2.8913879072162176,
        "p95": 5.3022626480229516,
        "variance": 0.9007686226079209,
        "std": 0.9490883112797887
      },
      "edge_density": {
        "mean": 0.06356035397376543,
        "max": 0.1050074749228395,
        "min": 0.010217978395061729,
        "p95": 0.10473349488811728,
        "variance": 0.0014740916169865288,
        "std": 0.03839390077846387
      },
      "noise_level": {
        "mean": 0.06298627560803045,
        "max": 0.10465412371559069,
        "min": 0.0,
        "p95": 0.1046541223913664,
        "variance": 0.0017366200696990943,
        "std": 0.04167277372216894
      },
      "high_freq_energy": {
        "mean": 5.0,
        "max": 5.0,
        "min": 5.0,
        "p95": 5.0,
        "variance": 0.0,
        "std": 0.0
      },
      "flatness": {
        "mean": 0.7084361738040125,
        "max": 0.9172152295524691,
        "min": 0.5749860146604938,
        "p95": 0.904070758584105,
        "variance": 0.01805866768478966,
        "std": 0.13438254233638258
      },
      "entropy": {
        "mean": 0.7522619695713123,
        "max": 0.9539352804422379,
        "min": 0.43680258467793465,
        "p95": 0.9529858343303204,
        "variance": 0.04262574271338932,
        "std": 0.2064600269141446
      },
      "difficulty": {
        "mean": 0.4968770207731714,
        "max": 0.6292745785966246,
        "min": 0.24834788469750946,
        "p95": 0.6288105220476532,
        "variance": 0.01654739661577338,
        "std": 0.1286366845646038
      }
    },
    "high_complexity_ratio": 0.6659242761692651,
    "low_complexity_ratio": 0.0,
    "high_complexity_segment_ratio": 0.6666666666666666,
    "low_complexity_segment_ratio": 0.0,
    "scene_complexity_histogram": {
      "bins": [
        0.0,
        0.2,
        0.4,
        0.6,
        0.8,
        1.0
      ],
      "counts": [
        0,
        1,
        3,
        2,
        0
      ],
      "fractions": [
        0.0,
        0.16666666666666666,
        0.5,
        0.3333333333333333,
        0.0
      ]
    },
    "worst_segment_index": 1
  },
  "summary_raw": {
    "segment_count": 6.0,
    "cut_count": 5.0,
    "cut_rate": 0.16703786191536749,
    "hard_fraction": 0.6659242761692651,
    "worst_difficulty": 0.6292745785966246,
    "difficulty_mean": 0.4968770207731714,
    "difficulty_p90": 0.6283464654986819,
    "duration_weighted_difficulty": 0.4968527751104055,