{
  "video": "44.mp4",
  "path": "/root/terry/videos/44.mp4",
  "extracted_at": "2026-07-17T18:31:26Z",
  "elapsed_sec": 17.875,
  "meta": {
    "path": "/root/terry/videos/44.mp4",
    "width": 3840,
    "height": 2160,
    "fps": 30.0,
    "frame_count": 899,
    "duration": 29.966666666666665,
    "detail_scale": 0.25,
    "texture_compensation": 16.0,
    "scene_spans_provided": false
  },
  "cut_times_sec": [
    6.0,
    10.0,
    16.0,
    20.0,
    26.0
  ],
  "global": {
    "mean_motion": 0.04397463317420927,
    "mean_texture": 4.1577633626652295,
    "mean_noise": 0.041008447130905824,
    "mean_edge": 0.03104406157089839,
    "mean_entropy": 0.8375631556395562,
    "mean_hf_energy": 4.990531892431919,
    "mean_flatness": 0.7516790478038871,
    "mean_luma": 0.3807507152479395,
    "mean_difficulty": 0.4770527462496957,
    "motion_p90": 0.1444228992677317,
    "motion_level": 0.4990030147342722,
    "texture_level": 0.4962856054390291,
    "noise_level_norm": 0.4607253407150693,
    "edge_level": 0.3952439045041774,
    "segment_count": 6,
    "cut_count": 5,
    "cut_rate": 0.16685205784204674,
    "hard_fraction": 0.4671857619577308,
    "worst_difficulty": 0.557270335100511,
    "volatility": 0.50096548937829,
    "duration": 29.966666666666665,
    "fps": 30.0,
    "width": 3840,
    "height": 2160,
    "n_segments": 6
  },
  "segments": [
    {
      "index": 0,
      "start_sec": 0.0,
      "end_sec": 6.0,
      "duration": 6.0,
      "frame_count": 180,
      "motion": 0.006555612291212781,
      "motion_p90": 0.010614105240861777,
      "motion_max": 0.012181342290002421,
      "texture": 4.4139597663874515,
      "edge": 0.015310088734567903,
      "noise": 0.002180294191930443,
      "entropy": 0.8655985593795776,
      "hf_energy": 4.986420725308642,
      "flatness": 0.7815656346450617,
      "luma_mean": 0.5599595994840838,
      "difficulty": 0.3409345919390993
    },
    {
      "index": 1,
      "start_sec": 6.0,
      "end_sec": 10.0,
      "duration": 4.0,
      "frame_count": 120,
      "motion": 0.05634446203249819,
      "motion_p90": 0.10799183914306458,
      "motion_max": 0.310725452372307,
      "texture": 5.00466462124825,
      "edge": 0.05023702739197531,
      "noise": 0.05378059024224058,
      "entropy": 0.9165676087141037,
      "hf_energy": 5.0,
      "flatness": 0.613640769675926,
      "luma_mean": 0.3830793183399903,
      "difficulty": 0.5527338539534393
    },
    {
      "index": 2,
      "start_sec": 10.0,
      "end_sec": 16.0,
      "duration": 6.0,
      "frame_count": 180,
      "motion": 0.04568990464627208,
      "motion_p90": 0.08834174760953759,
      "motion_max": 0.25351346526264823,
      "texture": 3.075332582051865,
      "edge": 0.02759813850308642,
      "noise": 0.02907058782875538,
      "entropy": 0.7152399569749832,
      "hf_energy": 5.0,
      "flatness": 0.8547470582561727,
      "luma_mean": 0.18204384153352698,
      "difficulty": 0.43688532099729416
    },
    {
      "index": 3,
      "start_sec": 16.0,
      "end_sec": 20.0,
      "duration": 4.0,
      "frame_count": 120,
      "motion": 0.06409803448771484,
      "motion_p90": 0.1444228992677317,
      "motion_max": 0.45373160251755024,
      "texture": 4.338919538443981,
      "edge": 0.014809992283950617,
      "noise": 0.10102029459085315,
      "entropy": 0.8838684111833572,
      "hf_energy": 4.94943700617284,
      "flatness": 0.8029292052469135,
      "luma_mean": 0.5892644883956669,
      "difficulty": 0.5438226058997168
    },
    {
      "index": 4,
      "start_sec": 20.0,
      "end_sec": 26.0,
      "duration": 6.0,
      "frame_count": 180,
      "motion": 0.059960111996187365,
      "motion_p90": 0.11686302423747272,
      "motion_max": 0.33466501755023,
      "texture": 5.015392921056806,
      "edge": 0.04943721064814815,
      "noise": 0.05450735497288406,
      "entropy": 0.9117765501141548,
      "hf_energy": 5.0,
      "flatness": 0.6097567033179012,
      "luma_mean": 0.38330675173232875,
      "difficulty": 0.557270335100511
    },
    {
      "index": 5,
      "start_sec": 26.0,
      "end_sec": 29.966666666666665,
      "duration": 3.966666666666665,
      "frame_count": 119,
      "motion": 0.0410343061607359,
      "motion_p90": 0.0810729363350278,
      "motion_max": 0.23535836510530136,
      "texture": 3.0735782803669855,
      "edge": 0.029250337577160494,
      "noise": 0.023983236402273178,
      "entropy": 0.7415650635957718,
      "hf_energy": 5.0,
      "flatness": 0.8527611400462963,
      "luma_mean": 0.1937630378540305,
      "difficulty": 0.43066976960811415
    }
  ],
  "distributions": {
    "thresholds": {
      "high_complexity": 0.45,
      "low_complexity": 0.2
    },
    "metrics": {
      "motion_mean": {
        "mean": 0.045613738602436865,
        "max": 0.06409803448771484,
        "min": 0.006555612291212781,
        "p95": 0.06306355386483298,
        "variance": 0.00036819171382629264,
        "std": 0.019188322329643428
      },
      "motion_p90": {
        "mean": 0.09155109197228269,
        "max": 0.1444228992677317,
        "min": 0.010614105240861777,
        "p95": 0.13753293051016696,
        "variance": 0.0017295512578629436,
        "std": 0.04158787392814092
      },
      "motion_max": {
        "mean": 0.2666958741830065,
        "max": 0.45373160251755024,
        "min": 0.012181342290002421,
        "p95": 0.4239649562757202,
        "variance": 0.017912372367348158,
        "std": 0.13383711132323559
      },
      "texture": {
        "mean": 4.15364128492589,
        "max": 5.015392921056806,
        "min": 3.0735782803669855,
        "p95": 5.012710846104667,
        "variance": 0.649706016144565,
        "std": 0.8060434331626088
      },
      "edge_density": {
        "mean": 0.03110713252314815,
        "max": 0.05023702739197531,
        "min": 0.014809992283950617,
        "p95": 0.05003707320601852,
        "variance": 0.00020547479011660843,
        "std": 0.014334391864205764
      },
      "noise_level": {
        "mean": 0.04409039303815613,
        "max": 0.10102029459085315,
        "min": 0.002180294191930443,
        "p95": 0.08939205968636088,
        "variance": 0.0009716292317353457,
        "std": 0.03117096777027216
      },
      "high_freq_energy": {
        "mean": 4.989309621913581,
        "max": 5.0,
        "min": 4.94943700617284,
        "p95": 5.0,
        "variance": 0.00034255132402086506,
        "std": 0.018508142100731373
      },
      "flatness": {
        "mean": 0.7525667518647118,
        "max": 0.8547470582561727,
        "min": 0.6097567033179012,
        "p95": 0.8542505787037036,
        "variance": 0.010592030140596502,
        "std": 0.1029175890729884
      },
      "entropy": {
        "mean": 0.8391026916603247,
        "max": 0.9165676087141037,
        "min": 0.7152399569749832,
        "p95": 0.9153698440641165,
        "variance": 0.006473978276586253,
        "std": 0.08046103576630277
      },
      "difficulty": {
        "mean": 0.4770527462496957,
        "max": 0.557270335100511,
        "min": 0.3409345919390993,
        "p95": 0.5561362148137431,
        "variance": 0.0064856100480752835,
        "std": 0.08053328534261646
      }
    },
    "high_complexity_ratio": 0.4671857619577308,
    "low_complexity_ratio": 0.0,
    "high_complexity_segment_ratio": 0.5,
    "low_complexity_segment_ratio": 0.0,
    "scene_complexity_histogram": {
      "bins": [
        0.0,
        0.2,
        0.4,
        0.6,
        0.8,
        1.0
      ],
      "counts": [
        0,
        1,
        5,
        0,
        0
      ],
      "fractions": [
        0.0,
        0.16666666666666666,
        0.8333333333333334,
        0.0,
        0.0
      ]
    },
    "worst_segment_index": 4
  },
  "summary_raw": {
    "segment_count": 6.0,
    "cut_count": 5.0,
    "cut_rate": 0.16685205784204674,
    "hard_fraction": 0.4671857619577308,
    "worst_difficulty": 0.557270335100511,