{
  "video": "45.mp4",
  "path": "/root/terry/videos/45.mp4",
  "extracted_at": "2026-07-17T18:31:44Z",
  "elapsed_sec": 17.839,
  "meta": {
    "path": "/root/terry/videos/45.mp4",
    "width": 3840,
    "height": 2160,
    "fps": 30.0,
    "frame_count": 898,
    "duration": 29.933333333333334,
    "detail_scale": 0.25,
    "texture_compensation": 16.0,
    "scene_spans_provided": false
  },
  "cut_times_sec": [
    5.0,
    10.0,
    15.0,
    20.0,
    25.0
  ],
  "global": {
    "mean_motion": 0.046566595236179384,
    "mean_texture": 4.07449679814705,
    "mean_noise": 0.045588704481392156,
    "mean_edge": 0.030900110348957906,
    "mean_entropy": 0.8404891801570731,
    "mean_hf_energy": 4.998747540831477,
    "mean_flatness": 0.7670573002591493,
    "mean_luma": 0.39513899743216185,
    "mean_difficulty": 0.4782137247042122,
    "motion_p90": 0.16670414321592827,
    "motion_level": 0.5348152947086319,
    "texture_level": 0.49122893133882123,
    "noise_level_norm": 0.4871175932396453,
    "edge_level": 0.3941335058257176,
    "segment_count": 6,
    "cut_count": 5,
    "cut_rate": 0.16703786191536749,
    "hard_fraction": 0.5011135857461024,
    "worst_difficulty": 0.5588814548798724,
    "volatility": 0.5063775109367578,
    "duration": 29.933333333333334,
    "fps": 30.0,
    "width": 3840,
    "height": 2160,
    "n_segments": 6
  },
  "segments": [
    {
      "index": 0,
      "start_sec": 0.0,
      "end_sec": 5.0,
      "duration": 5.0,
      "frame_count": 150,
      "motion": 0.006560994613894941,
      "motion_p90": 0.011324611928104576,
      "motion_max": 0.011992019184216898,
      "texture": 4.204774577781469,
      "edge": 0.01468605324074074,
      "noise": 0.001453529461286962,
      "entropy": 0.8781322687864304,
      "hf_energy": 4.992501944444444,
      "flatness": 0.821361400462963,
      "luma_mean": 0.607201319860506,
      "difficulty": 0.33661939795557466
    },
    {
      "index": 1,
      "start_sec": 5.0,
      "end_sec": 10.0,
      "duration": 5.0,
      "frame_count": 150,
      "motion": 0.05474643700072621,
      "motion_p90": 0.11846596995279587,
      "motion_max": 0.3580204399661099,
      "texture": 4.907046821636985,
      "edge": 0.04972198109567901,
      "noise": 0.05741441249847412,
      "entropy": 0.9139377921819687,
      "hf_energy": 5.0,
      "flatness": 0.6207761863425926,
      "luma_mean": 0.37150065529684095,
      "difficulty": 0.5588814548798724
    },
    {
      "index": 2,
      "start_sec": 10.0,
      "end_sec": 15.0,
      "duration": 5.0,
      "frame_count": 150,
      "motion": 0.044520931675139194,
      "motion_p90": 0.08861724310094404,
      "motion_max": 0.25684061062696684,
      "texture": 3.1546811442507545,
      "edge": 0.02849946952160494,
      "noise": 0.029797352850437164,
      "entropy": 0.7508431524038315,
      "hf_energy": 5.0,
      "flatness": 0.8534936824845678,
      "luma_mean": 0.20314372087569596,
      "difficulty": 0.4453392996218692
    },
    {
      "index": 3,
      "start_sec": 15.0,
      "end_sec": 20.0,
      "duration": 5.0,
      "frame_count": 150,
      "motion": 0.07334472396211572,
      "motion_p90": 0.16670414321592827,
      "motion_max": 0.5316121701767127,
      "texture": 4.100515045763437,
      "edge": 0.013852719907407407,
      "noise": 0.10974147269735113,
      "entropy": 0.86355060338974,
      "hf_energy": 5.0,
      "flatness": 0.8376444347993828,
      "luma_mean": 0.6176450447076979,
      "difficulty": 0.5469027279971233
    },
    {
      "index": 4,
      "start_sec": 20.0,
      "end_sec": 25.0,
      "duration": 5.0,
      "frame_count": 150,
      "motion": 0.05605203038005326,
      "motion_p90": 0.11015291091745334,
      "motion_max": 0.31048984809973373,
      "texture": 4.969899829992763,
      "edge": 0.05060643325617284,
      "noise": 0.04942000226583332,
      "entropy": 0.9219788461923599,
      "hf_energy": 5.0,
      "flatness": 0.6162772472993827,
      "luma_mean": 0.38884646763798114,
      "difficulty": 0.5512977906978987
    },
    {
      "index": 5,
      "start_sec": 25.0,
      "end_sec": 29.933333333333334,
      "duration": 4.933333333333334,
      "frame_count": 148,
      "motion": 0.044142127549322195,
      "motion_p90": 0.08483674579399657,
      "motion_max": 0.2427224945533769,
      "texture": 3.0970304852854014,
      "edge": 0.027995273919753087,
      "noise": 0.0254367645829916,
      "entropy": 0.7127897590398788,
      "hf_energy": 5.0,
      "flatness": 0.8539494116512346,
      "luma_mean": 0.17962323268427743,
      "difficulty": 0.4302416770729348
    }
  ],
  "distributions": {
    "thresholds": {
      "high_complexity": 0.45,
      "low_complexity": 0.2
    },
    "metrics": {
      "motion_mean": {
        "mean": 0.04656120753020859,
        "max": 0.07334472396211572,
        "min": 0.006560994613894941,
        "p95": 0.0690215505666001,
        "variance": 0.0004140770265299222,
        "std": 0.020348882685049866
      },
      "motion_p90": {
        "mean": 0.09668360415153711,
        "max": 0.16670414321592827,
        "min": 0.011324611928104576,
        "p95": 0.15464459990014517,
        "variance": 0.0021750568937440504,
        "std": 0.046637505226416756
      },
      "motion_max": {
        "mean": 0.28527959710118617,
        "max": 0.5316121701767127,
        "min": 0.011992019184216898,
        "p95": 0.488214237624062,
        "variance": 0.023985417784464672,
        "std": 0.1548722627989424
      },
      "texture": {
        "mean": 4.072324650785135,
        "max": 4.969899829992763,
        "min": 3.0970304852854014,
        "p95": 4.954186577903819,
        "variance": 0.552334716785689,
        "std": 0.7431922475279792
      },
      "edge_density": {
        "mean": 0.030893655156893008,
        "max": 0.05060643325617284,
        "min": 0.013852719907407407,
        "p95": 0.050385320216049384,
        "variance": 0.0002183853417917094,
        "std": 0.014777866618416522
      },
      "noise_level": {
        "mean": 0.04554392239272905,
        "max": 0.10974147269735113,
        "min": 0.001453529461286962,
        "p95": 0.09665970764763188,
        "variance": 0.0011455788320054391,
        "std": 0.03384640057680342
      },
      "high_freq_energy": {
        "mean": 4.9987503240740745,
        "max": 5.0,
        "min": 4.992501944444444,
        "p95": 5.0,
        "variance": 7.808449599194438e-06,
        "std": 0.0027943603202154224
      },
      "flatness": {
        "mean": 0.7672503938400207,
        "max": 0.8539494116512346,
        "min": 0.6162772472993827,
        "p95": 0.8538354793595679,
        "variance": 0.011180921834062149,
        "std": 0.1057398781636434
      },
      "entropy": {
        "mean": 0.8402054036657015,
        "max": 0.9219788461923599,
        "min": 0.7127897590398788,
        "p95": 0.9199685826897621,
        "variance": 0.006387860818836535,
        "std": 0.07992409410707471
      },
      "difficulty": {
        "mean": 0.4782137247042122,
        "max": 0.5588814548798724,
        "min": 0.33661939795557466,
        "p95": 0.556985538834379,
        "variance": 0.006666290185511375,
        "std": 0.08164735259340242
      }
    },
    "high_complexity_ratio": 0.5011135857461024,
    "low_complexity_ratio": 0.0,
    "high_complexity_segment_ratio": 0.5,
    "low_complexity_segment_ratio": 0.0,
    "scene_complexity_histogram": {
      "bins": [
        0.0,
        0.2,
        0.4,
        0.6,
        0.8,
        1.0
      ],
      "counts": [
        0,
        1,
        5,
        0,
        0
      ],
      "fractions": [
        0.0,
        0.16666666666666666,
        0.8333333333333334,
        0.0,
        0.0
      ]
    },
    "worst_segment_index": 1
  },
  "summary_raw": {
    "segment_count": 6.0,
    "cut_count": 5.0,
    "cut_rate": 0.16703786191536749,
    "hard_fraction": 0.5011135857461024,
    "worst_difficulty": 0.5588814548798724,