{
  "video": "4545e297-2666-432b-b101-76ab8da379e4.mp4",
  "path": "/root/workspace/raw videos/4545e297-2666-432b-b101-76ab8da379e4.mp4",
  "extracted_at": "2026-07-21T16:56:45Z",
  "elapsed_sec": 179.941,
  "meta": {
    "path": "../raw videos/4545e297-2666-432b-b101-76ab8da379e4.mp4",
    "width": 3840,
    "height": 2160,
    "fps": 30.0,
    "frame_count": 898,
    "duration": 29.933333333333334,
    "detail_scale": 0.25,
    "texture_compensation": 16.0,
    "scene_spans_provided": true,
    "scene_detect": {
      "detector": "content",
      "ok": true,
      "error": "",
      "detect_sec": 72.772,
      "n_scenes": 10
    },
    "samples_per_segment": 16,
    "si_ti_agg": "mean"
  },
  "cut_times_sec": [
    3.0,
    3.733333,
    4.8,
    10.0,
    10.633333,
    13.0,
    19.966667,
    21.2,
    22.766667
  ],
  "global": {
    "mean_motion": 0.07807981373739893,
    "mean_texture": 6.18340102728578,
    "mean_noise": 0.008990196773983633,
    "mean_edge": 0.1991346908256488,
    "mean_entropy": 0.8811208775331206,
    "mean_hf_energy": 5.0,
    "mean_flatness": 0.3040210995008259,
    "mean_luma": 0.27250536987177076,
    "mean_difficulty": 0.5355586692359138,
    "motion_p90": 0.1203139584846284,
    "motion_level": 0.4534776804500434,
    "texture_level": 0.5943634212569631,
    "noise_level_norm": 0.15774988125830988,
    "edge_level": 0.807407466317953,
    "segment_count": 10,
    "cut_count": 9,
    "cut_rate": 0.30066815144766146,
    "hard_fraction": 1.0,
    "worst_difficulty": 0.5880338254559253,
    "volatility": 0.38556592382838994,
    "duration": 29.933333333333334,
    "fps": 30.0,
    "width": 3840,
    "height": 2160,
    "n_segments": 10
  },
  "segments": [
    {
      "index": 0,
      "start_sec": 0.0,
      "end_sec": 3.0,
      "duration": 3.0,
      "frame_count": 90,
      "motion": 0.08132999113032559,
      "motion_p90": 0.0911495362805616,
      "motion_max": 0.09293812030985234,
      "texture": 6.346809792786901,
      "edge": 0.22177408854166666,
      "noise": 0.0,
      "entropy": 0.8842214643955231,
      "hf_energy": 5.0,
      "flatness": 0.21551589023919754,
      "si": 96.48187599407154,
      "ti": 29.962646826266997,
      "luma_mean": 0.2983069521983176,
      "sat_mean": 0.4778498538111232,
      "difficulty": 0.5208902910220496
    },
    {
      "index": 1,
      "start_sec": 3.0,
      "end_sec": 3.7333333333333334,
      "duration": 0.7333333333333334,
      "frame_count": 22,
      "motion": 0.0989633705141007,
      "motion_p90": 0.1203139584846284,
      "motion_max": 0.20052009955216654,
      "texture": 6.259972035193609,
      "edge": 0.18612606095679013,
      "noise": 0.03197764605283737,
      "entropy": 0.8738502934575081,
      "hf_energy": 5.0,
      "flatness": 0.3114366319444445,
      "si": 123.65215686279257,
      "ti": 34.458358249330594,
      "luma_mean": 0.21860849748850156,
      "sat_mean": 0.5577229219619946,
      "difficulty": 0.5880338254559253
    },
    {
      "index": 2,
      "start_sec": 3.7333333333333334,
      "end_sec": 4.8,
      "duration": 1.0666666666666664,
      "frame_count": 32,
      "motion": 0.0817850656620673,
      "motion_p90": 0.08418560805495037,
      "motion_max": 0.0842824149721617,
      "texture": 6.337551554882486,
      "edge": 0.18580092592592592,
      "noise": 0.0,
      "entropy": 0.8373330950736999,
      "hf_energy": 5.0,
      "flatness": 0.30612461419753084,
      "si": 123.47970829381961,
      "ti": 34.160925372704085,
      "luma_mean": 0.19899414714960056,
      "sat_mean": 0.5306790479000242,
      "difficulty": 0.5018722899787808
    },
    {
      "index": 3,
      "start_sec": 4.8,
      "end_sec": 10.0,
      "duration": 5.2,
      "frame_count": 156,
      "motion": 0.08319806890734688,
      "motion_p90": 0.08720296992253693,
      "motion_max": 0.08757060185185185,
      "texture": 6.318125260059814,
      "edge": 0.19229865933641976,
      "noise": 0.0,
      "entropy": 0.8668633066117764,
      "hf_energy": 5.0,
      "flatness": 0.2887830343364197,
      "si": 123.27038422624241,
      "ti": 39.1364585143189,
      "luma_mean": 0.2139202277747519,
      "sat_mean": 0.571336517149298,
      "difficulty": 0.5096285422201767
    },
    {
      "index": 4,
      "start_sec": 10.0,
      "end_sec": 10.633333333333333,
      "duration": 0.6333333333333329,
      "frame_count": 19,
      "motion": 0.0798298762406197,
      "motion_p90": 0.11767729363350284,
      "motion_max": 0.20488245884773662,
      "texture": 5.976906816872343,
      "edge": 0.17604166666666668,
      "noise": 0.03322352894714901,
      "entropy": 0.8212749702589852,
      "hf_energy": 5.0,
      "flatness": 0.35054315476190473,
      "si": 97.40651574454829,
      "ti": 26.671568920107536,
      "luma_mean": 0.16129769901787874,
      "sat_mean": 0.5000354052114673,
      "difficulty": 0.5750488088087948
    },
    {
      "index": 5,
      "start_sec": 10.633333333333333,
      "end_sec": 13.0,
      "duration": 2.366666666666667,
      "frame_count": 71,
      "motion": 0.08444913884728274,
      "motion_p90": 0.0898216684822077,
      "motion_max": 0.09074794995158557,
      "texture": 6.2342766546468065,
      "edge": 0.21461769386574076,
      "noise": 0.0003633823653217405,
      "entropy": 0.8737450279295444,
      "hf_energy": 5.0,
      "flatness": 0.289219352816358,
      "si": 103.41526830081187,
      "ti": 30.98642303686051,
      "luma_mean": 0.21279382782240983,
      "sat_mean": 0.45579645515613654,
      "difficulty": 0.5145512673977145
    },
    {
      "index": 6,
      "start_sec": 13.0,
      "end_sec": 19.966666666666665,
      "duration": 6.966666666666665,
      "frame_count": 209,
      "motion": 0.08683316596314451,
      "motion_p90": 0.09000209165456305,
      "motion_max": 0.22872384107964172,
      "texture": 6.324458786106653,
      "edge": 0.22412471064814815,
      "noise": 0.028343824669718742,
      "entropy": 0.8822128139436245,
      "hf_energy": 5.0,
      "flatness": 0.2164430217978395,
      "si": 97.92192993987368,
      "ti": 32.65341536671371,
      "luma_mean": 0.2937476327047023,
      "sat_mean": 0.49785458178255865,
      "difficulty": 0.5754662887753986
    },
    {
      "index": 7,
      "start_sec": 19.966666666666665,
      "end_sec": 21.2,
      "duration": 1.2333333333333343,
      "frame_count": 37,
      "motion": 0.09745253620995721,
      "motion_p90": 0.09024489606027596,
      "motion_max": 0.19593272664003872,
      "texture": 6.468320196259145,
      "edge": 0.1919114904835391,
      "noise": 0.021318430701891582,
      "entropy": 0.8731756259997686,
      "hf_energy": 5.0,
      "flatness": 0.28252652391975314,
      "si": 119.0216371226154,
      "ti": 33.71657219054479,
      "luma_mean": 0.2237798706931332,
      "sat_mean": 0.5548453152737434,
      "difficulty": 0.5601318351124661
    },
    {
      "index": 8,
      "start_sec": 21.2,
      "end_sec": 22.766666666666666,
      "duration": 1.5666666666666664,
      "frame_count": 47,
      "motion": 0.07895337841926894,
      "motion_p90": 0.08468413368433794,
      "motion_max": 0.08594284828128783,
      "texture": 6.334262740568194,
      "edge": 0.19180025077160495,
      "noise": 0.0,
      "entropy": 0.8873402774333954,
      "hf_energy": 5.0,
      "flatness": 0.2892849392361111,
      "si": 121.87038926387582,
      "ti": 32.67385709379401,
      "luma_mean": 0.22855171218757564,
      "sat_mean": 0.5717883556682704,
      "difficulty": 0.5110441729757517
    },
    {
      "index": 9,
      "start_sec": 22.766666666666666,
      "end_sec": 29.933333333333334,
      "duration": 7.166666666666668,
      "frame_count": 215,
      "motion": 0.05602519866935972,
      "motion_p90": 0.0836271332607117,
      "motion_max": 0.08948695079883806,
      "texture": 5.768780054357663,
      "edge": 0.17341507523148147,
      "noise": 0.0,
      "entropy": 0.9040999263525009,
      "hf_energy": 5.0,