{
  "video": "45515565-8e49-4a14-ab0e-7e899e2078c0.mp4",
  "path": "/root/workspace/raw videos/45515565-8e49-4a14-ab0e-7e899e2078c0.mp4",
  "extracted_at": "2026-07-21T16:56:20Z",
  "elapsed_sec": 151.28,
  "meta": {
    "path": "../raw videos/45515565-8e49-4a14-ab0e-7e899e2078c0.mp4",
    "width": 3840,
    "height": 2160,
    "fps": 30.0,
    "frame_count": 898,
    "duration": 29.933333333333334,
    "detail_scale": 0.25,
    "texture_compensation": 16.0,
    "scene_spans_provided": true,
    "scene_detect": {
      "detector": "content",
      "ok": true,
      "error": "",
      "detect_sec": 39.784,
      "n_scenes": 8
    },
    "samples_per_segment": 16,
    "si_ti_agg": "mean"
  },
  "cut_times_sec": [
    6.0,
    7.566667,
    8.466667,
    9.666667,
    16.0,
    19.966667,
    25.966667
  ],
  "global": {
    "mean_motion": 0.0642811652924423,
    "mean_texture": 6.006844198323651,
    "mean_noise": 0.011698241054157175,
    "mean_edge": 0.18494276372799467,
    "mean_entropy": 0.8894712911889721,
    "mean_hf_energy": 5.000000000000001,
    "mean_flatness": 0.3347929014332692,
    "mean_luma": 0.3066930458852219,
    "mean_difficulty": 0.5207316762331333,
    "motion_p90": 0.0915274751876059,
    "motion_level": 0.38696339659910245,
    "texture_level": 0.5873604879311911,
    "noise_level_norm": 0.19595620989142276,
    "edge_level": 0.7956486180159833,
    "segment_count": 8,
    "cut_count": 7,
    "cut_rate": 0.23385300668151449,
    "hard_fraction": 1.0,
    "worst_difficulty": 0.5699118879860643,
    "volatility": 0.5136826091631408,
    "duration": 29.933333333333334,
    "fps": 30.0,
    "width": 3840,
    "height": 2160,
    "n_segments": 8
  },
  "segments": [
    {
      "index": 0,
      "start_sec": 0.0,
      "end_sec": 6.0,
      "duration": 6.0,
      "frame_count": 180,
      "motion": 0.0680204390205156,
      "motion_p90": 0.0915274751876059,
      "motion_max": 0.09296845497458242,
      "texture": 6.178946283868791,
      "edge": 0.2243629436728395,
      "noise": 0.0,
      "entropy": 0.887181106954813,
      "hf_energy": 5.0,
      "flatness": 0.21440863715277778,
      "si": 97.66712812617152,
      "ti": 31.247432715247093,
      "luma_mean": 0.29870930256747763,
      "sat_mean": 0.4939066934837207,
      "difficulty": 0.520513524815976
    },
    {
      "index": 1,
      "start_sec": 6.0,
      "end_sec": 7.566666666666666,
      "duration": 1.5666666666666664,
      "frame_count": 47,
      "motion": 0.07755462036280561,
      "motion_p90": 0.0835110067175018,
      "motion_max": 0.1939365468409586,
      "texture": 6.349213511457752,
      "edge": 0.1894701244212963,
      "noise": 0.014171912334859371,
      "entropy": 0.8900080509483814,
      "hf_energy": 5.0,
      "flatness": 0.2817557629243827,
      "si": 111.17510049983534,
      "ti": 28.96995316494624,
      "luma_mean": 0.23284398923535465,
      "sat_mean": 0.5837261601496309,
      "difficulty": 0.5451205716276113
    },
    {
      "index": 2,
      "start_sec": 7.566666666666666,
      "end_sec": 8.466666666666667,
      "duration": 0.9000000000000004,
      "frame_count": 27,
      "motion": 0.0869950677801985,
      "motion_p90": 0.08890571290244492,
      "motion_max": 0.08903576615831517,
      "texture": 6.414132557218105,
      "edge": 0.19298096707818932,
      "noise": 0.0,
      "entropy": 0.8922823667526245,
      "hf_energy": 5.0,
      "flatness": 0.2761196844993141,
      "si": 113.13362511132769,
      "ti": 32.273448207230246,
      "luma_mean": 0.2352874430121843,
      "sat_mean": 0.583262588591678,
      "difficulty": 0.5159902868074043
    },
    {
      "index": 3,
      "start_sec": 8.466666666666667,
      "end_sec": 9.666666666666666,
      "duration": 1.1999999999999993,
      "frame_count": 36,
      "motion": 0.07815254011841362,
      "motion_p90": 0.08167281681190997,
      "motion_max": 0.08930647845557976,
      "texture": 6.412232252462766,
      "edge": 0.19370016718106997,
      "noise": 0.0,
      "entropy": 0.8839683383703232,
      "hf_energy": 5.0,
      "flatness": 0.2777248906893004,
      "si": 115.53192649367544,
      "ti": 31.127431709828876,
      "luma_mean": 0.23085528498951022,
      "sat_mean": 0.5638610468106996,
      "difficulty": 0.5097624771595697
    },
    {
      "index": 4,
      "start_sec": 9.666666666666666,
      "end_sec": 16.0,
      "duration": 6.333333333333334,
      "frame_count": 190,
      "motion": 0.033425053142398936,
      "motion_p90": 0.04122213522754781,
      "motion_max": 0.0892467244613895,
      "texture": 5.405240893726788,
      "edge": 0.1439334972993827,
      "noise": 0.0,
      "entropy": 0.9029523395001888,
      "hf_energy": 5.0,
      "flatness": 0.5005842496141976,
      "si": 99.57541340893448,
      "ti": 30.273486873591814,
      "luma_mean": 0.37879598755976157,
      "sat_mean": 0.42573007301879084,
      "difficulty": 0.4533047815871181
    },
    {
      "index": 5,
      "start_sec": 16.0,
      "end_sec": 19.966666666666665,
      "duration": 3.966666666666665,
      "frame_count": 119,
      "motion": 0.09151006774237473,
      "motion_p90": 0.08633044359719197,
      "motion_max": 0.2484525916848221,
      "texture": 6.413538696254829,
      "edge": 0.2288940731095679,
      "noise": 0.023983236402273178,
      "entropy": 0.8927489891648293,
      "hf_energy": 5.0,
      "flatness": 0.21535722897376547,
      "si": 98.12100734232112,
      "ti": 30.594603000721627,
      "luma_mean": 0.30354763951298114,
      "sat_mean": 0.49739441777868554,
      "difficulty": 0.5699118879860643
    },
    {
      "index": 6,
      "start_sec": 19.966666666666665,
      "end_sec": 25.966666666666665,
      "duration": 6.0,
      "frame_count": 180,
      "motion": 0.07749031947848584,
      "motion_p90": 0.07774035493827161,
      "motion_max": 0.19026874546114741,
      "texture": 6.460946879595918,
      "edge": 0.19121865354938272,
      "noise": 0.015262058936059475,
      "entropy": 0.8676344119012356,
      "hf_energy": 5.0,
      "flatness": 0.27800672743055554,
      "si": 106.81245859343713,
      "ti": 34.12298888886189,
      "luma_mean": 0.22281414438846525,
      "sat_mean": 0.5582968532513315,
      "difficulty": 0.5408199274336087
    },
    {
      "index": 7,
      "start_sec": 25.966666666666665,
      "end_sec": 29.933333333333334,
      "duration": 3.9666666666666686,
      "frame_count": 119,
      "motion": 0.04608963288247398,
      "motion_p90": 0.038306920993706126,
      "motion_max": 0.2967620203945776,
      "texture": 5.263222444004313,
      "edge": 0.13108711902006176,
      "noise": 0.03561146929860115,
      "entropy": 0.9019789025187492,
      "hf_energy": 5.0,
      "flatness": 0.5090327208719136,
      "si": 98.35854997687187,
      "ti": 27.06858250498761,
      "luma_mean": 0.40197906974325226,
      "sat_mean": 0.39651861733312155,
      "difficulty": 0.5104299524477139
    }
  ],
  "distributions": {
    "thresholds": {
      "high_complexity": 0.45,
      "low_complexity": 0.2
    },
    "metrics": {
      "motion_mean": {
        "mean": 0.06990471756595834,
        "max": 0.09151006774237473,
        "min": 0.033425053142398936,
        "p95": 0.08992981775561305,
        "variance": 0.0003555543566622687,
        "std": 0.018856149041155477
      },
      "motion_p90": {
        "mean": 0.07365210829702251,
        "max": 0.0915274751876059,
        "min": 0.038306920993706126,
        "p95": 0.09060985838779956,
        "variance": 0.00039902127543177824,
        "std": 0.01997551690024011
      },
      "motion_max": {
        "mean": 0.16124716605392156,
        "max": 0.2967620203945776,
        "min": 0.08903576615831517,
        "p95": 0.2798537203461631,
        "variance": 0.006014488059643307,
        "std": 0.07755313055991554
      },
      "texture": {
        "mean": 6.112184189823658,
        "max": 6.460946879595918,
        "min": 5.263222444004313,
        "p95": 6.444561866763683,