{
  "video": "46.mp4",
  "path": "/root/terry/videos/46.mp4",
  "extracted_at": "2026-07-17T18:32:01Z",
  "elapsed_sec": 17.456,
  "meta": {
    "path": "/root/terry/videos/46.mp4",
    "width": 3840,
    "height": 2160,
    "fps": 30.0,
    "frame_count": 898,
    "duration": 29.933333333333334,
    "detail_scale": 0.25,
    "texture_compensation": 16.0,
    "scene_spans_provided": false
  },
  "cut_times_sec": [
    5.0,
    10.0,
    15.0,
    20.0,
    25.0
  ],
  "global": {
    "mean_motion": 0.046939506298357137,
    "mean_texture": 4.182070904053959,
    "mean_noise": 0.04703414082301072,
    "mean_edge": 0.0310745108944087,
    "mean_entropy": 0.8399046360616695,
    "mean_hf_energy": 4.991670269064999,
    "mean_flatness": 0.7515263476664537,
    "mean_luma": 0.3828989453030862,
    "mean_difficulty": 0.48248678730267275,
    "motion_p90": 0.14614189587872178,
    "motion_level": 0.5019610641664528,
    "texture_level": 0.49774287218120594,
    "noise_level_norm": 0.4949183568735152,
    "edge_level": 0.39547826057953783,
    "segment_count": 6,
    "cut_count": 5,
    "cut_rate": 0.16703786191536749,
    "hard_fraction": 0.6681514476614699,
    "worst_difficulty": 0.5572211902493047,
    "volatility": 0.50268041112043,
    "duration": 29.933333333333334,
    "fps": 30.0,
    "width": 3840,
    "height": 2160,
    "n_segments": 6
  },
  "segments": [
    {
      "index": 0,
      "start_sec": 0.0,
      "end_sec": 5.0,
      "duration": 5.0,
      "frame_count": 150,
      "motion": 0.00561339188453159,
      "motion_p90": 0.010456995884773663,
      "motion_max": 0.012184247155652384,
      "texture": 4.442806907103693,
      "edge": 0.015480082947530864,
      "noise": 0.001453529461286962,
      "entropy": 0.8660334572196007,
      "hf_energy": 5.0,
      "flatness": 0.7805721932870371,
      "luma_mean": 0.5594743621020939,
      "difficulty": 0.33930309903738337
    },
    {
      "index": 1,
      "start_sec": 5.0,
      "end_sec": 10.0,
      "duration": 5.0,
      "frame_count": 150,
      "motion": 0.05695952572772936,
      "motion_p90": 0.10977130839990314,
      "motion_max": 0.30946843228031956,
      "texture": 5.012122231127531,
      "edge": 0.05043402777777778,
      "noise": 0.05668764974689111,
      "entropy": 0.9155586138367653,
      "hf_energy": 5.0,
      "flatness": 0.6128896604938272,
      "luma_mean": 0.3815773921644275,
      "difficulty": 0.555756898281265
    },
    {
      "index": 2,
      "start_sec": 10.0,
      "end_sec": 15.0,
      "duration": 5.0,
      "frame_count": 150,
      "motion": 0.04812059731299928,
      "motion_p90": 0.09725652687000721,
      "motion_max": 0.2856382231905108,
      "texture": 3.154011251728818,
      "edge": 0.028497781635802466,
      "noise": 0.036338236182928085,
      "entropy": 0.750840999186039,
      "hf_energy": 5.0,
      "flatness": 0.8534876543209876,
      "luma_mean": 0.2031435204097071,
      "difficulty": 0.4580386677932319
    },
    {
      "index": 3,
      "start_sec": 15.0,
      "end_sec": 20.0,
      "duration": 5.0,
      "frame_count": 150,
      "motion": 0.06462246769849915,
      "motion_p90": 0.14614189587872178,
      "motion_max": 0.4592052620430888,
      "texture": 4.340101130658734,
      "edge": 0.014807339891975309,
      "noise": 0.10320058779325336,
      "entropy": 0.8786586970090866,
      "hf_energy": 4.950132677469121,
      "flatness": 0.7996952160493827,
      "luma_mean": 0.5831720924866861,
      "difficulty": 0.5446529450411249
    },
    {
      "index": 4,
      "start_sec": 20.0,
      "end_sec": 25.0,
      "duration": 5.0,
      "frame_count": 150,
      "motion": 0.06008845372639796,
      "motion_p90": 0.11707394547325096,
      "motion_max": 0.3346629977608327,
      "texture": 5.031886212836,
      "edge": 0.049191502700617284,
      "noise": 0.05378059024224058,
      "entropy": 0.9138514250516891,
      "hf_energy": 5.0,
      "flatness": 0.6099295910493827,
      "luma_mean": 0.3876927291364076,
      "difficulty": 0.5572211902493047
    },
    {
      "index": 5,
      "start_sec": 25.0,
      "end_sec": 29.933333333333334,
      "duration": 4.933333333333334,
      "frame_count": 148,
      "motion": 0.046223048671629144,
      "motion_p90": 0.08983095648753324,
      "motion_max": 0.2593698635318325,
      "texture": 3.0970304852854014,
      "edge": 0.027995273919753087,
      "noise": 0.03052411787211895,
      "entropy": 0.7127897590398788,
      "hf_energy": 5.0,
      "flatness": 0.8539494116512346,
      "luma_mean": 0.17962323268427743,
      "difficulty": 0.4399479234137259
    }
  ],
  "distributions": {
    "thresholds": {
      "high_complexity": 0.45,
      "low_complexity": 0.2
    },
    "metrics": {
      "motion_mean": {
        "mean": 0.046937914170297745,
        "max": 0.06462246769849915,
        "min": 0.00561339188453159,
        "p95": 0.06348896420547386,
        "variance": 0.00038262312276007084,
        "std": 0.019560754657222987
      },
      "motion_p90": {
        "mean": 0.09508860483236499,
        "max": 0.14614189587872178,
        "min": 0.010456995884773663,
        "p95": 0.13887490827735408,
        "variance": 0.0017500379164915386,
        "std": 0.04183345451300357
      },
      "motion_max": {
        "mean": 0.2767548376603728,
        "max": 0.4592052620430888,
        "min": 0.012184247155652384,
        "p95": 0.42806969597252476,
        "variance": 0.01801507347675924,
        "std": 0.1342202424254972
      },
      "texture": {
        "mean": 4.179659703123363,
        "max": 5.031886212836,
        "min": 3.0970304852854014,
        "p95": 5.0269452174088824,
        "variance": 0.6230520926974652,
        "std": 0.7893364888927061
      },
      "edge_density": {
        "mean": 0.03106766814557613,
        "max": 0.05043402777777778,
        "min": 0.014807339891975309,
        "p95": 0.050123396508487655,
        "variance": 0.00020449071242590496,
        "std": 0.01430002490997498
      },
      "noise_level": {
        "mean": 0.046997451883119844,
        "max": 0.10320058779325336,
        "min": 0.001453529461286962,
        "p95": 0.0915723532816628,
        "variance": 0.0009596569781863497,
        "std": 0.03097833078437813
      },
      "high_freq_energy": {
        "mean": 4.991688779578187,
        "max": 5.0,
        "min": 4.950132677469121,
        "p95": 5.0,
        "variance": 0.0003453819244998242,
        "std": 0.0185844538391588
      },
      "flatness": {
        "mean": 0.7517539544753088,
        "max": 0.8539494116512346,
        "min": 0.6099295910493827,
        "p95": 0.8538339723186729,
        "variance": 0.01055332580089254,
        "std": 0.10272938139058631
      },
      "entropy": {
        "mean": 0.8396221585571766,
        "max": 0.9155586138367653,
        "min": 0.7127897590398788,
        "p95": 0.9151318166404963,
        "variance": 0.006244381517114053,
        "std": 0.07902139910881137
      },
      "difficulty": {
        "mean": 0.48248678730267275,
        "max": 0.5572211902493047,
        "min": 0.33930309903738337,
        "p95": 0.5568551172572948,
        "variance": 0.006287867564721452,
        "std": 0.07929607534248749
      }
    },
    "high_complexity_ratio": 0.6681514476614699,
    "low_complexity_ratio": 0.0,
    "high_complexity_segment_ratio": 0.6666666666666666,
    "low_complexity_segment_ratio": 0.0,
    "scene_complexity_histogram": {
      "bins": [
        0.0,
        0.2,
        0.4,
        0.6,
        0.8,
        1.0
      ],
      "counts": [
        0,
        1,
        5,
        0,
        0
      ],
      "fractions": [
        0.0,
        0.16666666666666666,
        0.8333333333333334,
        0.0,
        0.0
      ]
    },
    "worst_segment_index": 4
  },
  "summary_raw": {
    "segment_count": 6.0,
    "cut_count": 5.0,
    "cut_rate": 0.16703786191536749,
    "hard_fraction": 0.6681514476614699,
    "worst_difficulty": 0.5572211902493047,