{
  "video": "46b7acff-4c1e-476c-ac4f-166abafbb5d7.mp4",
  "path": "/root/workspace/raw videos/46b7acff-4c1e-476c-ac4f-166abafbb5d7.mp4",
  "extracted_at": "2026-07-21T16:56:27Z",
  "elapsed_sec": 146.591,
  "meta": {
    "path": "../raw videos/46b7acff-4c1e-476c-ac4f-166abafbb5d7.mp4",
    "width": 3840,
    "height": 2160,
    "fps": 30.0,
    "frame_count": 898,
    "duration": 29.933333333333334,
    "detail_scale": 0.25,
    "texture_compensation": 16.0,
    "scene_spans_provided": true,
    "scene_detect": {
      "detector": "content",
      "ok": true,
      "error": "",
      "detect_sec": 41.39,
      "n_scenes": 6
    },
    "samples_per_segment": 16,
    "si_ti_agg": "mean"
  },
  "cut_times_sec": [
    5.0,
    10.0,
    15.0,
    19.966667,
    24.966667
  ],
  "global": {
    "mean_motion": 0.07150935459369621,
    "mean_texture": 4.693614329096242,
    "mean_noise": 0.05965621431042748,
    "mean_edge": 0.08675091287072267,
    "mean_entropy": 0.9222941727881508,
    "mean_hf_energy": 3.9806003446070486,
    "mean_flatness": 0.49533890000004294,
    "mean_luma": 0.43728515121034045,
    "mean_difficulty": 0.4969274575154465,
    "motion_p90": 0.2675339808763011,
    "motion_level": 0.6485138031732749,
    "texture_level": 0.5265669071832202,
    "noise_level_norm": 0.5541362817979866,
    "edge_level": 0.6461849012100181,
    "segment_count": 6,
    "cut_count": 5,
    "cut_rate": 0.16703786191536749,
    "hard_fraction": 0.6670378619153675,
    "worst_difficulty": 0.5927793657837843,
    "volatility": 0.6986163067432019,
    "duration": 29.933333333333334,
    "fps": 30.0,
    "width": 3840,
    "height": 2160,
    "n_segments": 6
  },
  "segments": [
    {
      "index": 0,
      "start_sec": 0.0,
      "end_sec": 5.0,
      "duration": 5.0,
      "frame_count": 150,
      "motion": 0.020272660221496007,
      "motion_p90": 0.02529266521423384,
      "motion_max": 0.025751142277898813,
      "texture": 3.822652974212372,
      "edge": 0.01654272762345679,
      "noise": 0.006540882575791329,
      "entropy": 0.9059059768915176,
      "hf_energy": 2.1838669760804104,
      "flatness": 0.6222259596836419,
      "si": 38.56107690100005,
      "ti": 31.88994152215064,
      "luma_mean": 0.47618979543013196,
      "sat_mean": 0.34333987164503144,
      "difficulty": 0.36122695322582854
    },
    {
      "index": 1,
      "start_sec": 5.0,
      "end_sec": 10.0,
      "duration": 5.0,
      "frame_count": 150,
      "motion": 0.16270052225172477,
      "motion_p90": 0.23232478137860083,
      "motion_max": 0.2554971859114016,
      "texture": 3.410175792376241,
      "edge": 0.031425419560185186,
      "noise": 0.13699514674954116,
      "entropy": 0.8805141746997833,
      "hf_energy": 4.7732030692803225,
      "flatness": 0.705450424382716,
      "si": 66.51834267003424,
      "ti": 45.7814365849696,
      "luma_mean": 0.32103520116572865,
      "sat_mean": 0.4046816931054829,
      "difficulty": 0.5899064676309753
    },
    {
      "index": 2,
      "start_sec": 10.0,
      "end_sec": 15.0,
      "duration": 5.0,
      "frame_count": 150,
      "motion": 0.027102644259864438,
      "motion_p90": 0.01011377012224643,
      "motion_max": 0.3034094952795933,
      "texture": 6.906170247812968,
      "edge": 0.2162478298611111,
      "noise": 0.03016073629260063,
      "entropy": 0.9732013307511806,
      "hf_energy": 5.0,
      "flatness": 0.14480119116512347,
      "si": 133.7702464193829,
      "ti": 22.34815821998056,
      "luma_mean": 0.4734538441244553,
      "sat_mean": 0.2316062375181554,
      "difficulty": 0.519106078985403
    },
    {
      "index": 3,
      "start_sec": 15.0,
      "end_sec": 19.966666666666665,
      "duration": 4.966666666666665,
      "frame_count": 149,
      "motion": 0.037147561406893,
      "motion_p90": 0.029931943687969014,
      "motion_max": 0.25199142913338174,
      "texture": 3.6796265200107494,
      "edge": 0.013536482445987656,
      "noise": 0.0381551475438755,
      "entropy": 0.8907567523419857,
      "hf_energy": 2.10508360678638,
      "flatness": 0.6059690875771605,
      "si": 37.56067781921261,
      "ti": 27.32596190585224,
      "luma_mean": 0.4751182796614016,
      "sat_mean": 0.2702058194709211,
      "difficulty": 0.40752825385786934
    },
    {
      "index": 4,
      "start_sec": 19.966666666666665,
      "end_sec": 24.966666666666665,
      "duration": 5.0,
      "frame_count": 150,
      "motion": 0.1580367216813423,
      "motion_p90": 0.2675339808763011,
      "motion_max": 0.31004567598644395,
      "texture": 3.3963531850546493,
      "edge": 0.026823398919753084,
      "noise": 0.11991617712192237,
      "entropy": 0.9104997329413891,
      "hf_energy": 4.815740968278992,
      "flatness": 0.7486575279706791,
      "si": 61.107347260513464,
      "ti": 42.93366606497263,
      "luma_mean": 0.40491237603258895,
      "sat_mean": 0.35831732820442996,
      "difficulty": 0.5927793657837843
    },
    {
      "index": 5,
      "start_sec": 24.966666666666665,
      "end_sec": 29.933333333333334,
      "duration": 4.966666666666669,
      "frame_count": 149,
      "motion": 0.023245177941932944,
      "motion_p90": 0.008130227245219075,
      "motion_max": 0.26722067901234564,
      "texture": 6.955023396834827,
      "edge": 0.21630521797839508,
      "noise": 0.025800148025155067,
      "entropy": 0.9730149582028389,
      "hf_energy": 5.0,
      "flatness": 0.14331995081018517,
      "si": 133.5598192238999,
      "ti": 18.8727927584116,
      "luma_mean": 0.47349503090202133,
      "sat_mean": 0.2290168410342532,
      "difficulty": 0.5110176256088182
    }
  ],
  "distributions": {
    "thresholds": {
      "high_complexity": 0.45,
      "low_complexity": 0.2
    },
    "metrics": {
      "motion_mean": {
        "mean": 0.07141754796054224,
        "max": 0.16270052225172477,
        "min": 0.020272660221496007,
        "p95": 0.16153457210912914,
        "variance": 0.003985013682492654,
        "std": 0.06312696478124585
      },
      "motion_p90": {
        "mean": 0.0955545614207617,
        "max": 0.2675339808763011,
        "min": 0.008130227245219075,
        "p95": 0.25873168100187605,
        "variance": 0.012078203137329097,
        "std": 0.10990087869225203
      },
      "motion_max": {
        "mean": 0.23565260126684417,
        "max": 0.31004567598644395,
        "min": 0.025751142277898813,
        "p95": 0.3083866308097313,
        "variance": 0.009306876184415362,
        "std": 0.09647215237785131
      },
      "texture": {
        "mean": 4.695000352716968,
        "max": 6.955023396834827,
        "min": 3.3963531850546493,
        "p95": 6.942810109579362,
        "variance": 2.5210348417971784,
        "std": 1.5877766977119856
      },
      "edge_density": {
        "mean": 0.08681351273148148,
        "max": 0.21630521797839508,
        "min": 0.013536482445987656,
        "p95": 0.2162908709490741,
        "variance": 0.00841591753433713,
        "std": 0.09173831006911524
      },
      "noise_level": {
        "mean": 0.059594706384814344,
        "max": 0.13699514674954116,
        "min": 0.006540882575791329,
        "p95": 0.13272540434263647,
        "variance": 0.0024853836124513495,
        "std": 0.04985362185891161
      },
      "high_freq_energy": {
        "mean": 3.9796491034043506,
        "max": 5.0,
        "min": 2.10508360678638,
        "p95": 5.0,
        "variance": 1.6916397762601345,
        "std": 1.3006305302660455
      },
      "flatness": {
        "mean": 0.4950706902649176,
        "max": 0.7486575279706791,
        "min": 0.14331995081018517,
        "p95": 0.7378557520736884,
        "variance": 0.06390835642650466,
        "std": 0.25280102141111827
      },
      "entropy": {
        "mean": 0.9223154876381159,
        "max": 0.9732013307511806,
        "min": 0.8805141746997833,
        "p95": 0.9731547376140952,
        "variance": 0.0013853321639543704,
        "std": 0.03722005056356547
      },