{
  "video": "46e8ed3f-38d8-4849-b56c-7cd050927903.mp4",
  "path": "/root/workspace/raw videos/46e8ed3f-38d8-4849-b56c-7cd050927903.mp4",
  "extracted_at": "2026-07-21T16:58:11Z",
  "elapsed_sec": 184.067,
  "meta": {
    "path": "../raw videos/46e8ed3f-38d8-4849-b56c-7cd050927903.mp4",
    "width": 3840,
    "height": 2160,
    "fps": 30.0,
    "frame_count": 898,
    "duration": 29.933333333333334,
    "detail_scale": 0.25,
    "texture_compensation": 16.0,
    "scene_spans_provided": true,
    "scene_detect": {
      "detector": "content",
      "ok": true,
      "error": "",
      "detect_sec": 65.931,
      "n_scenes": 8
    },
    "samples_per_segment": 16,
    "si_ti_agg": "mean"
  },
  "cut_times_sec": [
    7.0,
    9.966667,
    16.966667,
    19.933333,
    22.6,
    23.166667,
    26.933333
  ],
  "global": {
    "mean_motion": 0.04764387600580906,
    "mean_texture": 4.824543184805201,
    "mean_noise": 0.018270686921244332,
    "mean_edge": 0.09107761076676738,
    "mean_entropy": 0.8431360912097876,
    "mean_hf_energy": 4.98399415325807,
    "mean_flatness": 0.5113421881641272,
    "mean_luma": 0.2632027974993506,
    "mean_difficulty": 0.459777649775855,
    "motion_p90": 0.07697924987896393,
    "motion_level": 0.34678579155906475,
    "texture_level": 0.5334203271769895,
    "noise_level_norm": 0.2756978653768461,
    "edge_level": 0.6572317870312778,
    "segment_count": 8,
    "cut_count": 7,
    "cut_rate": 0.23385300668151449,
    "hard_fraction": 0.44097995545657026,
    "worst_difficulty": 0.5595200549000409,
    "volatility": 0.5405624292715746,
    "duration": 29.933333333333334,
    "fps": 30.0,
    "width": 3840,
    "height": 2160,
    "n_segments": 8
  },
  "segments": [
    {
      "index": 0,
      "start_sec": 0.0,
      "end_sec": 7.0,
      "duration": 7.0,
      "frame_count": 210,
      "motion": 0.06157710612215566,
      "motion_p90": 0.07697924987896393,
      "motion_max": 0.0867422612563544,
      "texture": 5.69722203801587,
      "edge": 0.17367054880401234,
      "noise": 0.015988823783118278,
      "entropy": 0.9329597130417824,
      "hf_energy": 5.0,
      "flatness": 0.2018797019675926,
      "si": 107.76615060109619,
      "ti": 38.29315464965866,
      "luma_mean": 0.37697448739333694,
      "sat_mean": 0.39500550099476517,
      "difficulty": 0.5474957043063445
    },
    {
      "index": 1,
      "start_sec": 7.0,
      "end_sec": 9.966666666666667,
      "duration": 2.966666666666667,
      "frame_count": 89,
      "motion": 0.02973556172083031,
      "motion_p90": 0.017823745007262165,
      "motion_max": 0.31146040607601067,
      "texture": 3.7549617243952635,
      "edge": 0.013501036844135804,
      "noise": 0.027980442711850628,
      "entropy": 0.6733820252120495,
      "hf_energy": 4.838502804783675,
      "flatness": 0.8474213927469136,
      "si": 54.582789310441065,
      "ti": 12.65222572227081,
      "luma_mean": 0.13527545539820868,
      "sat_mean": 0.8080801906507202,
      "difficulty": 0.35677216997627115
    },
    {
      "index": 2,
      "start_sec": 9.966666666666667,
      "end_sec": 16.966666666666665,
      "duration": 6.999999999999998,
      "frame_count": 210,
      "motion": 0.030653328113652865,
      "motion_p90": 0.021687102850399417,
      "motion_max": 0.23792866436698137,
      "texture": 4.032963348278155,
      "edge": 0.026128351658950617,
      "noise": 0.013808529503876343,
      "entropy": 0.8550241999328136,
      "hf_energy": 5.0,
      "flatness": 0.6892302035108024,
      "si": 67.47635355130872,
      "ti": 29.959095230216395,
      "luma_mean": 0.26325192522996854,
      "sat_mean": 0.4495470518261317,
      "difficulty": 0.39310056991356795
    },
    {
      "index": 3,
      "start_sec": 16.966666666666665,
      "end_sec": 19.933333333333334,
      "duration": 2.9666666666666686,
      "frame_count": 89,
      "motion": 0.06812975586646695,
      "motion_p90": 0.06509500196683612,
      "motion_max": 0.24488919147906077,
      "texture": 5.780091297728916,
      "edge": 0.17498336226851852,
      "noise": 0.02943397019407712,
      "entropy": 0.9338481277227402,
      "hf_energy": 5.0,
      "flatness": 0.18669270833333335,
      "si": 104.80336081401693,
      "ti": 32.19512106075808,
      "luma_mean": 0.38739257434262286,
      "sat_mean": 0.4307744866368616,
      "difficulty": 0.5595200549000409
    },
    {
      "index": 4,
      "start_sec": 19.933333333333334,
      "end_sec": 22.6,
      "duration": 2.666666666666668,
      "frame_count": 80,
      "motion": 0.08700667069489834,
      "motion_p90": 0.07657570806100218,
      "motion_max": 0.3311733766037279,
      "texture": 5.6754538332606606,
      "edge": 0.13805772569444444,
      "noise": 0.03161426508449949,
      "entropy": 0.8053070791065693,
      "hf_energy": 5.0,
      "flatness": 0.44559594425154325,
      "si": 101.86691882809308,
      "ti": 34.49446705843045,
      "luma_mean": 0.1754845584452917,
      "sat_mean": 0.632985030296841,
      "difficulty": 0.5336390989127031
    },
    {
      "index": 5,
      "start_sec": 22.6,
      "end_sec": 23.166666666666668,
      "duration": 0.5666666666666664,
      "frame_count": 17,
      "motion": 0.05985743085814573,
      "motion_p90": 0.06375677801984991,
      "motion_max": 0.06493541969256839,
      "texture": 5.6242106008759345,
      "edge": 0.12527006172839505,
      "noise": 0.002907058922573924,
      "entropy": 0.7635750273863474,
      "hf_energy": 5.0,
      "flatness": 0.4798540380658436,
      "si": 97.07179323188204,
      "ti": 31.097046014590177,
      "luma_mean": 0.13183419823690792,
      "sat_mean": 0.6554696867687405,
      "difficulty": 0.4622834691573691
    },
    {
      "index": 6,
      "start_sec": 23.166666666666668,
      "end_sec": 26.933333333333334,
      "duration": 3.7666666666666657,
      "frame_count": 113,
      "motion": 0.03733239104862624,
      "motion_p90": 0.06112763253449528,
      "motion_max": 0.06304830852093925,
      "texture": 4.648099954754725,
      "edge": 0.0658101851851852,
      "noise": 0.0003633823653217405,
      "entropy": 0.7417951375246048,
      "hf_energy": 5.0,
      "flatness": 0.668645953896605,
      "si": 78.66650714737598,
      "ti": 32.4050236747693,
      "luma_mean": 0.13972275317341443,
      "sat_mean": 0.7532671086374365,
      "difficulty": 0.4160592343736021
    },
    {
      "index": 7,
      "start_sec": 26.933333333333334,
      "end_sec": 29.933333333333334,
      "duration": 3.0,
      "frame_count": 90,
      "motion": 0.027879178108357536,
      "motion_p90": 0.016605653140885985,
      "motion_max": 0.2558029078915517,
      "texture": 4.062199423347174,
      "edge": 0.027156153549382715,
      "noise": 0.02689029445173219,
      "entropy": 0.8598656915128231,
      "hf_energy": 5.0,
      "flatness": 0.6739318094135802,
      "si": 68.40658632288081,
      "ti": 20.852493314202786,
      "luma_mean": 0.25913881891491164,
      "sat_mean": 0.44182094273859235,
      "difficulty": 0.4093508966669409
    }
  ],
  "distributions": {
    "thresholds": {
      "high_complexity": 0.45,
      "low_complexity": 0.2
    },
    "metrics": {
      "motion_mean": {
        "mean": 0.050271427816641706,
        "max": 0.08700667069489834,
        "min": 0.027879178108357536,
        "p95": 0.08039975050494734,
        "variance": 0.0004204413647578611,
        "std": 0.020504666901899702
      },
      "motion_p90": {
        "mean": 0.04995635893246188,
        "max": 0.07697924987896393,
        "min": 0.016605653140885985,
        "p95": 0.07683801024267732,
        "variance": 0.0006158973888537901,
        "std": 0.024817280045439913
      },
      "motion_max": {
        "mean": 0.1994975669858993,
        "max": 0.3311733766037279,
        "min": 0.06304830852093925,
        "p95": 0.3242738369190269,
        "variance": 0.010752620875020704,
        "std": 0.10369484497804461
      },
      "texture": {
        "mean": 4.909400277582088,