{
  "video": "47.mp4",
  "path": "/root/terry/videos/47.mp4",
  "extracted_at": "2026-07-17T18:32:18Z",
  "elapsed_sec": 16.176,
  "meta": {
    "path": "/root/terry/videos/47.mp4",
    "width": 3840,
    "height": 2160,
    "fps": 30.0,
    "frame_count": 899,
    "duration": 29.966666666666665,
    "detail_scale": 0.25,
    "texture_compensation": 16.0,
    "scene_spans_provided": false
  },
  "cut_times_sec": [
    4.0,
    10.0,
    14.0,
    20.0,
    24.0
  ],
  "global": {
    "mean_motion": 0.04408618054613117,
    "mean_texture": 4.165869045980173,
    "mean_noise": 0.0448872196069557,
    "mean_edge": 0.031132018043024488,
    "mean_entropy": 0.8400666709156401,
    "mean_hf_energy": 4.99954639104492,
    "mean_flatness": 0.7500767342979682,
    "mean_luma": 0.37632245622430677,
    "mean_difficulty": 0.47503197383948564,
    "motion_p90": 0.1400733297022512,
    "motion_level": 0.4913589420958907,
    "texture_level": 0.4967724899039669,
    "noise_level_norm": 0.48324430203522206,
    "edge_level": 0.3959203746492964,
    "segment_count": 6,
    "cut_count": 5,
    "cut_rate": 0.16685205784204674,
    "hard_fraction": 0.5339265850945495,
    "worst_difficulty": 0.5494211292468494,
    "volatility": 0.4922438837113298,
    "duration": 29.966666666666665,
    "fps": 30.0,
    "width": 3840,
    "height": 2160,
    "n_segments": 6
  },
  "segments": [
    {
      "index": 0,
      "start_sec": 0.0,
      "end_sec": 4.0,
      "duration": 4.0,
      "frame_count": 120,
      "motion": 0.005664835996126846,
      "motion_p90": 0.009556934610263858,
      "motion_max": 0.011562386528685548,
      "texture": 4.498573570755904,
      "edge": 0.017199556327160494,
      "noise": 0.000726764730643481,
      "entropy": 0.8848010152578354,
      "hf_energy": 5.0,
      "flatness": 0.7629576581790123,
      "luma_mean": 0.5681933343167513,
      "difficulty": 0.3420970889829432
    },
    {
      "index": 1,
      "start_sec": 4.0,
      "end_sec": 10.0,
      "duration": 6.0,
      "frame_count": 180,
      "motion": 0.046492233834120066,
      "motion_p90": 0.09886684141249087,
      "motion_max": 0.2889574936456064,
      "texture": 4.913099506415454,
      "edge": 0.048766155478395065,
      "noise": 0.04651294060749933,
      "entropy": 0.915207676589489,
      "hf_energy": 5.0,
      "flatness": 0.6215822723765432,
      "luma_mean": 0.3737945961177681,
      "difficulty": 0.5396718563651398
    },
    {
      "index": 2,
      "start_sec": 10.0,
      "end_sec": 14.0,
      "duration": 4.0,
      "frame_count": 120,
      "motion": 0.044659434761558946,
      "motion_p90": 0.08869531968651655,
      "motion_max": 0.25792854333091264,
      "texture": 3.148994936607534,
      "edge": 0.028566261574074076,
      "noise": 0.031250882893800735,
      "entropy": 0.7584783732891083,
      "hf_energy": 5.0,
      "flatness": 0.8529540412808643,
      "luma_mean": 0.20716590735445412,
      "difficulty": 0.4482273885426183
    },
    {
      "index": 3,
      "start_sec": 14.0,
      "end_sec": 20.0,
      "duration": 6.0,
      "frame_count": 180,
      "motion": 0.06158675260227548,
      "motion_p90": 0.1400733297022512,
      "motion_max": 0.44089006899055916,
      "texture": 4.424933669717884,
      "edge": 0.015059799382716049,
      "noise": 0.09665970603236929,
      "entropy": 0.8662221506237984,
      "hf_energy": 4.997734475274349,
      "flatness": 0.7839151716820988,
      "luma_mean": 0.562220821797083,
      "difficulty": 0.5402872497308064
    },
    {
      "index": 4,
      "start_sec": 20.0,
      "end_sec": 24.0,
      "duration": 4.0,
      "frame_count": 120,
      "motion": 0.051714690563725484,
      "motion_p90": 0.10736621353788423,
      "motion_max": 0.3127527913943355,
      "texture": 4.945071429110136,
      "edge": 0.05015552662037037,
      "noise": 0.051600295468233526,
      "entropy": 0.9137906730175018,
      "hf_energy": 5.0,
      "flatness": 0.620780044367284,
      "luma_mean": 0.3699695963068869,
      "difficulty": 0.5494211292468494
    },
    {
      "index": 5,
      "start_sec": 24.0,
      "end_sec": 29.966666666666665,
      "duration": 5.966666666666665,
      "frame_count": 179,
      "motion": 0.04432728152989591,
      "motion_p90": 0.08538197394698616,
      "motion_max": 0.24505349794238682,
      "texture": 3.09024306287903,
      "edge": 0.027868441358024694,
      "noise": 0.0254367645829916,
      "entropy": 0.7134869322180748,
      "hf_energy": 5.0,
      "flatness": 0.8543376253858024,
      "luma_mean": 0.1809589517519971,
      "difficulty": 0.43048713016855644
    }
  ],
  "distributions": {
    "thresholds": {
      "high_complexity": 0.45,
      "low_complexity": 0.2
    },
    "metrics": {
      "motion_mean": {
        "mean": 0.042407538214617124,
        "max": 0.06158675260227548,
        "min": 0.005664835996126846,
        "p95": 0.059118737092637985,
        "variance": 0.00030498878440876625,
        "std": 0.017463928092178067
      },
      "motion_p90": {
        "mean": 0.08832343548273214,
        "max": 0.1400733297022512,
        "min": 0.009556934610263858,
        "p95": 0.13189655066115946,
        "variance": 0.0015607990849847847,
        "std": 0.039506949831450984
      },
      "motion_max": {
        "mean": 0.2595241303054144,
        "max": 0.44089006899055916,
        "min": 0.011562386528685548,
        "p95": 0.4088557495915032,
        "variance": 0.01638169807159232,
        "std": 0.1279910077762978
      },
      "texture": {
        "mean": 4.170152695914323,
        "max": 4.945071429110136,
        "min": 3.09024306287903,
        "p95": 4.937078448436466,
        "variance": 0.5890351011417486,
        "std": 0.7674862221185137
      },
      "edge_density": {
        "mean": 0.03126929012345679,
        "max": 0.05015552662037037,
        "min": 0.015059799382716049,
        "p95": 0.04980818383487655,
        "variance": 0.0001904012268505185,
        "std": 0.013798595104231391
      },
      "noise_level": {
        "mean": 0.04203122571925633,
        "max": 0.09665970603236929,
        "min": 0.000726764730643481,
        "p95": 0.08539485339133535,
        "variance": 0.0008655956924862755,
        "std": 0.029421007672856405
      },
      "high_freq_energy": {
        "mean": 4.999622412545725,
        "max": 5.0,
        "min": 4.997734475274349,
        "p95": 5.0,
        "variance": 7.128614281299371e-07,
        "std": 0.0008443112152103258
      },
      "flatness": {
        "mean": 0.7494211355452675,
        "max": 0.8543376253858024,
        "min": 0.620780044367284,
        "p95": 0.8539917293595678,
        "variance": 0.009331818943378672,
        "std": 0.09660134027734124
      },
      "entropy": {
        "mean": 0.8419978034993013,
        "max": 0.915207676589489,
        "min": 0.7134869322180748,
        "p95": 0.9148534256964922,
        "variance": 0.0060705624703480095,
        "std": 0.07791381437426877
      },
      "difficulty": {
        "mean": 0.47503197383948564,
        "max": 0.5494211292468494,
        "min": 0.3420970889829432,
        "p95": 0.5471376593678386,
        "variance": 0.0057241207315384054,
        "std": 0.07565791915945352
      }
    },
    "high_complexity_ratio": 0.5339265850945495,
    "low_complexity_ratio": 0.0,
    "high_complexity_segment_ratio": 0.5,
    "low_complexity_segment_ratio": 0.0,
    "scene_complexity_histogram": {
      "bins": [
        0.0,
        0.2,
        0.4,
        0.6,
        0.8,
        1.0
      ],
      "counts": [
        0,
        1,
        5,
        0,
        0
      ],
      "fractions": [
        0.0,
        0.16666666666666666,
        0.8333333333333334,
        0.0,
        0.0
      ]
    },
    "worst_segment_index": 4
  },
  "summary_raw": {
    "segment_count": 6.0,
    "cut_count": 5.0,
    "cut_rate": 0.16685205784204674,
    "hard_fraction": 0.5339265850945495,
    "worst_difficulty": 0.5494211292468494,