{
  "video": "48.mp4",
  "path": "/root/terry/videos/48.mp4",
  "extracted_at": "2026-07-17T18:32:34Z",
  "elapsed_sec": 16.856,
  "meta": {
    "path": "/root/terry/videos/48.mp4",
    "width": 3840,
    "height": 2160,
    "fps": 30.0,
    "frame_count": 898,
    "duration": 29.933333333333334,
    "detail_scale": 0.25,
    "texture_compensation": 16.0,
    "scene_spans_provided": false
  },
  "cut_times_sec": [
    4.0,
    10.0,
    14.0,
    20.0,
    24.0
  ],
  "global": {
    "mean_motion": 0.05555970347755293,
    "mean_texture": 5.001731714434951,
    "mean_noise": 0.05455914759613835,
    "mean_edge": 0.06673927314471115,
    "mean_entropy": 0.7915385803062559,
    "mean_hf_energy": 5.0,
    "mean_flatness": 0.5598022961046839,
    "mean_luma": 0.33800462071492887,
    "mean_difficulty": 0.5162105348802638,
    "motion_p90": 0.1464331812817719,
    "motion_level": 0.5024588505596181,
    "texture_level": 0.5423852991304926,
    "noise_level_norm": 0.5319773893888394,
    "edge_level": 0.5842060379723357,
    "segment_count": 6,
    "cut_count": 5,
    "cut_rate": 0.16703786191536749,
    "hard_fraction": 0.8663697104677061,
    "worst_difficulty": 0.5743477287896457,
    "volatility": 0.49053568041475887,
    "duration": 29.933333333333334,
    "fps": 30.0,
    "width": 3840,
    "height": 2160,
    "n_segments": 6
  },
  "segments": [
    {
      "index": 0,
      "start_sec": 0.0,
      "end_sec": 4.0,
      "duration": 4.0,
      "frame_count": 120,
      "motion": 0.01986098061909949,
      "motion_p90": 0.02422342047930283,
      "motion_max": 0.024432734204793027,
      "texture": 3.9396871172759873,
      "edge": 0.048747347608024696,
      "noise": 0.0,
      "entropy": 0.579340822994709,
      "hf_energy": 5.0,
      "flatness": 0.7511342592592593,
      "luma_mean": 0.08353113369190268,
      "difficulty": 0.33239326498661326
    },
    {
      "index": 1,
      "start_sec": 4.0,
      "end_sec": 10.0,
      "duration": 6.0,
      "frame_count": 180,
      "motion": 0.06670895458877996,
      "motion_p90": 0.1464331812817719,
      "motion_max": 0.44043485990075043,
      "texture": 5.152249948298079,
      "edge": 0.020885898919753086,
      "noise": 0.09084558370523155,
      "entropy": 0.86222755163908,
      "hf_energy": 5.0,
      "flatness": 0.6085320216049382,
      "luma_mean": 0.4857306815087146,
      "difficulty": 0.5632042792114632
    },
    {
      "index": 2,
      "start_sec": 10.0,
      "end_sec": 14.0,
      "duration": 4.0,
      "frame_count": 120,
      "motion": 0.05682794817386831,
      "motion_p90": 0.09719345648753325,
      "motion_max": 0.22609316751391914,
      "texture": 5.959828813891092,
      "edge": 0.128408805941358,
      "noise": 0.02834382449509576,
      "entropy": 0.9203942343592644,
      "hf_energy": 5.0,
      "flatness": 0.2998787133487654,
      "luma_mean": 0.44127827610596704,
      "difficulty": 0.5692196451125447
    },
    {
      "index": 3,
      "start_sec": 14.0,
      "end_sec": 20.0,
      "duration": 6.0,
      "frame_count": 180,
      "motion": 0.06646878593258292,
      "motion_p90": 0.13027163671023959,
      "motion_max": 0.3796301894214476,
      "texture": 3.978734517823196,
      "edge": 0.04822554976851852,
      "noise": 0.07340323179960251,
      "entropy": 0.5927866771817207,
      "hf_energy": 5.0,
      "flatness": 0.7519338348765432,
      "luma_mean": 0.09103519880174293,
      "difficulty": 0.5078130197385039
    },
    {
      "index": 4,
      "start_sec": 20.0,
      "end_sec": 24.0,
      "duration": 4.0,
      "frame_count": 120,
      "motion": 0.06282170157800775,
      "motion_p90": 0.13962385393972396,
      "motion_max": 0.42957523148148147,
      "texture": 4.884648892162702,
      "edge": 0.015698543595679012,
      "noise": 0.08721176319522783,
      "entropy": 0.8773741200566292,
      "hf_energy": 5.0,
      "flatness": 0.658003231095679,
      "luma_mean": 0.491113050524994,
      "difficulty": 0.5502852714428117
    },
    {
      "index": 5,
      "start_sec": 24.0,
      "end_sec": 29.933333333333334,
      "duration": 5.933333333333334,
      "frame_count": 178,
      "motion": 0.05156935272179859,
      "motion_p90": 0.09690767671266035,
      "motion_max": 0.23082007231905108,
      "texture": 6.033023016074061,
      "edge": 0.13679349922839507,
      "noise": 0.03125088330125436,
      "entropy": 0.91935945302248,
      "hf_energy": 5.0,
      "flatness": 0.2962733892746913,
      "luma_mean": 0.4370763803785403,
      "difficulty": 0.5743477287896457
    }
  ],
  "distributions": {
    "thresholds": {
      "high_complexity": 0.45,
      "low_complexity": 0.2
    },
    "metrics": {
      "motion_mean": {
        "mean": 0.0540429539356895,
        "max": 0.06670895458877996,
        "min": 0.01986098061909949,
        "p95": 0.0666489124247307,
        "variance": 0.00026236291320245656,
        "std": 0.016197620603115033
      },
      "motion_p90": {
        "mean": 0.10577553760187197,
        "max": 0.1464331812817719,
        "min": 0.02422342047930283,
        "p95": 0.1447308494462599,
        "variance": 0.0017003083767021178,
        "std": 0.04123479570341192
      },
      "motion_max": {
        "mean": 0.2884977091402404,
        "max": 0.44043485990075043,
        "min": 0.024432734204793027,
        "p95": 0.4377199527959332,
        "variance": 0.021374040274316112,
        "std": 0.1461986329427061
      },
      "texture": {
        "mean": 4.991362050920853,
        "max": 6.033023016074061,
        "min": 3.9396871172759873,
        "p95": 6.014724465528319,
        "variance": 0.6986154563201588,
        "std": 0.8358321938763539
      },
      "edge_density": {
        "mean": 0.0664599408436214,
        "max": 0.13679349922839507,
        "min": 0.015698543595679012,
        "p95": 0.1346973259066358,
        "variance": 0.002347402174468892,
        "std": 0.04844999664054573
      },
      "noise_level": {
        "mean": 0.051842547749402,
        "max": 0.09084558370523155,
        "min": 0.0,
        "p95": 0.08993712857773062,
        "variance": 0.001150156284702359,
        "std": 0.03391395412956677
      },
      "high_freq_energy": {
        "mean": 5.0,
        "max": 5.0,
        "min": 5.0,
        "p95": 5.0,
        "variance": 0.0,
        "std": 0.0
      },
      "flatness": {
        "mean": 0.5609592415766461,
        "max": 0.7519338348765432,
        "min": 0.2962733892746913,
        "p95": 0.7517339409722222,
        "variance": 0.037090030094432534,
        "std": 0.19258772051829404
      },
      "entropy": {
        "mean": 0.7919138098756472,
        "max": 0.9203942343592644,
        "min": 0.579340822994709,
        "p95": 0.9201355390250683,
        "variance": 0.021639331342665467,
        "std": 0.14710313165485453
      },
      "difficulty": {
        "mean": 0.5162105348802638,
        "max": 0.5743477287896457,
        "min": 0.33239326498661326,
        "p95": 0.5730657078703705,
        "variance": 0.007236450955509936,
        "std": 0.08506733189368253
      }
    },
    "high_complexity_ratio": 0.8663697104677061,
    "low_complexity_ratio": 0.0,
    "high_complexity_segment_ratio": 0.8333333333333334,
    "low_complexity_segment_ratio": 0.0,
    "scene_complexity_histogram": {
      "bins": [
        0.0,
        0.2,
        0.4,
        0.6,
        0.8,
        1.0
      ],
      "counts": [
        0,
        1,
        5,
        0,
        0
      ],
      "fractions": [
        0.0,
        0.16666666666666666,
        0.8333333333333334,
        0.0,
        0.0
      ]
    },
    "worst_segment_index": 5
  },
  "summary_raw": {
    "segment_count": 6.0,
    "cut_count": 5.0,
    "cut_rate": 0.16703786191536749,
    "hard_fraction": 0.8663697104677061,
    "worst_difficulty": 0.5743477287896457,
    "difficulty_mean": 0.5162105348802638,
    "difficulty_p90": 0.5717836869510953,
    "duration_weighted_difficulty": 0.5225443110474246,