{
  "video": "49.mp4",
  "path": "/root/terry/videos/49.mp4",
  "extracted_at": "2026-07-17T18:32:52Z",
  "elapsed_sec": 17.572,
  "meta": {
    "path": "/root/terry/videos/49.mp4",
    "width": 3840,
    "height": 2160,
    "fps": 30.0,
    "frame_count": 900,
    "duration": 30.0,
    "detail_scale": 0.25,
    "texture_compensation": 16.0,
    "scene_spans_provided": false
  },
  "cut_times_sec": [
    6.0,
    10.0,
    16.0,
    20.0,
    26.0
  ],
  "global": {
    "mean_motion": 0.04979182250060518,
    "mean_texture": 4.326221551834194,
    "mean_noise": 0.043121372008075316,
    "mean_edge": 0.06324230002572016,
    "mean_entropy": 0.8153969551126162,
    "mean_hf_energy": 4.836046251432919,
    "mean_flatness": 0.7003820408950618,
    "mean_luma": 0.38744339149368595,
    "mean_difficulty": 0.4923059436137955,
    "motion_p90": 0.14098073484023232,
    "motion_level": 0.4929728393032959,
    "texture_level": 0.5062145330067763,
    "noise_level_norm": 0.47323005632810083,
    "edge_level": 0.5710762735741626,
    "segment_count": 6,
    "cut_count": 5,
    "cut_rate": 0.16666666666666666,
    "hard_fraction": 0.8,
    "worst_difficulty": 0.6102182037286703,
    "volatility": 0.5298548261637741,
    "duration": 30.0,
    "fps": 30.0,
    "width": 3840,
    "height": 2160,
    "n_segments": 6
  },
  "segments": [
    {
      "index": 0,
      "start_sec": 0.0,
      "end_sec": 6.0,
      "duration": 6.0,
      "frame_count": 180,
      "motion": 0.006496773632292423,
      "motion_p90": 0.009574965202130236,
      "motion_max": 0.010639463810215443,
      "texture": 3.0433349949720654,
      "edge": 0.011950713734567901,
      "noise": 0.0,
      "entropy": 0.6579356268048286,
      "hf_energy": 4.180231257164599,
      "flatness": 0.8775236304012346,
      "luma_mean": 0.20343340084876543,
      "difficulty": 0.2697867354066876
    },
    {
      "index": 1,
      "start_sec": 6.0,
      "end_sec": 10.0,
      "duration": 4.0,
      "frame_count": 120,
      "motion": 0.0755754508593561,
      "motion_p90": 0.12411128056160732,
      "motion_max": 0.30384280440571293,
      "texture": 5.276292340927926,
      "edge": 0.10484784915123457,
      "noise": 0.0479664706508629,
      "entropy": 0.9549252018332481,
      "hf_energy": 5.0,
      "flatness": 0.574465663580247,
      "luma_mean": 0.44676570348432587,
      "difficulty": 0.5847812626504055
    },
    {
      "index": 2,
      "start_sec": 10.0,
      "end_sec": 16.0,
      "duration": 6.0,
      "frame_count": 180,
      "motion": 0.04427449278322441,
      "motion_p90": 0.08020165365528925,
      "motion_max": 0.20852339022028565,
      "texture": 4.547085709098091,
      "edge": 0.07419367283950618,
      "noise": 0.027617059648036957,
      "entropy": 0.8360043689608574,
      "hf_energy": 5.0,
      "flatness": 0.6567963927469136,
      "luma_mean": 0.5294709948408376,
      "difficulty": 0.5011258357977163
    },
    {
      "index": 3,
      "start_sec": 16.0,
      "end_sec": 20.0,
      "duration": 4.0,
      "frame_count": 120,
      "motion": 0.05367938774661099,
      "motion_p90": 0.12213030591866371,
      "motion_max": 0.38368232570806104,
      "texture": 3.3871150391514337,
      "edge": 0.013784963348765432,
      "noise": 0.07412999868392944,
      "entropy": 0.6687398254871368,
      "hf_energy": 5.0,
      "flatness": 0.846795669367284,
      "luma_mean": 0.18639794579097071,
      "difficulty": 0.47491056312264873
    },
    {
      "index": 4,
      "start_sec": 20.0,
      "end_sec": 26.0,
      "duration": 6.0,
      "frame_count": 180,
      "motion": 0.07953196486928105,
      "motion_p90": 0.14098073484023232,
      "motion_max": 0.36296231995884776,
      "texture": 5.222839407547246,
      "edge": 0.10189838927469136,
      "noise": 0.08285117463674396,
      "entropy": 0.9476519599556923,
      "hf_energy": 5.0,
      "flatness": 0.5804885223765432,
      "luma_mean": 0.4425655693990559,
      "difficulty": 0.6102182037286703
    },
    {
      "index": 5,
      "start_sec": 26.0,
      "end_sec": 30.0,
      "duration": 4.0,
      "frame_count": 120,
      "motion": 0.04872898322137497,
      "motion_p90": 0.08580276189179373,
      "motion_max": 0.2297532831033648,
      "texture": 4.563364091250992,
      "edge": 0.0736202739197531,
      "noise": 0.03561146929860115,
      "entropy": 0.8294242024421692,
      "hf_energy": 5.0,
      "flatness": 0.659391155478395,
      "luma_mean": 0.5094568392943597,
      "difficulty": 0.5130130609766446
    }
  ],
  "distributions": {
    "thresholds": {
      "high_complexity": 0.45,
      "low_complexity": 0.2
    },
    "metrics": {
      "motion_mean": {
        "mean": 0.05138117551868999,
        "max": 0.07953196486928105,
        "min": 0.006496773632292423,
        "p95": 0.07854283636679982,
        "variance": 0.0005758767126583386,
        "std": 0.02399743137626064
      },
      "motion_p90": {
        "mean": 0.09380028367828609,
        "max": 0.14098073484023232,
        "min": 0.009574965202130236,
        "p95": 0.13676337127057608,
        "variance": 0.0018816881716139076,
        "std": 0.043378429796546436
      },
      "motion_max": {
        "mean": 0.24990059786774796,
        "max": 0.38368232570806104,
        "min": 0.010639463810215443,
        "p95": 0.3785023242707577,
        "variance": 0.015492357204623676,
        "std": 0.1244682979903866
      },
      "texture": {
        "mean": 4.340005263824627,
        "max": 5.276292340927926,
        "min": 3.0433349949720654,
        "p95": 5.262929107582756,
        "variance": 0.723025776513488,
        "std": 0.8503092240552774
      },
      "edge_density": {
        "mean": 0.06338264371141976,
        "max": 0.10484784915123457,
        "min": 0.011950713734567901,
        "p95": 0.10411048418209877,
        "variance": 0.0014216144433419093,
        "std": 0.03770430271655888
      },
      "noise_level": {
        "mean": 0.044696028819695734,
        "max": 0.08285117463674396,
        "min": 0.0,
        "p95": 0.08067088064854033,
        "variance": 0.0007841374876616219,
        "std": 0.02800245502918667
      },
      "high_freq_energy": {
        "mean": 4.8633718761941,
        "max": 5.0,
        "min": 4.180231257164599,
        "p95": 5.0,
        "variance": 0.0933362210736019,
        "std": 0.30550977246825
      },
      "flatness": {
        "mean": 0.6992435056584362,
        "max": 0.8775236304012346,
        "min": 0.574465663580247,
        "p95": 0.8698416401427469,
        "variance": 0.01443627783847313,
        "std": 0.12015106257737852
      },
      "entropy": {
        "mean": 0.8157801975806555,
        "max": 0.9549252018332481,
        "min": 0.6579356268048286,
        "p95": 0.9531068913638592,
        "variance": 0.013980408240972403,
        "std": 0.11823877638479012
      },
      "difficulty": {
        "mean": 0.4923059436137955,
        "max": 0.6102182037286703,
        "min": 0.2697867354066876,
        "p95": 0.6038589684591041,
        "variance": 0.012129826367914253,
        "std": 0.11013549095506976
      }
    },
    "high_complexity_ratio": 0.8,
    "low_complexity_ratio": 0.0,
    "high_complexity_segment_ratio": 0.8333333333333334,
    "low_complexity_segment_ratio": 0.0,
    "scene_complexity_histogram": {
      "bins": [
        0.0,
        0.2,
        0.4,
        0.6,
        0.8,
        1.0
      ],
      "counts": [
        0,
        1,
        4,
        1,
        0
      ],
      "fractions": [
        0.0,
        0.16666666666666666,
        0.6666666666666666,
        0.16666666666666666,
        0.0
      ]
    },
    "worst_segment_index": 4
  },
  "summary_raw": {
    "segment_count": 6.0,
    "cut_count": 5.0,
    "cut_rate": 0.16666666666666666,
    "hard_fraction": 0.8,
    "worst_difficulty": 0.6102182037286703,
    "difficulty_mean": 0.4923059436137955,
    "difficulty_p90": 0.597499733189538,
    "duration_weighted_difficulty": 0.4859201398865747,