{
  "video": "5.mp4",
  "path": "/root/terry/videos/5.mp4",
  "extracted_at": "2026-07-17T18:19:44Z",
  "elapsed_sec": 19.537,
  "meta": {
    "path": "/root/terry/videos/5.mp4",
    "width": 3840,
    "height": 2160,
    "fps": 30.0,
    "frame_count": 900,
    "duration": 30.0,
    "detail_scale": 0.25,
    "texture_compensation": 16.0,
    "scene_spans_provided": false
  },
  "cut_times_sec": [
    0.2,
    0.7,
    1.0,
    1.2,
    7.0,
    10.0,
    17.0,
    20.0,
    27.0
  ],
  "global": {
    "mean_motion": 0.04714932048964132,
    "mean_texture": 4.40377174416247,
    "mean_noise": 0.03881408012394483,
    "mean_edge": 0.03314673675411523,
    "mean_entropy": 0.8088078927000364,
    "mean_hf_energy": 4.05141042248639,
    "mean_flatness": 0.6706250160751028,
    "mean_luma": 0.3724911881644376,
    "mean_difficulty": 0.46361794783270993,
    "motion_p90": 0.13331539654442018,
    "motion_level": 0.47900834161412464,
    "texture_level": 0.5106549517783137,
    "noise_level_norm": 0.44709429701414566,
    "edge_level": 0.4110115063325711,
    "segment_count": 7,
    "cut_count": 6,
    "cut_rate": 0.2,
    "hard_fraction": 0.7666666666666667,
    "worst_difficulty": 0.5624921230848956,
    "volatility": 0.4939637385393523,
    "duration": 30.0,
    "fps": 30.0,
    "width": 3840,
    "height": 2160,
    "n_segments": 7
  },
  "segments": [
    {
      "index": 0,
      "start_sec": 0.0,
      "end_sec": 1.2,
      "duration": 1.2,
      "frame_count": 36,
      "motion": 0.030680165970709272,
      "motion_p90": 0.04589097222222222,
      "motion_max": 0.05778463900992496,
      "texture": 2.925252430098606,
      "edge": 0.008820891203703704,
      "noise": 0.02834382379660383,
      "entropy": 0.8025089576840401,
      "hf_energy": 1.5061173995795913,
      "flatness": 0.8676801215277777,
      "luma_mean": 0.2511146239938877,
      "difficulty": 0.3635095215132135
    },
    {
      "index": 1,
      "start_sec": 1.2,
      "end_sec": 7.0,
      "duration": 5.8,
      "frame_count": 174,
      "motion": 0.029682460928044056,
      "motion_p90": 0.041005853606874844,
      "motion_max": 0.05819023087630114,
      "texture": 3.0368783447064684,
      "edge": 0.011765769675925925,
      "noise": 0.00944794132374227,
      "entropy": 0.7929033190011978,
      "hf_energy": 1.9513040892654632,
      "flatness": 0.8395418595679012,
      "luma_mean": 0.2125912734885621,
      "difficulty": 0.3384017979149713
    },
    {
      "index": 2,
      "start_sec": 7.0,
      "end_sec": 10.0,
      "duration": 3.0,
      "frame_count": 90,
      "motion": 0.05972217305131929,
      "motion_p90": 0.1088373713991769,
      "motion_max": 0.2973225913822319,
      "texture": 5.309275541664732,
      "edge": 0.07591290509259259,
      "noise": 0.045059412717819214,
      "entropy": 0.9040580093860626,
      "hf_energy": 5.0,
      "flatness": 0.5186176215277778,
      "luma_mean": 0.40133611905410316,
      "difficulty": 0.5624921230848956
    },
    {
      "index": 3,
      "start_sec": 10.0,
      "end_sec": 17.0,
      "duration": 7.0,
      "frame_count": 210,
      "motion": 0.04237582455821835,
      "motion_p90": 0.09037156862745094,
      "motion_max": 0.2745434897724522,
      "texture": 4.768834437198368,
      "edge": 0.010221595293209877,
      "noise": 0.04723970592021942,
      "entropy": 0.708653561770916,
      "hf_energy": 5.0,
      "flatness": 0.6709625771604939,
      "luma_mean": 0.48643122976428227,
      "difficulty": 0.4670036069667317
    },
    {
      "index": 4,
      "start_sec": 17.0,
      "end_sec": 20.0,
      "duration": 3.0,
      "frame_count": 90,
      "motion": 0.06477847373517306,
      "motion_p90": 0.13331539654442018,
      "motion_max": 0.33289780773420474,
      "texture": 3.357498059087985,
      "edge": 0.01568214699074074,
      "noise": 0.07412999751977623,
      "entropy": 0.8570903837680817,
      "hf_energy": 2.8058026924521586,
      "flatness": 0.7946498842592592,
      "luma_mean": 0.2533311357722101,
      "difficulty": 0.4990588948899162
    },
    {
      "index": 5,
      "start_sec": 20.0,
      "end_sec": 27.0,
      "duration": 7.0,
      "frame_count": 210,
      "motion": 0.059885371278140885,
      "motion_p90": 0.10654980029048652,
      "motion_max": 0.27440991890583394,
      "texture": 5.32064061101094,
      "edge": 0.07693745177469136,
      "noise": 0.03851852938532829,
      "entropy": 0.8945640698075294,
      "hf_energy": 5.0,
      "flatness": 0.5104103973765433,
      "luma_mean": 0.3918548162899419,
      "difficulty": 0.554752870044715
    },
    {
      "index": 6,
      "start_sec": 27.0,
      "end_sec": 30.0,
      "duration": 3.0,
      "frame_count": 90,
      "motion": 0.03872494364258048,
      "motion_p90": 0.08451876739893482,
      "motion_max": 0.2554346556523844,
      "texture": 4.7874362899116525,
      "edge": 0.010225694444444444,
      "noise": 0.03924529254436493,
      "entropy": 0.7321393936872482,
      "hf_energy": 5.0,
      "flatness": 0.6662594039351852,
      "luma_mean": 0.5094548743494312,
      "difficulty": 0.46010682041452605
    }
  ],
  "distributions": {
    "thresholds": {
      "high_complexity": 0.45,
      "low_complexity": 0.2
    },
    "metrics": {
      "motion_mean": {
        "mean": 0.046549916166312204,
        "max": 0.06477847373517306,
        "min": 0.029682460928044056,
        "p95": 0.06331054299806341,
        "variance": 0.00018551946839446052,
        "std": 0.013620553160369829
      },
      "motion_p90": {
        "mean": 0.08721281858422378,
        "max": 0.13331539654442018,
        "min": 0.041005853606874844,
        "p95": 0.1259719890008472,
        "variance": 0.0009752574361911972,
        "std": 0.031229111998121194
      },
      "motion_max": {
        "mean": 0.22151190476190474,
        "max": 0.33289780773420474,
        "min": 0.05778463900992496,
        "p95": 0.32222524282861287,
        "variance": 0.011199424033613532,
        "std": 0.10582733122220143
      },
      "texture": {
        "mean": 4.2151165305255365,
        "max": 5.32064061101094,
        "min": 2.925252430098606,
        "p95": 5.317231090207077,
        "variance": 0.9772892748553412,
        "std": 0.988579422633984
      },
      "edge_density": {
        "mean": 0.029938064925044087,
        "max": 0.07693745177469136,
        "min": 0.008820891203703704,
        "p95": 0.07663008777006172,
        "variance": 0.0008684776505899813,
        "std": 0.02946994486913712
      },
      "noise_level": {
        "mean": 0.040283529029693455,
        "max": 0.07412999751977623,
        "min": 0.00944794132374227,
        "p95": 0.06606291003990916,
        "variance": 0.00033062344002193024,
        "std": 0.01818305364953671
      },
      "high_freq_energy": {
        "mean": 3.7518891687567444,
        "max": 5.0,
        "min": 1.5061173995795913,
        "p95": 5.0,
        "variance": 2.201685668090436,
        "std": 1.483807827210261
      },
      "flatness": {
        "mean": 0.6954459807649912,
        "max": 0.8676801215277777,
        "min": 0.5104103973765433,
        "p95": 0.8592386429398148,
        "variance": 0.01817533786718707,
        "std": 0.13481594070133943
      },
      "entropy": {
        "mean": 0.8131310993007251,
        "max": 0.9040580093860626,
        "min": 0.708653561770916,
        "p95": 0.9012098275125027,
        "variance": 0.004975522224136389,
        "std": 0.0705373817499373
      },
      "difficulty": {
        "mean": 0.46361794783270993,
        "max": 0.5624921230848956,
        "min": 0.3384017979149713,
        "p95": 0.5601703471728414,
        "variance": 0.0064374727472294255,
        "std": 0.08023386284624108
      }
    },
    "high_complexity_ratio": 0.7666666666666667,
    "low_complexity_ratio": 0.0,
    "high_complexity_segment_ratio": 0.7142857142857143,
    "low_complexity_segment_ratio": 0.0,