{
  "video": "50.mp4",
  "path": "/root/terry/videos/50.mp4",
  "extracted_at": "2026-07-17T18:33:10Z",
  "elapsed_sec": 17.661,
  "meta": {
    "path": "/root/terry/videos/50.mp4",
    "width": 3840,
    "height": 2160,
    "fps": 30.0,
    "frame_count": 900,
    "duration": 30.0,
    "detail_scale": 0.25,
    "texture_compensation": 16.0,
    "scene_spans_provided": false
  },
  "cut_times_sec": [
    5.0,
    10.0,
    15.0,
    20.0,
    25.0
  ],
  "global": {
    "mean_motion": 0.04543806105261034,
    "mean_texture": 4.1055152298850714,
    "mean_noise": 0.045543922654663525,
    "mean_edge": 0.030939469200102883,
    "mean_entropy": 0.8383893283704916,
    "mean_hf_energy": 4.985425272633744,
    "mean_flatness": 0.7595097897376543,
    "mean_luma": 0.381969563526285,
    "mean_difficulty": 0.47881914167920875,
    "motion_p90": 0.16026825904744602,
    "motion_level": 0.5250079374368773,
    "texture_level": 0.49312446335429333,
    "noise_level_norm": 0.4868720635417248,
    "edge_level": 0.39443751360905815,
    "segment_count": 6,
    "cut_count": 5,
    "cut_rate": 0.16666666666666666,
    "hard_fraction": 0.5,
    "worst_difficulty": 0.5537617273258433,
    "volatility": 0.5008031533735614,
    "duration": 30.0,
    "fps": 30.0,
    "width": 3840,
    "height": 2160,
    "n_segments": 6
  },
  "segments": [
    {
      "index": 0,
      "start_sec": 0.0,
      "end_sec": 5.0,
      "duration": 5.0,
      "frame_count": 150,
      "motion": 0.006748804768821109,
      "motion_p90": 0.010666063755749213,
      "motion_max": 0.01093099431130477,
      "texture": 4.34857155129878,
      "edge": 0.014927179783950618,
      "noise": 0.002180294191930443,
      "entropy": 0.8744974508881569,
      "hf_energy": 4.958036851851852,
      "flatness": 0.7959078414351851,
      "luma_mean": 0.5763250461450011,
      "difficulty": 0.34027752464569355
    },
    {
      "index": 1,
      "start_sec": 5.0,
      "end_sec": 10.0,
      "duration": 5.0,
      "frame_count": 150,
      "motion": 0.05274122015704429,
      "motion_p90": 0.11300336782861287,
      "motion_max": 0.3348721783466473,
      "texture": 4.901019354353167,
      "edge": 0.04926938657407408,
      "noise": 0.05378058867063373,
      "entropy": 0.916807733476162,
      "hf_energy": 5.0,
      "flatness": 0.6189549575617284,
      "luma_mean": 0.37343063403988136,
      "difficulty": 0.5537617273258433
    },
    {
      "index": 2,
      "start_sec": 10.0,
      "end_sec": 15.0,
      "duration": 5.0,
      "frame_count": 150,
      "motion": 0.04609713428195352,
      "motion_p90": 0.08852624894093436,
      "motion_max": 0.2545548142096345,
      "texture": 3.0763749295575593,
      "edge": 0.02775028935185185,
      "noise": 0.02907058782875538,
      "entropy": 0.7089067846536636,
      "hf_energy": 5.0,
      "flatness": 0.8536689814814815,
      "luma_mean": 0.17785716514615105,
      "difficulty": 0.4362564026602925
    },
    {
      "index": 3,
      "start_sec": 15.0,
      "end_sec": 20.0,
      "duration": 5.0,
      "frame_count": 150,
      "motion": 0.07042407823468894,
      "motion_p90": 0.16026825904744602,
      "motion_max": 0.5074842880053255,
      "texture": 4.2835412284057774,
      "edge": 0.014642168209876544,
      "noise": 0.10756118164863437,
      "entropy": 0.8780961260199547,
      "hf_energy": 4.954514783950618,
      "flatness": 0.8167652874228395,
      "luma_mean": 0.6001575237155048,
      "difficulty": 0.5499752861063677
    },
    {
      "index": 4,
      "start_sec": 20.0,
      "end_sec": 25.0,
      "duration": 5.0,
      "frame_count": 150,
      "motion": 0.052882395492919385,
      "motion_p90": 0.11268950541636402,
      "motion_max": 0.3298108584483176,
      "texture": 4.938622413429245,
      "edge": 0.049935136959876544,
      "noise": 0.05305382393999025,
      "entropy": 0.914020448923111,
      "hf_energy": 5.0,
      "flatness": 0.6200761959876544,
      "luma_mean": 0.37161017970073834,
      "difficulty": 0.5533229991405019
    },
    {
      "index": 5,
      "start_sec": 25.0,
      "end_sec": 30.0,
      "duration": 5.0,
      "frame_count": 150,
      "motion": 0.04373473338023481,
      "motion_p90": 0.0872359310699588,
      "motion_max": 0.2550443672839506,
      "texture": 3.0849619022659045,
      "edge": 0.029112654320987655,
      "noise": 0.027617059648036957,
      "entropy": 0.7380074262619019,
      "hf_energy": 5.0,
      "flatness": 0.851685474537037,
      "luma_mean": 0.1924368324104333,
      "difficulty": 0.4393209101965536
    }
  ],
  "distributions": {
    "thresholds": {
      "high_complexity": 0.45,
      "low_complexity": 0.2
    },
    "metrics": {
      "motion_mean": {
        "mean": 0.04543806105261034,
        "max": 0.07042407823468894,
        "min": 0.006748804768821109,
        "p95": 0.06603865754924655,
        "variance": 0.0003722082595434694,
        "std": 0.019292699643737508
      },
      "motion_p90": {
        "mean": 0.09539822934317754,
        "max": 0.16026825904744602,
        "min": 0.010666063755749213,
        "p95": 0.14845203624273773,
        "variance": 0.00201840616600806,
        "std": 0.04492667543907584
      },
      "motion_max": {
        "mean": 0.2821162501008634,
        "max": 0.5074842880053255,
        "min": 0.01093099431130477,
        "p95": 0.464331260590656,
        "variance": 0.02181377978078096,
        "std": 0.1476948874564755
      },
      "texture": {
        "mean": 4.1055152298850714,
        "max": 4.938622413429245,
        "min": 3.0763749295575593,
        "p95": 4.929221648660226,
        "variance": 0.586387145853312,
        "std": 0.7657591957353904
      },
      "edge_density": {
        "mean": 0.030939469200102886,
        "max": 0.049935136959876544,
        "min": 0.014642168209876544,
        "p95": 0.04976869936342593,
        "variance": 0.00020538746953266957,
        "std": 0.014331345698596122
      },
      "noise_level": {
        "mean": 0.045543922654663525,
        "max": 0.10756118164863437,
        "min": 0.002180294191930443,
        "p95": 0.09411603340413421,
        "variance": 0.0010739215247496728,
        "std": 0.03277074190111772
      },
      "high_freq_energy": {
        "mean": 4.985425272633745,
        "max": 5.0,
        "min": 4.954514783950618,
        "p95": 5.0,
        "variance": 0.0004258791024597346,
        "std": 0.020636838480245334
      },
      "flatness": {
        "mean": 0.7595097897376544,
        "max": 0.8536689814814815,
        "min": 0.6189549575617284,
        "p95": 0.8531731047453703,
        "variance": 0.010193784725780511,
        "std": 0.1009642745023234
      },
      "entropy": {
        "mean": 0.8383893283704916,
        "max": 0.916807733476162,
        "min": 0.7089067846536636,
        "p95": 0.9161109123378992,
        "variance": 0.00693203239083446,
        "std": 0.08325882770514163
      },
      "difficulty": {
        "mean": 0.47881914167920875,
        "max": 0.5537617273258433,
        "min": 0.34027752464569355,
        "p95": 0.553652045279508,
        "variance": 0.0064659815838442524,
        "std": 0.08041132745978176
      }
    },
    "high_complexity_ratio": 0.5,
    "low_complexity_ratio": 0.0,
    "high_complexity_segment_ratio": 0.5,
    "low_complexity_segment_ratio": 0.0,
    "scene_complexity_histogram": {
      "bins": [
        0.0,
        0.2,
        0.4,
        0.6,
        0.8,
        1.0
      ],
      "counts": [
        0,
        1,
        5,
        0,
        0
      ],
      "fractions": [
        0.0,
        0.16666666666666666,
        0.8333333333333334,
        0.0,
        0.0
      ]
    },
    "worst_segment_index": 1
  },
  "summary_raw": {
    "segment_count": 6.0,
    "cut_count": 5.0,
    "cut_rate": 0.16666666666666666,
    "hard_fraction": 0.5,
    "worst_difficulty": 0.5537617273258433,
    "difficulty_mean": 0.47881914167920875,
    "difficulty_p90": 0.5535423632331726,