{
  "video": "50c3816b-da8d-48b3-9631-50644cc22386.mp4",
  "path": "/root/workspace/raw videos/50c3816b-da8d-48b3-9631-50644cc22386.mp4",
  "extracted_at": "2026-07-21T16:58:30Z",
  "elapsed_sec": 202.857,
  "meta": {
    "path": "../raw videos/50c3816b-da8d-48b3-9631-50644cc22386.mp4",
    "width": 3840,
    "height": 2160,
    "fps": 30.0,
    "frame_count": 900,
    "duration": 30.0,
    "detail_scale": 0.25,
    "texture_compensation": 16.0,
    "scene_spans_provided": true,
    "scene_detect": {
      "detector": "content",
      "ok": true,
      "error": "",
      "detect_sec": 79.265,
      "n_scenes": 8
    },
    "samples_per_segment": 16,
    "si_ti_agg": "mean"
  },
  "cut_times_sec": [
    7.0,
    8.133333,
    8.666667,
    10.0,
    17.0,
    20.0,
    27.0
  ],
  "global": {
    "mean_motion": 0.05204259457098597,
    "mean_texture": 4.627709423683539,
    "mean_noise": 0.03878855524099388,
    "mean_edge": 0.0809645609367306,
    "mean_entropy": 0.8698786870754003,
    "mean_hf_energy": 3.255094721632297,
    "mean_flatness": 0.5401640211938553,
    "mean_luma": 0.3435551786679878,
    "mean_difficulty": 0.47984889296758976,
    "motion_p90": 0.22546431327160493,
    "motion_level": 0.6085992771625114,
    "texture_level": 0.5230403940816695,
    "noise_level_norm": 0.4469316850970278,
    "edge_level": 0.6302482205703878,
    "segment_count": 8,
    "cut_count": 7,
    "cut_rate": 0.23333333333333334,
    "hard_fraction": 0.43333333333333335,
    "worst_difficulty": 0.580735317522951,
    "volatility": 0.6916500397151717,
    "duration": 30.0,
    "fps": 30.0,
    "width": 3840,
    "height": 2160,
    "n_segments": 8
  },
  "segments": [
    {
      "index": 0,
      "start_sec": 0.0,
      "end_sec": 7.0,
      "duration": 7.0,
      "frame_count": 210,
      "motion": 0.013938970399116436,
      "motion_p90": 0.018083026960784315,
      "motion_max": 0.01900052196804648,
      "texture": 3.751696495626642,
      "edge": 0.008620756172839507,
      "noise": 0.003633823653217405,
      "entropy": 0.8652006313204765,
      "hf_energy": 1.6437594098753154,
      "flatness": 0.7143138744212962,
      "si": 30.843543721509704,
      "ti": 19.79546502267322,
      "luma_mean": 0.38292094169843865,
      "sat_mean": 0.37697556820760714,
      "difficulty": 0.31660671274818003
    },
    {
      "index": 1,
      "start_sec": 7.0,
      "end_sec": 8.133333333333333,
      "duration": 1.1333333333333329,
      "frame_count": 34,
      "motion": 0.16435734575465988,
      "motion_p90": 0.22546431327160493,
      "motion_max": 0.3599249576373759,
      "texture": 3.427930094796222,
      "edge": 0.034618698559670785,
      "noise": 0.12112745083868504,
      "entropy": 0.8431905011336008,
      "hf_energy": 4.347005761222069,
      "flatness": 0.6735723701131687,
      "si": 83.31088798771191,
      "ti": 49.23845644184806,
      "luma_mean": 0.20291999894093438,
      "sat_mean": 0.6499510831467362,
      "difficulty": 0.580735317522951
    },
    {
      "index": 2,
      "start_sec": 8.133333333333333,
      "end_sec": 8.666666666666666,
      "duration": 0.5333333333333332,
      "frame_count": 16,
      "motion": 0.09256453491890584,
      "motion_p90": 0.11388163580246916,
      "motion_max": 0.13110182159283468,
      "texture": 3.4652489776764446,
      "edge": 0.039589891975308635,
      "noise": 0.05000141188502312,
      "entropy": 0.8420990228652954,
      "hf_energy": 5.0,
      "flatness": 0.7200397376543209,
      "si": 93.27284271698883,
      "ti": 35.904193203370966,
      "luma_mean": 0.1860953264947955,
      "sat_mean": 0.5852630613047689,
      "difficulty": 0.5125070831458906
    },
    {
      "index": 3,
      "start_sec": 8.666666666666666,
      "end_sec": 10.0,
      "duration": 1.333333333333334,
      "frame_count": 40,
      "motion": 0.1444804678044057,
      "motion_p90": 0.1761907346889373,
      "motion_max": 0.18063357086661824,
      "texture": 3.5754608526671943,
      "edge": 0.043757122507122506,
      "noise": 0.09078968402284843,
      "entropy": 0.8989545290286725,
      "hf_energy": 5.0,
      "flatness": 0.667105442782526,
      "si": 83.92743193981724,
      "ti": 39.163573577676104,
      "luma_mean": 0.3077574152049234,
      "sat_mean": 0.41367355524831023,
      "difficulty": 0.5764807491303208
    },
    {
      "index": 4,
      "start_sec": 10.0,
      "end_sec": 17.0,
      "duration": 7.0,
      "frame_count": 210,
      "motion": 0.023342373214717986,
      "motion_p90": 0.009581926289034131,
      "motion_max": 0.2739091170418785,
      "texture": 6.960723598784261,
      "edge": 0.21647280092592594,
      "noise": 0.01925926547846757,
      "entropy": 0.9735154286026955,
      "hf_energy": 5.0,
      "flatness": 0.14028766396604936,
      "si": 133.72684983398437,
      "ti": 19.17669203366347,
      "luma_mean": 0.47707480549125514,
      "sat_mean": 0.23134342471556524,
      "difficulty": 0.5040297083645405
    },
    {
      "index": 5,
      "start_sec": 17.0,
      "end_sec": 20.0,
      "duration": 3.0,
      "frame_count": 90,
      "motion": 0.03269015239197531,
      "motion_p90": 0.020263631687242798,
      "motion_max": 0.24420033738804164,
      "texture": 3.679493340942029,
      "edge": 0.008482590663580246,
      "noise": 0.03270441270433366,
      "entropy": 0.8566720262169838,
      "hf_energy": 1.5573571395378245,
      "flatness": 0.6406119791666667,
      "si": 30.56053878055399,
      "ti": 17.762614317365326,
      "luma_mean": 0.44790231869175134,
      "sat_mean": 0.25063406021166185,
      "difficulty": 0.37000518838406043
    },
    {
      "index": 6,
      "start_sec": 20.0,
      "end_sec": 27.0,
      "duration": 7.0,
      "frame_count": 210,
      "motion": 0.09691363840096223,
      "motion_p90": 0.11155529457153232,
      "motion_max": 0.40668591140159766,
      "texture": 3.0696174414730435,
      "edge": 0.008732759452160493,
      "noise": 0.07085955963702872,
      "entropy": 0.7329505532979965,
      "hf_energy": 2.4592163569299847,
      "flatness": 0.8348543595679012,
      "si": 45.03496660751285,
      "ti": 41.15057224032731,
      "luma_mean": 0.10891183704384531,
      "sat_mean": 0.6254023220013314,
      "difficulty": 0.44909074048152053
    },
    {
      "index": 7,
      "start_sec": 27.0,
      "end_sec": 30.0,
      "duration": 3.0,
      "frame_count": 90,
      "motion": 0.031854157210723794,
      "motion_p90": 0.00885634531590414,
      "motion_max": 0.4081076086298717,
      "texture": 6.939379523579907,
      "edge": 0.21600429205246913,
      "noise": 0.041425589472055435,
      "entropy": 0.9737789407372475,
      "hf_energy": 5.0,
      "flatness": 0.1400054253472222,
      "si": 133.8574764429061,
      "ti": 14.571074291827811,
      "luma_mean": 0.48034175148647423,
      "sat_mean": 0.22857022503252844,
      "difficulty": 0.5293356439632542
    }
  ],
  "distributions": {
    "thresholds": {
      "high_complexity": 0.45,
      "low_complexity": 0.2
    },
    "metrics": {
      "motion_mean": {
        "mean": 0.0750177050119334,
        "max": 0.16435734575465988,
        "min": 0.013938970399116436,
        "p95": 0.1574004384720709,
        "variance": 0.0029562044086751966,
        "std": 0.05437098866744283
      },
      "motion_p90": {
        "mean": 0.08548461357343863,
        "max": 0.22546431327160493,
        "min": 0.00885634531590414,
        "p95": 0.20821856076767123,
        "variance": 0.006217230975479269,
        "std": 0.07884941962677512
      },
      "motion_max": {
        "mean": 0.25294548081578305,
        "max": 0.4081076086298717,
        "min": 0.01900052196804648,
        "p95": 0.4076100145999758,
        "variance": 0.01680963741581551,
        "std": 0.1296519857765993
      },
      "texture": {
        "mean": 4.358693790693218,
        "max": 6.960723598784261,
        "min": 3.0696174414730435,
        "p95": 6.9532531724627376,
        "variance": 2.27499916276421,