{
  "video": "50e713e9-3eff-4cbd-bccf-4145a406331e.mp4",
  "path": "/root/workspace/raw videos/50e713e9-3eff-4cbd-bccf-4145a406331e.mp4",
  "extracted_at": "2026-07-21T16:57:59Z",
  "elapsed_sec": 152.57,
  "meta": {
    "path": "../raw videos/50e713e9-3eff-4cbd-bccf-4145a406331e.mp4",
    "width": 3840,
    "height": 2160,
    "fps": 30.0,
    "frame_count": 899,
    "duration": 29.966666666666665,
    "detail_scale": 0.25,
    "texture_compensation": 16.0,
    "scene_spans_provided": true,
    "scene_detect": {
      "detector": "content",
      "ok": true,
      "error": "",
      "detect_sec": 36.904,
      "n_scenes": 6
    },
    "samples_per_segment": 16,
    "si_ti_agg": "mean"
  },
  "cut_times_sec": [
    4.0,
    9.966667,
    13.966667,
    19.966667,
    23.966667
  ],
  "global": {
    "mean_motion": 0.04073817054236629,
    "mean_texture": 4.608932825623863,
    "mean_noise": 0.024243545162280944,
    "mean_edge": 0.07467668564887768,
    "mean_entropy": 0.8259394686664968,
    "mean_hf_energy": 4.93430644737574,
    "mean_flatness": 0.559237558272695,
    "mean_luma": 0.2608593342253222,
    "mean_difficulty": 0.44835203215654973,
    "motion_p90": 0.07552351882110869,
    "motion_level": 0.3424737607346737,
    "texture_level": 0.5220260383279324,
    "noise_level_norm": 0.3355807789861721,
    "edge_level": 0.6112187873837913,
    "segment_count": 6,
    "cut_count": 5,
    "cut_rate": 0.16685205784204674,
    "hard_fraction": 0.46718576195773076,
    "worst_difficulty": 0.5488023827355674,
    "volatility": 0.4722633798702296,
    "duration": 29.966666666666665,
    "fps": 30.0,
    "width": 3840,
    "height": 2160,
    "n_segments": 6
  },
  "segments": [
    {
      "index": 0,
      "start_sec": 0.0,
      "end_sec": 4.0,
      "duration": 4.0,
      "frame_count": 120,
      "motion": 0.058406628710511985,
      "motion_p90": 0.07552351882110869,
      "motion_max": 0.07914156681190995,
      "texture": 5.74591192263812,
      "edge": 0.17131703317901234,
      "noise": 0.013808529794914648,
      "entropy": 0.9306714534759521,
      "hf_energy": 5.0,
      "flatness": 0.19840181327160494,
      "si": 105.05052777596495,
      "ti": 34.98769074339673,
      "luma_mean": 0.37548354996898453,
      "sat_mean": 0.41084993324104335,
      "difficulty": 0.5424640201664068
    },
    {
      "index": 1,
      "start_sec": 4.0,
      "end_sec": 9.966666666666667,
      "duration": 5.966666666666667,
      "frame_count": 179,
      "motion": 0.027766989965353425,
      "motion_p90": 0.011781545025417573,
      "motion_max": 0.3094543920963447,
      "texture": 3.8356652669402926,
      "edge": 0.007355203510802469,
      "noise": 0.029797353461617604,
      "entropy": 0.6602219790220261,
      "hf_energy": 4.670064224529558,
      "flatness": 0.8506868489583332,
      "si": 48.97034165349787,
      "ti": 15.701565881618526,
      "luma_mean": 0.13293709670403656,
      "sat_mean": 0.816420138888889,
      "difficulty": 0.33971882023032207
    },
    {
      "index": 2,
      "start_sec": 9.966666666666667,
      "end_sec": 13.966666666666667,
      "duration": 4.0,
      "frame_count": 120,
      "motion": 0.030034406866527474,
      "motion_p90": 0.021133079157588962,
      "motion_max": 0.23847241134107963,
      "texture": 4.011281459343981,
      "edge": 0.02552927276234568,
      "noise": 0.01671558865928091,
      "entropy": 0.8518396988511086,
      "hf_energy": 5.0,
      "flatness": 0.693845847800926,
      "si": 66.53090685340956,
      "ti": 26.71533401724388,
      "luma_mean": 0.2632475093046478,
      "sat_mean": 0.45022130735974947,
      "difficulty": 0.3961010198779805
    },
    {
      "index": 3,
      "start_sec": 13.966666666666667,
      "end_sec": 19.966666666666665,
      "duration": 5.999999999999998,
      "frame_count": 180,
      "motion": 0.05679969618055555,
      "motion_p90": 0.06023942825587025,
      "motion_max": 0.23937001482691841,
      "texture": 5.740199534769406,
      "edge": 0.1750805362654321,
      "noise": 0.024710000841878355,
      "entropy": 0.9327336363494396,
      "hf_energy": 5.0,
      "flatness": 0.18866729359567902,
      "si": 106.09015916648205,
      "ti": 34.05707494634455,
      "luma_mean": 0.3885757350104394,
      "sat_mean": 0.41519151026537154,
      "difficulty": 0.5488023827355674
    },
    {
      "index": 4,
      "start_sec": 19.966666666666665,
      "end_sec": 23.966666666666665,
      "duration": 4.0,
      "frame_count": 120,
      "motion": 0.045811057023117885,
      "motion_p90": 0.05010369386952312,
      "motion_max": 0.33480243887678524,
      "texture": 4.3349650369252934,
      "edge": 0.04838252314814814,
      "noise": 0.0341579397500027,
      "entropy": 0.7309912443161011,
      "hf_energy": 5.0,
      "flatness": 0.7272025704089506,
      "si": 71.66612793376594,
      "ti": 28.4425895356053,
      "luma_mean": 0.14210972297869767,
      "sat_mean": 0.7805046159185124,
      "difficulty": 0.45170794110834855
    },
    {
      "index": 5,
      "start_sec": 23.966666666666665,
      "end_sec": 29.966666666666665,
      "duration": 6.0,
      "frame_count": 180,
      "motion": 0.02955070938483418,
      "motion_p90": 0.021446910554345194,
      "motion_max": 0.25139005386105057,
      "texture": 4.069731116256446,
      "edge": 0.027087794174382715,
      "noise": 0.023619853862328455,
      "entropy": 0.8601528108119965,
      "hf_energy": 5.0,
      "flatness": 0.6788193238811728,
      "si": 68.64693148668991,
      "ti": 27.85749647866104,
      "luma_mean": 0.2615126388132414,
      "sat_mean": 0.4458458988630174,
      "difficulty": 0.4113180088206733
    }
  ],
  "distributions": {
    "thresholds": {
      "high_complexity": 0.45,
      "low_complexity": 0.2
    },
    "metrics": {
      "motion_mean": {
        "mean": 0.041394914688483414,
        "max": 0.058406628710511985,
        "min": 0.027766989965353425,
        "p95": 0.05800489557802288,
        "variance": 0.0001668791149020892,
        "std": 0.012918169951741974
      },
      "motion_p90": {
        "mean": 0.0400380292806423,
        "max": 0.07552351882110869,
        "min": 0.011781545025417573,
        "p95": 0.07170249617979908,
        "variance": 0.0005450149715358186,
        "std": 0.023345555712722253
      },
      "motion_max": {
        "mean": 0.24210514630234806,
        "max": 0.33480243887678524,
        "min": 0.07914156681190995,
        "p95": 0.3284654271816751,
        "variance": 0.006632120735974613,
        "std": 0.08143783356631372
      },
      "texture": {
        "mean": 4.62295905614559,
        "max": 5.74591192263812,
        "min": 3.8356652669402926,
        "p95": 5.744483825670942,
        "variance": 0.648705354828373,
        "std": 0.8054224697811534
      },
      "edge_density": {
        "mean": 0.07579206050668726,
        "max": 0.1750805362654321,
        "min": 0.007355203510802469,
        "p95": 0.17413966049382718,
        "variance": 0.004886093557838073,
        "std": 0.06990059769299596
      },
      "noise_level": {
        "mean": 0.023801544395003777,
        "max": 0.0341579397500027,
        "min": 0.013808529794914648,
        "p95": 0.033067793177906424,
        "variance": 4.902234419401365e-05,
        "std": 0.007001595831952431
      },
      "high_freq_energy": {
        "mean": 4.94501070408826,
        "max": 5.0,
        "min": 4.670064224529558,
        "p95": 5.0,
        "variance": 0.015119113324344744,
        "std": 0.12295980369350279
      },
      "flatness": {
        "mean": 0.5562706163194445,
        "max": 0.8506868489583332,
        "min": 0.18866729359567902,
        "p95": 0.8198157793209876,
        "variance": 0.06884101068080213,
        "std": 0.26237570520305825
      },
      "entropy": {
        "mean": 0.827768470471104,
        "max": 0.9327336363494396,
        "min": 0.6602219790220261,
        "p95": 0.9322180906310678,
        "variance": 0.010112089632225367,