{
  "video": "51.mp4",
  "path": "/root/terry/videos/51.mp4",
  "extracted_at": "2026-07-17T18:33:28Z",
  "elapsed_sec": 18.271,
  "meta": {
    "path": "/root/terry/videos/51.mp4",
    "width": 3840,
    "height": 2160,
    "fps": 30.0,
    "frame_count": 900,
    "duration": 30.0,
    "detail_scale": 0.25,
    "texture_compensation": 16.0,
    "scene_spans_provided": false
  },
  "cut_times_sec": [
    5.0,
    10.0,
    15.0,
    20.0,
    25.0
  ],
  "global": {
    "mean_motion": 0.0519936380416364,
    "mean_texture": 4.936989315875622,
    "mean_noise": 0.048450981470523395,
    "mean_edge": 0.06485472125771605,
    "mean_entropy": 0.799187329908212,
    "mean_hf_energy": 4.963198711419713,
    "mean_flatness": 0.5704608731995885,
    "mean_luma": 0.3438004372112785,
    "mean_difficulty": 0.5115329833551344,
    "motion_p90": 0.1424031393730331,
    "motion_level": 0.4954821985719573,
    "texture_level": 0.5391498390542275,
    "noise_level_norm": 0.5023378791156274,
    "edge_level": 0.5772318290831245,
    "segment_count": 6,
    "cut_count": 5,
    "cut_rate": 0.16666666666666666,
    "hard_fraction": 0.8333333333333334,
    "worst_difficulty": 0.5775539896481748,
    "volatility": 0.5029920523133056,
    "duration": 30.0,
    "fps": 30.0,
    "width": 3840,
    "height": 2160,
    "n_segments": 6
  },
  "segments": [
    {
      "index": 0,
      "start_sec": 0.0,
      "end_sec": 5.0,
      "duration": 5.0,
      "frame_count": 150,
      "motion": 0.010907379985173082,
      "motion_p90": 0.014883820503510047,
      "motion_max": 0.015540705942870976,
      "texture": 3.9186996325406374,
      "edge": 0.048515142746913584,
      "noise": 0.0,
      "entropy": 0.5969513282179832,
      "hf_energy": 5.0,
      "flatness": 0.7548584587191358,
      "luma_mean": 0.09562164124909223,
      "difficulty": 0.32194926149450087
    },
    {
      "index": 1,
      "start_sec": 5.0,
      "end_sec": 10.0,
      "duration": 5.0,
      "frame_count": 150,
      "motion": 0.060194749871399174,
      "motion_p90": 0.1326317507867344,
      "motion_max": 0.3947189693778746,
      "texture": 5.019818694757834,
      "edge": 0.020375675154320986,
      "noise": 0.078490590385627,
      "entropy": 0.8597486913204193,
      "hf_energy": 5.0,
      "flatness": 0.6313377700617284,
      "luma_mean": 0.4883251085542242,
      "difficulty": 0.5486309242258641
    },
    {
      "index": 2,
      "start_sec": 10.0,
      "end_sec": 15.0,
      "duration": 5.0,
      "frame_count": 150,
      "motion": 0.06812232869613895,
      "motion_p90": 0.10934442326313237,
      "motion_max": 0.23504920872670054,
      "texture": 5.982757728115756,
      "edge": 0.12803602430555555,
      "noise": 0.029070589516777545,
      "entropy": 0.919862873852253,
      "hf_energy": 5.0,
      "flatness": 0.2949732349537037,
      "luma_mean": 0.4379324127027354,
      "difficulty": 0.5775539896481748
    },
    {
      "index": 3,
      "start_sec": 15.0,
      "end_sec": 20.0,
      "duration": 5.0,
      "frame_count": 150,
      "motion": 0.05350003593258291,
      "motion_p90": 0.11786001649116432,
      "motion_max": 0.34812164124909223,
      "texture": 3.948371711634906,
      "edge": 0.04865909529320988,
      "noise": 0.06540882587432861,
      "entropy": 0.6090457141399384,
      "hf_energy": 5.0,
      "flatness": 0.7523531539351851,
      "luma_mean": 0.10335409669268941,
      "difficulty": 0.49967335634408205
    },
    {
      "index": 4,
      "start_sec": 20.0,
      "end_sec": 25.0,
      "duration": 5.0,
      "frame_count": 150,
      "motion": 0.06327920940752844,
      "motion_p90": 0.1424031393730331,
      "motion_max": 0.43889531136528687,
      "texture": 4.771719616754663,
      "edge": 0.013502121913580249,
      "noise": 0.0857582347234711,
      "entropy": 0.8902094811201096,
      "hf_energy": 4.77919226851828,
      "flatness": 0.6848958333333333,
      "luma_mean": 0.4984023125453886,
      "difficulty": 0.5465194964656908
    },
    {
      "index": 5,
      "start_sec": 25.0,
      "end_sec": 30.0,
      "duration": 5.0,
      "frame_count": 150,
      "motion": 0.05595812435699588,
      "motion_p90": 0.09937501059065598,
      "motion_max": 0.23767260499878964,
      "texture": 5.980568511449938,
      "edge": 0.13004026813271607,
      "noise": 0.03197764832293615,
      "entropy": 0.9193058907985687,
      "hf_energy": 5.0,
      "flatness": 0.30434678819444444,
      "luma_mean": 0.4391670515235415,
      "difficulty": 0.5748708719524939
    }
  ],
  "distributions": {
    "thresholds": {
      "high_complexity": 0.45,
      "low_complexity": 0.2
    },
    "metrics": {
      "motion_mean": {
        "mean": 0.051993638041636404,
        "max": 0.06812232869613895,
        "min": 0.010907379985173082,
        "p95": 0.06691154887398632,
        "variance": 0.0003601373343267288,
        "std": 0.0189772846931991
      },
      "motion_p90": {
        "mean": 0.1027496935013717,
        "max": 0.1424031393730331,
        "min": 0.014883820503510047,
        "p95": 0.13996029222645842,
        "variance": 0.0017448242601688692,
        "std": 0.04177109359555803
      },
      "motion_max": {
        "mean": 0.27833307361010245,
        "max": 0.43889531136528687,
        "min": 0.015540705942870976,
        "p95": 0.4278512258684338,
        "variance": 0.019463824711801074,
        "std": 0.139512811998759
      },
      "texture": {
        "mean": 4.936989315875622,
        "max": 5.982757728115756,
        "min": 3.9186996325406374,
        "p95": 5.982210423949301,
        "variance": 0.7051904225882414,
        "std": 0.8397561685324147
      },
      "edge_density": {
        "mean": 0.06485472125771606,
        "max": 0.13004026813271607,
        "min": 0.013502121913580249,
        "p95": 0.12953920717592593,
        "variance": 0.0022309646173626504,
        "std": 0.047233088162459275
      },
      "noise_level": {
        "mean": 0.0484509814705234,
        "max": 0.0857582347234711,
        "min": 0.0,
        "p95": 0.08394132363901008,
        "variance": 0.0009293742731008053,
        "std": 0.030485640441047082
      },
      "high_freq_energy": {
        "mean": 4.963198711419714,
        "max": 5.0,
        "min": 4.77919226851828,
        "p95": 5.0,
        "variance": 0.006771674205847706,
        "std": 0.08229018292510781
      },
      "flatness": {
        "mean": 0.5704608731995885,
        "max": 0.7548584587191358,
        "min": 0.2949732349537037,
        "p95": 0.7542321325231481,
        "variance": 0.03843312884557196,
        "std": 0.19604369116493384
      },
      "entropy": {
        "mean": 0.7991873299082121,
        "max": 0.919862873852253,
        "min": 0.5969513282179832,
        "p95": 0.9197236280888319,
        "variance": 0.019666166751753675,
        "std": 0.1402361107267086
      },
      "difficulty": {
        "mean": 0.5115329833551344,
        "max": 0.5775539896481748,
        "min": 0.32194926149450087,
        "p95": 0.5768832102242546,
        "variance": 0.007842235511295306,
        "std": 0.08855639734821706
      }
    },
    "high_complexity_ratio": 0.8333333333333334,
    "low_complexity_ratio": 0.0,
    "high_complexity_segment_ratio": 0.8333333333333334,
    "low_complexity_segment_ratio": 0.0,
    "scene_complexity_histogram": {
      "bins": [
        0.0,
        0.2,
        0.4,
        0.6,
        0.8,
        1.0
      ],
      "counts": [
        0,
        1,
        5,
        0,
        0
      ],
      "fractions": [
        0.0,
        0.16666666666666666,
        0.8333333333333334,
        0.0,
        0.0
      ]
    },
    "worst_segment_index": 2
  },
  "summary_raw": {
    "segment_count": 6.0,
    "cut_count": 5.0,
    "cut_rate": 0.16666666666666666,
    "hard_fraction": 0.8333333333333334,
    "worst_difficulty": 0.5775539896481748,
    "difficulty_mean": 0.5115329833551344,
    "difficulty_p90": 0.5762124308003344,