{
  "video": "52.mp4",
  "path": "/root/terry/videos/52.mp4",
  "extracted_at": "2026-07-17T18:33:46Z",
  "elapsed_sec": 17.877,
  "meta": {
    "path": "/root/terry/videos/52.mp4",
    "width": 3840,
    "height": 2160,
    "fps": 30.0,
    "frame_count": 899,
    "duration": 29.966666666666665,
    "detail_scale": 0.25,
    "texture_compensation": 16.0,
    "scene_spans_provided": false
  },
  "cut_times_sec": [
    5.0,
    10.0,
    15.0,
    20.0,
    25.0
  ],
  "global": {
    "mean_motion": 0.04266330195504385,
    "mean_texture": 4.18664629973562,
    "mean_noise": 0.03998984389814617,
    "mean_edge": 0.03174490512220368,
    "mean_entropy": 0.8468647132958136,
    "mean_hf_energy": 5.0,
    "mean_flatness": 0.7451834648451985,
    "mean_luma": 0.3811433968250567,
    "mean_difficulty": 0.4761982531996793,
    "motion_p90": 0.1404604370915032,
    "motion_level": 0.4920487004175615,
    "texture_level": 0.49801623030902176,
    "noise_level_norm": 0.45448249623487175,
    "edge_level": 0.4005923797025161,
    "segment_count": 6,
    "cut_count": 5,
    "cut_rate": 0.16685205784204674,
    "hard_fraction": 0.5005561735261402,
    "worst_difficulty": 0.5527406022814717,
    "volatility": 0.4895101885471044,
    "duration": 29.966666666666665,
    "fps": 30.0,
    "width": 3840,
    "height": 2160,
    "n_segments": 6
  },
  "segments": [
    {
      "index": 0,
      "start_sec": 0.0,
      "end_sec": 5.0,
      "duration": 5.0,
      "frame_count": 150,
      "motion": 0.008735061501452434,
      "motion_p90": 0.013284687424352458,
      "motion_max": 0.013324497700314693,
      "texture": 4.5289742643776165,
      "edge": 0.01784746334876543,
      "noise": 0.002907058922573924,
      "entropy": 0.8994248360395432,
      "hf_energy": 5.0,
      "flatness": 0.7539021508487654,
      "luma_mean": 0.5801786539654442,
      "difficulty": 0.35765990760116384
    },
    {
      "index": 1,
      "start_sec": 5.0,
      "end_sec": 10.0,
      "duration": 5.0,
      "frame_count": 150,
      "motion": 0.04614831457274268,
      "motion_p90": 0.09783113879811181,
      "motion_max": 0.2892376694504963,
      "texture": 4.90687377950414,
      "edge": 0.04971209490740741,
      "noise": 0.045059412717819214,
      "entropy": 0.9139442592859268,
      "hf_energy": 5.0,
      "flatness": 0.6207708815586419,
      "luma_mean": 0.37150092951918423,
      "difficulty": 0.5381161331489422
    },
    {
      "index": 2,
      "start_sec": 10.0,
      "end_sec": 15.0,
      "duration": 5.0,
      "frame_count": 150,
      "motion": 0.04082231432310579,
      "motion_p90": 0.08536521877269423,
      "motion_max": 0.24770520152505449,
      "texture": 3.073428544526323,
      "edge": 0.028586275077160495,
      "noise": 0.026163529604673386,
      "entropy": 0.7440518289804459,
      "hf_energy": 5.0,
      "flatness": 0.8533010223765432,
      "luma_mean": 0.19373287434186637,
      "difficulty": 0.436401450346765
    },
    {
      "index": 3,
      "start_sec": 15.0,
      "end_sec": 20.0,
      "duration": 5.0,
      "frame_count": 150,
      "motion": 0.06037444682734205,
      "motion_p90": 0.1404604370915032,
      "motion_max": 0.4414592562333575,
      "texture": 4.477711188622504,
      "edge": 0.01574122299382716,
      "noise": 0.09157234960002825,
      "entropy": 0.870692253112793,
      "hf_energy": 5.0,
      "flatness": 0.773517795138889,
      "luma_mean": 0.5604143811652748,
      "difficulty": 0.541257764698096
    },
    {
      "index": 4,
      "start_sec": 20.0,
      "end_sec": 25.0,
      "duration": 5.0,
      "frame_count": 150,
      "motion": 0.05672749012799564,
      "motion_p90": 0.11177171084483169,
      "motion_max": 0.31588584785766155,
      "texture": 4.970084175086374,
      "edge": 0.05060353973765432,
      "noise": 0.050146765424869955,
      "entropy": 0.9219792559742928,
      "hf_energy": 5.0,
      "flatness": 0.6162895447530865,
      "luma_mean": 0.3888471087509078,
      "difficulty": 0.5527406022814717
    },
    {
      "index": 5,
      "start_sec": 25.0,
      "end_sec": 29.966666666666665,
      "duration": 4.966666666666665,
      "frame_count": 149,
      "motion": 0.04317559969589688,
      "motion_p90": 0.08373568218954244,
      "motion_max": 0.23772398480997337,
      "texture": 3.155934433857576,
      "edge": 0.027953559027777776,
      "noise": 0.023983236402273178,
      "entropy": 0.7303188741207123,
      "hf_energy": 5.0,
      "flatness": 0.8540451388888889,
      "luma_mean": 0.19091826566660614,
      "difficulty": 0.4310136611216365
    }
  ],
  "distributions": {
    "thresholds": {
      "high_complexity": 0.45,
      "low_complexity": 0.2
    },
    "metrics": {
      "motion_mean": {
        "mean": 0.04266387117475592,
        "max": 0.06037444682734205,
        "min": 0.008735061501452434,
        "p95": 0.05946270765250544,
        "variance": 0.0002797347562276891,
        "std": 0.016725272979168055
      },
      "motion_p90": {
        "mean": 0.08874147918683929,
        "max": 0.1404604370915032,
        "min": 0.013284687424352458,
        "p95": 0.1332882555298353,
        "variance": 0.0015030081083105933,
        "std": 0.03876864852313778
      },
      "motion_max": {
        "mean": 0.2575560762628097,
        "max": 0.4414592562333575,
        "min": 0.013324497700314693,
        "p95": 0.41006590413943356,
        "variance": 0.016394313459353018,
        "std": 0.1280402806125987
      },
      "texture": {
        "mean": 4.185501064329089,
        "max": 4.970084175086374,
        "min": 3.073428544526323,
        "p95": 4.954281576190816,
        "variance": 0.6060037639427818,
        "std": 0.7784624357942918
      },
      "edge_density": {
        "mean": 0.031740692515432094,
        "max": 0.05060353973765432,
        "min": 0.01574122299382716,
        "p95": 0.05038067853009259,
        "variance": 0.00019201264672361005,
        "std": 0.013856862802366561
      },
      "noise_level": {
        "mean": 0.03997205877870632,
        "max": 0.09157234960002825,
        "min": 0.002907058922573924,
        "p95": 0.08121595355623867,
        "variance": 0.0007686879952587726,
        "std": 0.027725223087628575
      },
      "high_freq_energy": {
        "mean": 5.0,
        "max": 5.0,
        "min": 5.0,
        "p95": 5.0,
        "variance": 0.0,
        "std": 0.0
      },
      "flatness": {
        "mean": 0.7453044222608024,
        "max": 0.8540451388888889,
        "min": 0.6162895447530865,
        "p95": 0.8538591097608025,
        "variance": 0.00941852763558781,
        "std": 0.09704909909724979
      },
      "entropy": {
        "mean": 0.8467352179189523,
        "max": 0.9219792559742928,
        "min": 0.7303188741207123,
        "p95": 0.9199705068022013,
        "variance": 0.006270916560760072,
        "std": 0.07918911895431134
      },
      "difficulty": {
        "mean": 0.4761982531996793,
        "max": 0.5527406022814717,
        "min": 0.35765990760116384,
        "p95": 0.5498698928856278,
        "variance": 0.005267011225431475,
        "std": 0.07257417740099763
      }
    },
    "high_complexity_ratio": 0.5005561735261402,
    "low_complexity_ratio": 0.0,
    "high_complexity_segment_ratio": 0.5,
    "low_complexity_segment_ratio": 0.0,
    "scene_complexity_histogram": {
      "bins": [
        0.0,
        0.2,
        0.4,
        0.6,
        0.8,
        1.0
      ],
      "counts": [
        0,
        1,
        5,
        0,
        0
      ],
      "fractions": [
        0.0,
        0.16666666666666666,
        0.8333333333333334,
        0.0,
        0.0
      ]
    },
    "worst_segment_index": 4
  },
  "summary_raw": {
    "segment_count": 6.0,
    "cut_count": 5.0,
    "cut_rate": 0.16685205784204674,
    "hard_fraction": 0.5005561735261402,
    "worst_difficulty": 0.5527406022814717,
    "difficulty_mean": 0.4761982531996793,
    "difficulty_p90": 0.5469991834897838,