{
  "video": "53.mp4",
  "path": "/root/terry/videos/53.mp4",
  "extracted_at": "2026-07-17T18:34:03Z",
  "elapsed_sec": 16.742,
  "meta": {
    "path": "/root/terry/videos/53.mp4",
    "width": 3840,
    "height": 2160,
    "fps": 30.0,
    "frame_count": 899,
    "duration": 29.966666666666665,
    "detail_scale": 0.25,
    "texture_compensation": 16.0,
    "scene_spans_provided": false
  },
  "cut_times_sec": [
    1.0,
    10.0,
    11.0,
    20.0,
    21.0
  ],
  "global": {
    "mean_motion": 0.06452588514924966,
    "mean_texture": 4.86879152542055,
    "mean_noise": 0.0713345023397578,
    "mean_edge": 0.06322010551204012,
    "mean_entropy": 0.8036934777646759,
    "mean_hf_energy": 4.94816901416667,
    "mean_flatness": 0.5794682062717148,
    "mean_luma": 0.3442031196241019,
    "mean_difficulty": 0.5209002643481839,
    "motion_p90": 0.1413550895666908,
    "motion_level": 0.4936356807227966,
    "texture_level": 0.5356918476788656,
    "noise_level_norm": 0.5977693034380034,
    "edge_level": 0.5709902932233507,
    "segment_count": 6,
    "cut_count": 5,
    "cut_rate": 0.16685205784204674,
    "hard_fraction": 0.9666295884315906,
    "worst_difficulty": 0.6111549998402828,
    "volatility": 0.528529189237883,
    "duration": 29.966666666666665,
    "fps": 30.0,
    "width": 3840,
    "height": 2160,
    "n_segments": 6
  },
  "segments": [
    {
      "index": 0,
      "start_sec": 0.0,
      "end_sec": 1.0,
      "duration": 1.0,
      "frame_count": 30,
      "motion": 0.00719017130386105,
      "motion_p90": 0.010549210239651415,
      "motion_max": 0.01105784767610748,
      "texture": 3.910879684986404,
      "edge": 0.04848066165123457,
      "noise": 0.0,
      "entropy": 0.579756423830986,
      "hf_energy": 5.0,
      "flatness": 0.756705005787037,
      "luma_mean": 0.08244079917846768,
      "difficulty": 0.31284210048152133
    },
    {
      "index": 1,
      "start_sec": 1.0,
      "end_sec": 10.0,
      "duration": 9.0,
      "frame_count": 270,
      "motion": 0.06399124096011861,
      "motion_p90": 0.1413550895666908,
      "motion_max": 0.4338602714233842,
      "texture": 4.768198294637733,
      "edge": 0.01462938850308642,
      "noise": 0.09302588435821235,
      "entropy": 0.8856111392378807,
      "hf_energy": 4.876703441332721,
      "flatness": 0.6848806423611111,
      "luma_mean": 0.49435826865468413,
      "difficulty": 0.5500237038033696
    },
    {
      "index": 2,
      "start_sec": 10.0,
      "end_sec": 11.0,
      "duration": 1.0,
      "frame_count": 30,
      "motion": 0.07877023760893247,
      "motion_p90": 0.11952649328249815,
      "motion_max": 0.2522343712176229,
      "texture": 5.880903621373502,
      "edge": 0.12451364776234568,
      "noise": 0.04578617512015626,
      "entropy": 0.9205906093120575,
      "hf_energy": 5.0,
      "flatness": 0.3009688464506173,
      "luma_mean": 0.44241485585360685,
      "difficulty": 0.5981115400348814
    },
    {
      "index": 3,
      "start_sec": 11.0,
      "end_sec": 20.0,
      "duration": 9.0,
      "frame_count": 270,
      "motion": 0.059662431349854765,
      "motion_p90": 0.13066526340474455,
      "motion_max": 0.3908129463205035,
      "texture": 3.912190255339241,
      "edge": 0.04850236304012345,
      "noise": 0.0712229385972023,
      "entropy": 0.6033402383327484,
      "hf_energy": 5.0,
      "flatness": 0.7533981963734568,
      "luma_mean": 0.09931209434005084,
      "difficulty": 0.5077270213779975
    },
    {
      "index": 4,
      "start_sec": 20.0,
      "end_sec": 21.0,
      "duration": 1.0,
      "frame_count": 30,
      "motion": 0.06088002867041878,
      "motion_p90": 0.1347424133079157,
      "motion_max": 0.42575101367707574,
      "texture": 4.554591076304048,
      "edge": 0.014975887345679012,
      "noise": 0.09229911747388542,
      "entropy": 0.9083592370152473,
      "hf_energy": 4.5564671525333615,
      "flatness": 0.7064489293981482,
      "luma_mean": 0.48292908231965626,
      "difficulty": 0.5455422205510504
    },
    {
      "index": 5,
      "start_sec": 21.0,
      "end_sec": 29.966666666666665,
      "duration": 8.966666666666665,
      "frame_count": 269,
      "motion": 0.07515637954641734,
      "motion_p90": 0.12445572576252721,
      "motion_max": 0.29182865831517796,
      "texture": 5.9589124214846585,
      "edge": 0.12695240162037036,
      "noise": 0.05814117705449462,
      "entropy": 0.922834113240242,
      "hf_energy": 5.0,
      "flatness": 0.29621913580246917,
      "luma_mean": 0.44205971900720165,
      "difficulty": 0.6111549998402828
    }
  ],
  "distributions": {
    "thresholds": {
      "high_complexity": 0.45,
      "low_complexity": 0.2
    },
    "metrics": {
      "motion_mean": {
        "mean": 0.05760841490660051,
        "max": 0.07877023760893247,
        "min": 0.00719017130386105,
        "p95": 0.07786677309330368,
        "variance": 0.0005589026666114344,
        "std": 0.02364112236361536
      },
      "motion_p90": {
        "mean": 0.11021569926067128,
        "max": 0.1413550895666908,
        "min": 0.010549210239651415,
        "p95": 0.13970192050199703,
        "variance": 0.0020353807130226676,
        "std": 0.04511519381563896
      },
      "motion_max": {
        "mean": 0.30092418477164523,
        "max": 0.4338602714233842,
        "min": 0.01105784767610748,
        "p95": 0.43183295698680707,
        "variance": 0.02130160828804691,
        "std": 0.14595070499331927
      },
      "texture": {
        "mean": 4.830945892354264,
        "max": 5.9589124214846585,
        "min": 3.910879684986404,
        "p95": 5.939410221456869,
        "variance": 0.6909437859043678,
        "std": 0.8312302845207024
      },
      "edge_density": {
        "mean": 0.06300905832047325,
        "max": 0.12695240162037036,
        "min": 0.01462938850308642,
        "p95": 0.12634271315586418,
        "variance": 0.002156810359675106,
        "std": 0.04644147241071396
      },
      "noise_level": {
        "mean": 0.06007921543399183,
        "max": 0.09302588435821235,
        "min": 0.0,
        "p95": 0.09284419263713062,
        "variance": 0.001010891127989691,
        "std": 0.03179451411784258
      },
      "high_freq_energy": {
        "mean": 4.905528432311014,
        "max": 5.0,
        "min": 4.5564671525333615,
        "p95": 5.0,
        "variance": 0.026395694258561652,
        "std": 0.16246751754908317
      },
      "flatness": {
        "mean": 0.5831034593621399,
        "max": 0.756705005787037,
        "min": 0.29621913580246917,
        "p95": 0.755878303433642,
        "variance": 0.04110217487325063,
        "std": 0.20273671318547765
      },
      "entropy": {
        "mean": 0.8034152934948603,
        "max": 0.922834113240242,
        "min": 0.579756423830986,
        "p95": 0.9222732372581959,
        "variance": 0.022635602527117413,
        "std": 0.1504513294295448
      },
      "difficulty": {
        "mean": 0.5209002643481839,
        "max": 0.6111549998402828,
        "min": 0.31284210048152133,
        "p95": 0.6078941348889324,
        "variance": 0.009837438830839729,
        "std": 0.09918386376240708
      }
    },
    "high_complexity_ratio": 0.9666295884315906,
    "low_complexity_ratio": 0.0,
    "high_complexity_segment_ratio": 0.8333333333333334,
    "low_complexity_segment_ratio": 0.0,
    "scene_complexity_histogram": {
      "bins": [
        0.0,
        0.2,
        0.4,
        0.6,
        0.8,
        1.0
      ],
      "counts": [
        0,
        1,
        4,
        1,
        0
      ],
      "fractions": [
        0.0,
        0.16666666666666666,
        0.6666666666666666,
        0.16666666666666666,
        0.0
      ]
    },
    "worst_segment_index": 5
  },
  "summary_raw": {
    "segment_count": 6.0,
    "cut_count": 5.0,
    "cut_rate": 0.16685205784204674,
    "hard_fraction": 0.9666295884315906,
    "worst_difficulty": 0.6111549998402828,