{
  "video": "54.mp4",
  "path": "/root/terry/videos/54.mp4",
  "extracted_at": "2026-07-17T18:34:19Z",
  "elapsed_sec": 16.662,
  "meta": {
    "path": "/root/terry/videos/54.mp4",
    "width": 3840,
    "height": 2160,
    "fps": 30.0,
    "frame_count": 899,
    "duration": 29.966666666666665,
    "detail_scale": 0.25,
    "texture_compensation": 16.0,
    "scene_spans_provided": false
  },
  "cut_times_sec": [
    1.0,
    10.0,
    11.0,
    20.0,
    21.0
  ],
  "global": {
    "mean_motion": 0.061327169312361644,
    "mean_texture": 5.003376095201038,
    "mean_noise": 0.06352440828453072,
    "mean_edge": 0.07262174074159902,
    "mean_entropy": 0.79413870947479,
    "mean_hf_energy": 4.970436831004736,
    "mean_flatness": 0.5557180252256451,
    "mean_luma": 0.33818489174382216,
    "mean_difficulty": 0.5146658345266761,
    "motion_p90": 0.1450034336419752,
    "motion_level": 0.5000059200022773,
    "texture_level": 0.5424668845287917,
    "noise_level_norm": 0.5696009444180304,
    "edge_level": 0.6045678350417844,
    "segment_count": 6,
    "cut_count": 5,
    "cut_rate": 0.16685205784204674,
    "hard_fraction": 0.9666295884315906,
    "worst_difficulty": 0.5890236483374811,
    "volatility": 0.49748501014310204,
    "duration": 29.966666666666665,
    "fps": 30.0,
    "width": 3840,
    "height": 2160,
    "n_segments": 6
  },
  "segments": [
    {
      "index": 0,
      "start_sec": 0.0,
      "end_sec": 1.0,
      "duration": 1.0,
      "frame_count": 30,
      "motion": 0.017140027384410554,
      "motion_p90": 0.021144060911401596,
      "motion_max": 0.02137879750665698,
      "texture": 3.8704181573518888,
      "edge": 0.048417004243827166,
      "noise": 0.0,
      "entropy": 0.5819312855601311,
      "hf_energy": 5.0,
      "flatness": 0.7526232156635801,
      "luma_mean": 0.08415272671568627,
      "difficulty": 0.3276815193609849
    },
    {
      "index": 1,
      "start_sec": 1.0,
      "end_sec": 10.0,
      "duration": 9.0,
      "frame_count": 270,
      "motion": 0.06440293947440087,
      "motion_p90": 0.1450034336419752,
      "motion_max": 0.43381815843621396,
      "texture": 4.917421111375681,
      "edge": 0.01740354938271605,
      "noise": 0.0864849963109009,
      "entropy": 0.8743931278586388,
      "hf_energy": 4.925951028302659,
      "flatness": 0.6544560185185185,
      "luma_mean": 0.49206817545691117,
      "difficulty": 0.5540241798956428
    },
    {
      "index": 2,
      "start_sec": 10.0,
      "end_sec": 11.0,
      "duration": 1.0,
      "frame_count": 30,
      "motion": 0.045252261861534734,
      "motion_p90": 0.08500130718954244,
      "motion_max": 0.23801540183974823,
      "texture": 6.044120535071335,
      "edge": 0.13613715277777777,
      "noise": 0.03052411787211895,
      "entropy": 0.9245804846286774,
      "hf_energy": 5.0,
      "flatness": 0.30339023919753083,
      "luma_mean": 0.44284705201525054,
      "difficulty": 0.5661738261732286
    },
    {
      "index": 3,
      "start_sec": 11.0,
      "end_sec": 20.0,
      "duration": 9.0,
      "frame_count": 270,
      "motion": 0.0658007954339143,
      "motion_p90": 0.12816863879811177,
      "motion_max": 0.37383928679496486,
      "texture": 3.9751559644347276,
      "edge": 0.048325858410493826,
      "noise": 0.07485676556825638,
      "entropy": 0.5903512984514236,
      "hf_energy": 5.0,
      "flatness": 0.7510435956790124,
      "luma_mean": 0.08921415157498185,
      "difficulty": 0.5071870728039531
    },
    {
      "index": 4,
      "start_sec": 20.0,
      "end_sec": 21.0,
      "duration": 1.0,
      "frame_count": 30,
      "motion": 0.06323084415093197,
      "motion_p90": 0.1402074475006051,
      "motion_max": 0.43630864954006293,
      "texture": 4.670416464634997,
      "edge": 0.013098717206790123,
      "noise": 0.08866529050283134,
      "entropy": 0.8894926607608795,
      "hf_energy": 4.780531114384686,
      "flatness": 0.7069017650462963,
      "luma_mean": 0.5060357680495038,
      "difficulty": 0.5439047605887662
    },
    {
      "index": 5,
      "start_sec": 21.0,
      "end_sec": 29.966666666666665,
      "duration": 8.966666666666665,
      "frame_count": 269,
      "motion": 0.06025807726640039,
      "motion_p90": 0.10218497034616311,
      "motion_max": 0.2415535660251755,
      "texture": 6.169110202249725,
      "edge": 0.15468557098765431,
      "noise": 0.03706500033149496,
      "entropy": 0.9166155084967613,
      "hf_energy": 5.0,
      "flatness": 0.24988160686728397,
      "luma_mean": 0.4315647694262891,
      "difficulty": 0.5890236483374811
    }
  ],
  "distributions": {
    "thresholds": {
      "high_complexity": 0.45,
      "low_complexity": 0.2
    },
    "metrics": {
      "motion_mean": {
        "mean": 0.05268082426193213,
        "max": 0.0658007954339143,
        "min": 0.017140027384410554,
        "p95": 0.06545133144403595,
        "variance": 0.00029943184889764913,
        "std": 0.01730409919347578
      },
      "motion_p90": {
        "mean": 0.10361830973129987,
        "max": 0.1450034336419752,
        "min": 0.021144060911401596,
        "p95": 0.14380443710663268,
        "variance": 0.001800810184155196,
        "std": 0.0424359539088636
      },
      "motion_max": {
        "mean": 0.29081897669047047,
        "max": 0.43630864954006293,
        "min": 0.02137879750665698,
        "p95": 0.4356860267641007,
        "variance": 0.021053615189886923,
        "std": 0.1450986395176982
      },
      "texture": {
        "mean": 4.941107072519726,
        "max": 6.169110202249725,
        "min": 3.8704181573518888,
        "p95": 6.137862785455128,
        "variance": 0.8129835185705002,
        "std": 0.9016559868211935
      },
      "edge_density": {
        "mean": 0.0696779755015432,
        "max": 0.15468557098765431,
        "min": 0.013098717206790123,
        "p95": 0.15004846643518518,
        "variance": 0.003080813905482114,
        "std": 0.05550507999707877
      },
      "noise_level": {
        "mean": 0.05293269509760042,
        "max": 0.08866529050283134,
        "min": 0.0,
        "p95": 0.08812021695484873,
        "variance": 0.001073173072976742,
        "std": 0.03275932039857882
      },
      "high_freq_energy": {
        "mean": 4.951080357114558,
        "max": 5.0,
        "min": 4.780531114384686,
        "p95": 5.0,
        "variance": 0.006548508867071028,
        "std": 0.08092285750683195
      },
      "flatness": {
        "mean": 0.5697160734953703,
        "max": 0.7526232156635801,
        "min": 0.24988160686728397,
        "p95": 0.7522283106674382,
        "variance": 0.044259833543990934,
        "std": 0.21038021186411743
      },
      "entropy": {
        "mean": 0.7962273942927519,
        "max": 0.9245804846286774,
        "min": 0.5819312855601311,
        "p95": 0.9225892405956984,
        "variance": 0.022347315788409153,
        "std": 0.14949018626120295
      },
      "difficulty": {
        "mean": 0.5146658345266761,
        "max": 0.5890236483374811,
        "min": 0.3276815193609849,
        "p95": 0.583311192796418,
        "variance": 0.007600869636753119,
        "std": 0.08718296643698882
      }
    },
    "high_complexity_ratio": 0.9666295884315906,
    "low_complexity_ratio": 0.0,
    "high_complexity_segment_ratio": 0.8333333333333334,
    "low_complexity_segment_ratio": 0.0,
    "scene_complexity_histogram": {
      "bins": [
        0.0,
        0.2,
        0.4,
        0.6,
        0.8,
        1.0
      ],
      "counts": [
        0,
        1,
        5,
        0,
        0
      ],
      "fractions": [
        0.0,
        0.16666666666666666,
        0.8333333333333334,
        0.0,
        0.0
      ]
    },
    "worst_segment_index": 5
  },
  "summary_raw": {
    "segment_count": 6.0,
    "cut_count": 5.0,
    "cut_rate": 0.16685205784204674,
    "hard_fraction": 0.9666295884315906,
    "worst_difficulty": 0.5890236483374811,
    "difficulty_mean": 0.5146658345266761,