{
  "video": "55.mp4",
  "path": "/root/terry/videos/55.mp4",
  "extracted_at": "2026-07-17T18:34:37Z",
  "elapsed_sec": 17.352,
  "meta": {
    "path": "/root/terry/videos/55.mp4",
    "width": 3840,
    "height": 2160,
    "fps": 30.0,
    "frame_count": 899,
    "duration": 29.966666666666665,
    "detail_scale": 0.25,
    "texture_compensation": 16.0,
    "scene_spans_provided": false
  },
  "cut_times_sec": [
    6.0,
    10.0,
    16.0,
    20.0,
    26.0
  ],
  "global": {
    "mean_motion": 0.05332869232396556,
    "mean_texture": 4.886783031770995,
    "mean_noise": 0.05064394024597767,
    "mean_edge": 0.06388285536098065,
    "mean_entropy": 0.7995975497152834,
    "mean_hf_energy": 4.940200913076817,
    "mean_flatness": 0.5799958464008363,
    "mean_luma": 0.34101001410435394,
    "mean_difficulty": 0.5151487220785473,
    "motion_p90": 0.13941396075405466,
    "motion_level": 0.4901797379581239,
    "texture_level": 0.5366091422978223,
    "noise_level_norm": 0.5134014326647169,
    "edge_level": 0.5735429851743585,
    "segment_count": 6,
    "cut_count": 5,
    "cut_rate": 0.16685205784204674,
    "hard_fraction": 0.7997775305895439,
    "worst_difficulty": 0.5802149094724459,
    "volatility": 0.4917382683043976,
    "duration": 29.966666666666665,
    "fps": 30.0,
    "width": 3840,
    "height": 2160,
    "n_segments": 6
  },
  "segments": [
    {
      "index": 0,
      "start_sec": 0.0,
      "end_sec": 6.0,
      "duration": 6.0,
      "frame_count": 180,
      "motion": 0.019147581737170176,
      "motion_p90": 0.023900316963205034,
      "motion_max": 0.024430903534253208,
      "texture": 3.940561110285773,
      "edge": 0.04853539737654321,
      "noise": 0.0,
      "entropy": 0.5873250439763069,
      "hf_energy": 5.0,
      "flatness": 0.751260368441358,
      "luma_mean": 0.08865049227638586,
      "difficulty": 0.3330769630679306
    },
    {
      "index": 1,
      "start_sec": 6.0,
      "end_sec": 10.0,
      "duration": 4.0,
      "frame_count": 120,
      "motion": 0.06300894059398451,
      "motion_p90": 0.13941396075405466,
      "motion_max": 0.43343620642701525,
      "texture": 4.866318408685378,
      "edge": 0.014935860339506172,
      "noise": 0.08793853007955477,
      "entropy": 0.8824002742767334,
      "hf_energy": 4.967154652777048,
      "flatness": 0.6642978395061727,
      "luma_mean": 0.4932739206986807,
      "difficulty": 0.5496452699935702
    },
    {
      "index": 2,
      "start_sec": 10.0,
      "end_sec": 16.0,
      "duration": 6.0,
      "frame_count": 180,
      "motion": 0.06555170225883564,
      "motion_p90": 0.1077198900084725,
      "motion_max": 0.23527003903413218,
      "texture": 5.990631317523619,
      "edge": 0.1281416377314815,
      "noise": 0.03197764774085954,
      "entropy": 0.919261522591114,
      "hf_energy": 5.0,
      "flatness": 0.2965268132716049,
      "luma_mean": 0.4382869037082425,
      "difficulty": 0.5799456973232215
    },
    {
      "index": 3,
      "start_sec": 16.0,
      "end_sec": 20.0,
      "duration": 4.0,
      "frame_count": 120,
      "motion": 0.06529470296992254,
      "motion_p90": 0.1278238516702977,
      "motion_max": 0.3705224597555071,
      "texture": 3.9891551715072078,
      "edge": 0.04813922646604939,
      "noise": 0.07049617916345596,
      "entropy": 0.5910127907991409,
      "hf_energy": 5.0,
      "flatness": 0.7521600115740741,
      "luma_mean": 0.08914748150417576,
      "difficulty": 0.5049850458671409
    },
    {
      "index": 4,
      "start_sec": 20.0,
      "end_sec": 26.0,
      "duration": 6.0,
      "frame_count": 180,
      "motion": 0.0601451468318809,
      "motion_p90": 0.1344218212902444,
      "motion_max": 0.42002590928346645,
      "texture": 4.620113554011378,
      "edge": 0.01394483024691358,
      "noise": 0.08939205954084173,
      "entropy": 0.8962442353367805,
      "hf_energy": 4.723233680682296,
      "flatness": 0.7024604552469136,
      "luma_mean": 0.4974446676046962,
      "difficulty": 0.543024446746975
    },
    {
      "index": 5,
      "start_sec": 26.0,
      "end_sec": 29.966666666666665,
      "duration": 3.966666666666665,
      "frame_count": 119,
      "motion": 0.05440386237442508,
      "motion_p90": 0.09563889267126599,
      "motion_max": 0.2354527354151537,
      "texture": 5.977529741271219,
      "edge": 0.13067009066358026,
      "noise": 0.039245292951818556,
      "entropy": 0.9203284457325935,
      "hf_energy": 5.0,
      "flatness": 0.3058550347222222,
      "luma_mean": 0.43940052915456307,
      "difficulty": 0.5802149094724459
    }
  ],
  "distributions": {
    "thresholds": {
      "high_complexity": 0.45,
      "low_complexity": 0.2
    },
    "metrics": {
      "motion_mean": {
        "mean": 0.05459198946103647,
        "max": 0.06555170225883564,
        "min": 0.019147581737170176,
        "p95": 0.06548745243660736,
        "variance": 0.000265447905819954,
        "std": 0.016292572105715965
      },
      "motion_p90": {
        "mean": 0.10481978889292339,
        "max": 0.13941396075405466,
        "min": 0.023900316963205034,
        "p95": 0.1381659258881021,
        "variance": 0.001540480722062106,
        "std": 0.039248958229004066
      },
      "motion_max": {
        "mean": 0.286523042241588,
        "max": 0.43343620642701525,
        "min": 0.024430903534253208,
        "p95": 0.43008363214112805,
        "variance": 0.020064955201894653,
        "std": 0.1416508213950581
      },
      "texture": {
        "mean": 4.897384883880762,
        "max": 5.990631317523619,
        "min": 3.940561110285773,
        "p95": 5.98735592346052,
        "variance": 0.6966896896705306,
        "std": 0.8346793933424561
      },
      "edge_density": {
        "mean": 0.06406117380401234,
        "max": 0.13067009066358026,
        "min": 0.01394483024691358,
        "p95": 0.13003797743055556,
        "variance": 0.002327092686265379,
        "std": 0.048239949069887905
      },
      "noise_level": {
        "mean": 0.05317495157942176,
        "max": 0.08939205954084173,
        "min": 0.0,
        "p95": 0.08902867717551999,
        "variance": 0.0010485244632036166,
        "std": 0.03238092746052244
      },
      "high_freq_energy": {
        "mean": 4.948398055576557,
        "max": 5.0,
        "min": 4.723233680682296,
        "p95": 5.0,
        "variance": 0.010283641388864208,
        "std": 0.10140829053319166
      },
      "flatness": {
        "mean": 0.5787600871270576,
        "max": 0.7521600115740741,
        "min": 0.2965268132716049,
        "p95": 0.7519351007908951,
        "variance": 0.0394291929176759,
        "std": 0.1985678546937442
      },
      "entropy": {
        "mean": 0.7994287187854449,
        "max": 0.9203284457325935,
        "min": 0.5873250439763069,
        "p95": 0.9200617149472237,
        "variance": 0.022276556002583634,
        "std": 0.1492533282797527
      },
      "difficulty": {
        "mean": 0.5151487220785473,
        "max": 0.5802149094724459,
        "min": 0.3330769630679306,
        "p95": 0.5801476064351399,
        "variance": 0.007275458388338451,
        "std": 0.08529629762386202
      }
    },
    "high_complexity_ratio": 0.7997775305895439,
    "low_complexity_ratio": 0.0,
    "high_complexity_segment_ratio": 0.8333333333333334,
    "low_complexity_segment_ratio": 0.0,
    "scene_complexity_histogram": {
      "bins": [
        0.0,
        0.2,
        0.4,
        0.6,
        0.8,
        1.0
      ],
      "counts": [
        0,
        1,
        5,
        0,
        0
      ],
      "fractions": [
        0.0,
        0.16666666666666666,
        0.8333333333333334,
        0.0,
        0.0
      ]
    },
    "worst_segment_index": 5
  },
  "summary_raw": {
    "segment_count": 6.0,
    "cut_count": 5.0,
    "cut_rate": 0.16685205784204674,
    "hard_fraction": 0.7997775305895439,
    "worst_difficulty": 0.5802149094724459,
    "difficulty_mean": 0.5151487220785473,