{
  "video": "56.mp4",
  "path": "/root/terry/videos/56.mp4",
  "extracted_at": "2026-07-17T18:34:54Z",
  "elapsed_sec": 17.121,
  "meta": {
    "path": "/root/terry/videos/56.mp4",
    "width": 3840,
    "height": 2160,
    "fps": 30.0,
    "frame_count": 899,
    "duration": 29.966666666666665,
    "detail_scale": 0.25,
    "texture_compensation": 16.0,
    "scene_spans_provided": false
  },
  "cut_times_sec": [
    3.0,
    10.0,
    13.0,
    20.0,
    23.0
  ],
  "global": {
    "mean_motion": 0.04353238882053683,
    "mean_texture": 4.202642828392083,
    "mean_noise": 0.045516973959118356,
    "mean_edge": 0.03159394810463272,
    "mean_entropy": 0.8494040480212985,
    "mean_hf_energy": 5.0,
    "mean_flatness": 0.745129689871033,
    "mean_luma": 0.3802402314335601,
    "mean_difficulty": 0.47642496463330275,
    "motion_p90": 0.13514388843500358,
    "motion_level": 0.4824088406496093,
    "texture_level": 0.49896961250989974,
    "noise_level_norm": 0.4867241959627184,
    "edge_level": 0.39944836313945736,
    "segment_count": 6,
    "cut_count": 5,
    "cut_rate": 0.16685205784204674,
    "hard_fraction": 0.5672969966629589,
    "worst_difficulty": 0.5489952384086368,
    "volatility": 0.48649795981902,
    "duration": 29.966666666666665,
    "fps": 30.0,
    "width": 3840,
    "height": 2160,
    "n_segments": 6
  },
  "segments": [
    {
      "index": 0,
      "start_sec": 0.0,
      "end_sec": 3.0,
      "duration": 3.0,
      "frame_count": 90,
      "motion": 0.008706916833091261,
      "motion_p90": 0.013623082334785767,
      "motion_max": 0.014448703401113532,
      "texture": 4.522146087585272,
      "edge": 0.017934510030864197,
      "noise": 0.002907058922573924,
      "entropy": 0.9006916284561157,
      "hf_energy": 5.0,
      "flatness": 0.7517746913580247,
      "luma_mean": 0.5832868715580368,
      "difficulty": 0.35846621749459123
    },
    {
      "index": 1,
      "start_sec": 3.0,
      "end_sec": 10.0,
      "duration": 7.0,
      "frame_count": 210,
      "motion": 0.043843663005325585,
      "motion_p90": 0.09276359159404499,
      "motion_max": 0.2675584452916969,
      "texture": 4.946566920965491,
      "edge": 0.049519675925925925,
      "noise": 0.04215235204901546,
      "entropy": 0.9165539816021919,
      "hf_energy": 5.0,
      "flatness": 0.6196689332561729,
      "luma_mean": 0.3739414279986686,
      "difficulty": 0.533189658421166
    },
    {
      "index": 2,
      "start_sec": 10.0,
      "end_sec": 13.0,
      "duration": 3.0,
      "frame_count": 90,
      "motion": 0.04069238588568143,
      "motion_p90": 0.08682192341442746,
      "motion_max": 0.2536202493343016,
      "texture": 3.0522438435984025,
      "edge": 0.027977189429012346,
      "noise": 0.02907058782875538,
      "entropy": 0.7307850867509842,
      "hf_energy": 5.0,
      "flatness": 0.8513975694444444,
      "luma_mean": 0.18742452455519246,
      "difficulty": 0.43831642161042295
    },
    {
      "index": 3,
      "start_sec": 13.0,
      "end_sec": 20.0,
      "duration": 7.0,
      "frame_count": 210,
      "motion": 0.05992090103788429,
      "motion_p90": 0.13514388843500358,
      "motion_max": 0.42087943294601793,
      "texture": 4.535986785761969,
      "edge": 0.016357060185185186,
      "noise": 0.090845585858915,
      "entropy": 0.8816059976816177,
      "hf_energy": 5.0,
      "flatness": 0.7674146412037037,
      "luma_mean": 0.5668764571607964,
      "difficulty": 0.5418901846108451
    },
    {
      "index": 4,
      "start_sec": 20.0,
      "end_sec": 23.0,
      "duration": 3.0,
      "frame_count": 90,
      "motion": 0.0533997424201162,
      "motion_p90": 0.10721908738804158,
      "motion_max": 0.31348207909707093,
      "texture": 4.933071819710949,
      "edge": 0.04986400462962963,
      "noise": 0.05160029703984037,
      "entropy": 0.9133002161979675,
      "hf_energy": 5.0,
      "flatness": 0.6208234471450618,
      "luma_mean": 0.3681427128721859,
      "difficulty": 0.5489952384086368
    },
    {
      "index": 5,
      "start_sec": 23.0,
      "end_sec": 29.966666666666665,
      "duration": 6.966666666666665,
      "frame_count": 209,
      "motion": 0.03872318200042363,
      "motion_p90": 0.08383688271604933,
      "motion_max": 0.2444179904986686,
      "texture": 3.1634835728765536,
      "edge": 0.0284642650462963,
      "noise": 0.026163529604673386,
      "entropy": 0.7510560750961304,
      "hf_energy": 5.0,
      "flatness": 0.8537053915895062,
      "luma_mean": 0.19984374338084,
      "difficulty": 0.43769206725415466
    }
  ],
  "distributions": {
    "thresholds": {
      "high_complexity": 0.45,
      "low_complexity": 0.2
    },
    "metrics": {
      "motion_mean": {
        "mean": 0.04088113186375373,
        "max": 0.05992090103788429,
        "min": 0.008706916833091261,
        "p95": 0.05829061138344227,
        "variance": 0.0002613129161211694,
        "std": 0.016165176031245978
      },
      "motion_p90": {
        "mean": 0.08656807598039212,
        "max": 0.13514388843500358,
        "min": 0.013623082334785767,
        "p95": 0.12816268817326307,
        "variance": 0.0013588256991046634,
        "std": 0.03686225303891046
      },
      "motion_max": {
        "mean": 0.25240115009481157,
        "max": 0.42087943294601793,
        "min": 0.014448703401113532,
        "p95": 0.3940300944837812,
        "variance": 0.014838689867594347,
        "std": 0.12181416119480669
      },
      "texture": {
        "mean": 4.19224983841644,
        "max": 4.946566920965491,
        "min": 3.0522438435984025,
        "p95": 4.943193145651856,
        "variance": 0.6171286317524113,
        "std": 0.7855753507795489
      },
      "edge_density": {
        "mean": 0.031686117541152255,
        "max": 0.04986400462962963,
        "min": 0.016357060185185186,
        "p95": 0.0497779224537037,
        "variance": 0.00018278242890728904,
        "std": 0.013519705207854536
      },
      "noise_level": {
        "mean": 0.04045656855062892,
        "max": 0.090845585858915,
        "min": 0.002907058922573924,
        "p95": 0.08103426365414634,
        "variance": 0.0007350014373710482,
        "std": 0.027110909932553873
      },
      "high_freq_energy": {
        "mean": 5.0,
        "max": 5.0,
        "min": 5.0,
        "p95": 5.0,
        "variance": 0.0,
        "std": 0.0
      },
      "flatness": {
        "mean": 0.7441307789994857,
        "max": 0.8537053915895062,
        "min": 0.6196689332561729,
        "p95": 0.8531284360532407,
        "variance": 0.009134796137799172,
        "std": 0.09557612744717779
      },
      "entropy": {
        "mean": 0.848998830964168,
        "max": 0.9165539816021919,
        "min": 0.7307850867509842,
        "p95": 0.9157405402511358,
        "variance": 0.006000168650420124,
        "std": 0.07746075555027929
      },
      "difficulty": {
        "mean": 0.47642496463330275,
        "max": 0.5489952384086368,
        "min": 0.35846621749459123,
        "p95": 0.5472189749591889,
        "variance": 0.004940189090101603,
        "std": 0.0702864787146262
      }
    },
    "high_complexity_ratio": 0.5672969966629589,
    "low_complexity_ratio": 0.0,
    "high_complexity_segment_ratio": 0.5,
    "low_complexity_segment_ratio": 0.0,
    "scene_complexity_histogram": {
      "bins": [
        0.0,
        0.2,
        0.4,
        0.6,
        0.8,
        1.0
      ],
      "counts": [
        0,
        1,
        5,
        0,
        0
      ],
      "fractions": [
        0.0,
        0.16666666666666666,
        0.8333333333333334,
        0.0,
        0.0
      ]
    },
    "worst_segment_index": 4
  },
  "summary_raw": {
    "segment_count": 6.0,
    "cut_count": 5.0,
    "cut_rate": 0.16685205784204674,
    "hard_fraction": 0.5672969966629589,
    "worst_difficulty": 0.5489952384086368,
    "difficulty_mean": 0.47642496463330275,
    "difficulty_p90": 0.545442711509741,