{
  "video": "57.mp4",
  "path": "/root/terry/videos/57.mp4",
  "extracted_at": "2026-07-17T18:35:12Z",
  "elapsed_sec": 17.992,
  "meta": {
    "path": "/root/terry/videos/57.mp4",
    "width": 3840,
    "height": 2160,
    "fps": 30.0,
    "frame_count": 899,
    "duration": 29.966666666666665,
    "detail_scale": 0.25,
    "texture_compensation": 16.0,
    "scene_spans_provided": false
  },
  "cut_times_sec": [
    4.0,
    10.0,
    14.0,
    20.0,
    24.0
  ],
  "global": {
    "mean_motion": 0.05459399253389043,
    "mean_texture": 4.234910551531091,
    "mean_noise": 0.045117618507022936,
    "mean_edge": 0.06444167993801411,
    "mean_entropy": 0.7999256261447247,
    "mean_hf_energy": 4.757874062491247,
    "mean_flatness": 0.706015734432291,
    "mean_luma": 0.38475872221534746,
    "mean_difficulty": 0.4852478874837532,
    "motion_p90": 0.1322459921931735,
    "motion_level": 0.47699875171154865,
    "texture_level": 0.5008817687331057,
    "noise_level_norm": 0.4845228994298234,
    "edge_level": 0.5756719032061842,
    "segment_count": 6,
    "cut_count": 5,
    "cut_rate": 0.16685205784204674,
    "hard_fraction": 0.8665183537263627,
    "worst_difficulty": 0.5967005323998673,
    "volatility": 0.5394669638060748,
    "duration": 29.966666666666665,
    "fps": 30.0,
    "width": 3840,
    "height": 2160,
    "n_segments": 6
  },
  "segments": [
    {
      "index": 0,
      "start_sec": 0.0,
      "end_sec": 4.0,
      "duration": 4.0,
      "frame_count": 120,
      "motion": 0.005550506082062454,
      "motion_p90": 0.008120287158073105,
      "motion_max": 0.008174299503752118,
      "texture": 2.498536217354145,
      "edge": 0.010970293209876542,
      "noise": 0.0,
      "entropy": 0.5455370806157589,
      "hf_energy": 3.993838359526582,
      "flatness": 0.9110262345679012,
      "luma_mean": 0.1733357540547083,
      "difficulty": 0.23713264659710798
    },
    {
      "index": 1,
      "start_sec": 4.0,
      "end_sec": 10.0,
      "duration": 6.0,
      "frame_count": 180,
      "motion": 0.08303001694504963,
      "motion_p90": 0.1318353674957637,
      "motion_max": 0.3158427892762043,
      "texture": 5.265568269489127,
      "edge": 0.10721474729938271,
      "noise": 0.050873529573436826,
      "entropy": 0.9516845345497131,
      "hf_energy": 5.0,
      "flatness": 0.5716714891975309,
      "luma_mean": 0.4413677576933551,
      "difficulty": 0.5907756690310358
    },
    {
      "index": 2,
      "start_sec": 10.0,
      "end_sec": 14.0,
      "duration": 4.0,
      "frame_count": 120,
      "motion": 0.0415009597782014,
      "motion_p90": 0.07943675033284915,
      "motion_max": 0.2265110596707819,
      "texture": 4.514359963360672,
      "edge": 0.07463421103395061,
      "noise": 0.03270441293716431,
      "entropy": 0.8207987621426582,
      "hf_energy": 5.0,
      "flatness": 0.6591059027777778,
      "luma_mean": 0.5154274852109053,
      "difficulty": 0.5039631749165654
    },
    {
      "index": 3,
      "start_sec": 14.0,
      "end_sec": 20.0,
      "duration": 6.0,
      "frame_count": 180,
      "motion": 0.05637392485929557,
      "motion_p90": 0.1280668043451948,
      "motion_max": 0.40542803649237474,
      "texture": 3.110076823125792,
      "edge": 0.012300829475308642,
      "noise": 0.07776382565498352,
      "entropy": 0.6661783680319786,
      "hf_energy": 4.461489883535791,
      "flatness": 0.8743287037037037,
      "luma_mean": 0.20471884077705158,
      "difficulty": 0.4688404697267071
    },
    {
      "index": 4,
      "start_sec": 20.0,
      "end_sec": 24.0,
      "duration": 4.0,
      "frame_count": 120,
      "motion": 0.08332725978122729,
      "motion_p90": 0.1322459921931735,
      "motion_max": 0.31947589112805613,
      "texture": 5.339450755936179,
      "edge": 0.10714096257716049,
      "noise": 0.0581411772291176,
      "entropy": 0.9519829079508781,
      "hf_energy": 5.0,
      "flatness": 0.5711311246141975,
      "luma_mean": 0.43632747915910186,
      "difficulty": 0.5967005323998673
    },
    {
      "index": 5,
      "start_sec": 24.0,
      "end_sec": 29.966666666666665,
      "duration": 5.966666666666665,
      "frame_count": 179,
      "motion": 0.04660247310729847,
      "motion_p90": 0.08417582304526744,
      "motion_max": 0.22233049655047202,
      "texture": 4.565848250042718,
      "edge": 0.0742503375771605,
      "noise": 0.036338236182928085,
      "entropy": 0.8364221528172493,
      "hf_energy": 5.0,
      "flatness": 0.6562934027777778,
      "luma_mean": 0.5284447895863593,
      "difficulty": 0.514074832231236
    }
  ],
  "distributions": {
    "thresholds": {
      "high_complexity": 0.45,
      "low_complexity": 0.2
    },
    "metrics": {
      "motion_mean": {
        "mean": 0.052730856758855804,
        "max": 0.08332725978122729,
        "min": 0.005550506082062454,
        "p95": 0.08325294907218288,
        "variance": 0.0007095173489070732,
        "std": 0.026636766862873452
      },
      "motion_p90": {
        "mean": 0.09398017076172027,
        "max": 0.1322459921931735,
        "min": 0.008120287158073105,
        "p95": 0.13214333601882106,
        "variance": 0.001956457253833152,
        "std": 0.04423185790618739
      },
      "motion_max": {
        "mean": 0.2496270954369402,
        "max": 0.40542803649237474,
        "min": 0.008174299503752118,
        "p95": 0.3839400001512951,
        "variance": 0.015519368948023039,
        "std": 0.12457675926120024
      },
      "texture": {
        "mean": 4.215640046551439,
        "max": 5.339450755936179,
        "min": 2.498536217354145,
        "p95": 5.320980134324416,
        "variance": 1.124649126595891,
        "std": 1.0604947555720825
      },
      "edge_density": {
        "mean": 0.06441856352880658,
        "max": 0.10721474729938271,
        "min": 0.010970293209876542,
        "p95": 0.10719630111882716,
        "variance": 0.0015717859606025856,
        "std": 0.039645755896471256
      },
      "noise_level": {
        "mean": 0.042636863596271724,
        "max": 0.07776382565498352,
        "min": 0.0,
        "p95": 0.07285816354851704,
        "variance": 0.000583059715305671,
        "std": 0.02414662948126862
      },
      "high_freq_energy": {
        "mean": 4.742554707177062,
        "max": 5.0,
        "min": 3.993838359526582,
        "p95": 5.0,
        "variance": 0.15078098658572112,
        "std": 0.3883052749908519
      },
      "flatness": {
        "mean": 0.7072594762731481,
        "max": 0.9110262345679012,
        "min": 0.5711311246141975,
        "p95": 0.9018518518518519,
        "variance": 0.018544059365450876,
        "std": 0.13617657421690002
      },
      "entropy": {
        "mean": 0.7954339676847061,
        "max": 0.9519829079508781,
        "min": 0.5455370806157589,
        "p95": 0.9519083146005869,
        "variance": 0.02173344644513128,
        "std": 0.14742267954806437
      },
      "difficulty": {
        "mean": 0.4852478874837532,
        "max": 0.5967005323998673,
        "min": 0.23713264659710798,
        "p95": 0.5952193165576595,
        "variance": 0.014428239263657975,
        "std": 0.1201176059687254
      }
    },
    "high_complexity_ratio": 0.8665183537263627,
    "low_complexity_ratio": 0.0,
    "high_complexity_segment_ratio": 0.8333333333333334,
    "low_complexity_segment_ratio": 0.0,
    "scene_complexity_histogram": {
      "bins": [
        0.0,
        0.2,
        0.4,
        0.6,
        0.8,
        1.0
      ],
      "counts": [
        0,
        1,
        5,
        0,
        0
      ],
      "fractions": [
        0.0,
        0.16666666666666666,
        0.8333333333333334,
        0.0,
        0.0
      ]
    },
    "worst_segment_index": 4
  },
  "summary_raw": {
    "segment_count": 6.0,
    "cut_count": 5.0,
    "cut_rate": 0.16685205784204674,
    "hard_fraction": 0.8665183537263627,
    "worst_difficulty": 0.5967005323998673,
    "difficulty_mean": 0.4852478874837532,