{
  "video": "58.mp4",
  "path": "/root/terry/videos/58.mp4",
  "extracted_at": "2026-07-17T18:35:29Z",
  "elapsed_sec": 17.562,
  "meta": {
    "path": "/root/terry/videos/58.mp4",
    "width": 3840,
    "height": 2160,
    "fps": 30.0,
    "frame_count": 900,
    "duration": 30.0,
    "detail_scale": 0.25,
    "texture_compensation": 16.0,
    "scene_spans_provided": false
  },
  "cut_times_sec": [
    7.0,
    10.0,
    17.0,
    20.0,
    27.0
  ],
  "global": {
    "mean_motion": 0.03989450499399863,
    "mean_texture": 4.072720125900231,
    "mean_noise": 0.03798556944627004,
    "mean_edge": 0.030710101594650208,
    "mean_entropy": 0.8373821390171845,
    "mean_hf_energy": 4.963703699074061,
    "mean_flatness": 0.7671247749485597,
    "mean_luma": 0.3901071659341463,
    "mean_difficulty": 0.47551355154745917,
    "motion_p90": 0.15116315889009918,
    "motion_level": 0.5104050059993894,
    "texture_level": 0.49111992977793995,
    "noise_level_norm": 0.44176679518307027,
    "edge_level": 0.39266157399737817,
    "segment_count": 6,
    "cut_count": 5,
    "cut_rate": 0.16666666666666666,
    "hard_fraction": 0.43333333333333335,
    "worst_difficulty": 0.5577614894624131,
    "volatility": 0.498716191170305,
    "duration": 30.0,
    "fps": 30.0,
    "width": 3840,
    "height": 2160,
    "n_segments": 6
  },
  "segments": [
    {
      "index": 0,
      "start_sec": 0.0,
      "end_sec": 7.0,
      "duration": 7.0,
      "frame_count": 210,
      "motion": 0.006486051538671024,
      "motion_p90": 0.01053578355725006,
      "motion_max": 0.011010673868312757,
      "texture": 4.202291849163366,
      "edge": 0.014502073688271605,
      "noise": 0.002180294191930443,
      "entropy": 0.8723288178443909,
      "hf_energy": 4.901425231481422,
      "flatness": 0.8240186149691359,
      "luma_mean": 0.6062425855951948,
      "difficulty": 0.3358321060246556
    },
    {
      "index": 1,
      "start_sec": 7.0,
      "end_sec": 10.0,
      "duration": 3.0,
      "frame_count": 90,
      "motion": 0.05429755204550956,
      "motion_p90": 0.11204141324739765,
      "motion_max": 0.3313977018276446,
      "texture": 4.9280626767126385,
      "edge": 0.04896170910493827,
      "noise": 0.061048236733768135,
      "entropy": 0.9145850986242294,
      "hf_energy": 5.0,
      "flatness": 0.6184066358024691,
      "luma_mean": 0.37081887235990074,
      "difficulty": 0.5577614894624131
    },
    {
      "index": 2,
      "start_sec": 10.0,
      "end_sec": 17.0,
      "duration": 7.0,
      "frame_count": 210,
      "motion": 0.04526330545721375,
      "motion_p90": 0.08829819958847733,
      "motion_max": 0.2545625605180344,
      "texture": 3.1196342975358657,
      "edge": 0.02772280092592593,
      "noise": 0.02907058782875538,
      "entropy": 0.7220691442489624,
      "hf_energy": 5.0,
      "flatness": 0.854041763117284,
      "luma_mean": 0.1860857105573711,
      "difficulty": 0.43871908937400056
    },
    {
      "index": 3,
      "start_sec": 17.0,
      "end_sec": 20.0,
      "duration": 3.0,
      "frame_count": 90,
      "motion": 0.0674051578385984,
      "motion_p90": 0.15116315889009918,
      "motion_max": 0.4799552696078431,
      "texture": 4.077488400866626,
      "edge": 0.013684895833333332,
      "noise": 0.10538088413886726,
      "entropy": 0.864971250295639,
      "hf_energy": 4.867044783950617,
      "flatness": 0.8379224537037038,
      "luma_mean": 0.6219567428437425,
      "difficulty": 0.5385340938969752
    },
    {
      "index": 4,
      "start_sec": 20.0,
      "end_sec": 27.0,
      "duration": 7.0,
      "frame_count": 210,
      "motion": 0.049116183278867104,
      "motion_p90": 0.10473168951222459,
      "motion_max": 0.3050496323529412,
      "texture": 4.960894777068464,
      "edge": 0.049963589891975316,
      "noise": 0.04869323753518984,
      "entropy": 0.9162004515528679,
      "hf_energy": 5.0,
      "flatness": 0.6205107060185185,
      "luma_mean": 0.3732786770379448,
      "difficulty": 0.5461703181341991
    },
    {
      "index": 5,
      "start_sec": 27.0,
      "end_sec": 30.0,
      "duration": 3.0,
      "frame_count": 90,
      "motion": 0.04188941274812394,
      "motion_p90": 0.08446024645969494,
      "motion_max": 0.24719866557734205,
      "texture": 3.0617346926317537,
      "edge": 0.029347993827160496,
      "noise": 0.02689029462635517,
      "entropy": 0.7362020760774612,
      "hf_energy": 5.0,
      "flatness": 0.8515861304012345,
      "luma_mean": 0.18854644002662793,
      "difficulty": 0.43606421239251175
    }
  ],
  "distributions": {
    "thresholds": {
      "high_complexity": 0.45,
      "low_complexity": 0.2
    },
    "metrics": {
      "motion_mean": {
        "mean": 0.04407627715116397,
        "max": 0.0674051578385984,
        "min": 0.006486051538671024,
        "p95": 0.0641282563903262,
        "variance": 0.0003488880436808596,
        "std": 0.018678545009739374
      },
      "motion_p90": {
        "mean": 0.09187174854252396,
        "max": 0.15116315889009918,
        "min": 0.01053578355725006,
        "p95": 0.1413827224794238,
        "variance": 0.0017951507687320352,
        "std": 0.04236921959078353
      },
      "motion_max": {
        "mean": 0.27152908395868636,
        "max": 0.4799552696078431,
        "min": 0.011010673868312757,
        "p95": 0.4428158776627935,
        "variance": 0.019483171267789538,
        "std": 0.13958213090431576
      },
      "texture": {
        "mean": 4.058351115663119,
        "max": 4.960894777068464,
        "min": 3.0617346926317537,
        "p95": 4.952686751979508,
        "variance": 0.577750331650416,
        "std": 0.7600988959671077
      },
      "edge_density": {
        "mean": 0.03069717721193416,
        "max": 0.049963589891975316,
        "min": 0.013684895833333332,
        "p95": 0.04971311969521605,
        "variance": 0.00021119234812859468,
        "std": 0.014532458433747357
      },
      "noise_level": {
        "mean": 0.04554392250914437,
        "max": 0.10538088413886726,
        "min": 0.002180294191930443,
        "p95": 0.09429772228759248,
        "variance": 0.0010550827952168719,
        "std": 0.03248203803976702
      },
      "high_freq_energy": {
        "mean": 4.961411669238673,
        "max": 5.0,
        "min": 4.867044783950617,
        "p95": 5.0,
        "variance": 0.003076619806259317,
        "std": 0.05546728591033923
      },
      "flatness": {
        "mean": 0.767747717335391,
        "max": 0.854041763117284,
        "min": 0.6184066358024691,
        "p95": 0.8534278549382717,
        "variance": 0.011091324253770615,
        "std": 0.10531535621062398
      },
      "entropy": {
        "mean": 0.8377261397739252,
        "max": 0.9162004515528679,
        "min": 0.7220691442489624,
        "p95": 0.9157966133207083,
        "variance": 0.006281472444170848,
        "std": 0.07925574076476005
      },
      "difficulty": {
        "mean": 0.47551355154745917,
        "max": 0.5577614894624131,
        "min": 0.3358321060246556,
        "p95": 0.5548636966303596,
        "variance": 0.006358279957253067,
        "std": 0.07973882340023
      }
    },
    "high_complexity_ratio": 0.43333333333333335,
    "low_complexity_ratio": 0.0,
    "high_complexity_segment_ratio": 0.5,
    "low_complexity_segment_ratio": 0.0,
    "scene_complexity_histogram": {
      "bins": [
        0.0,
        0.2,
        0.4,
        0.6,
        0.8,
        1.0
      ],
      "counts": [
        0,
        1,
        5,
        0,
        0
      ],
      "fractions": [
        0.0,
        0.16666666666666666,
        0.8333333333333334,
        0.0,
        0.0
      ]
    },
    "worst_segment_index": 1
  },
  "summary_raw": {
    "segment_count": 6.0,
    "cut_count": 5.0,
    "cut_rate": 0.16666666666666666,
    "hard_fraction": 0.43333333333333335,
    "worst_difficulty": 0.5577614894624131,
    "difficulty_mean": 0.47551355154745917,