{
  "video": "582582eb-c73a-4aef-9e00-905dc2c706b9.mp4",
  "path": "/root/workspace/raw videos/582582eb-c73a-4aef-9e00-905dc2c706b9.mp4",
  "extracted_at": "2026-07-21T16:59:03Z",
  "elapsed_sec": 146.592,
  "meta": {
    "path": "../raw videos/582582eb-c73a-4aef-9e00-905dc2c706b9.mp4",
    "width": 3840,
    "height": 2160,
    "fps": 30.0,
    "frame_count": 897,
    "duration": 29.9,
    "detail_scale": 0.25,
    "texture_compensation": 16.0,
    "scene_spans_provided": true,
    "scene_detect": {
      "detector": "content",
      "ok": true,
      "error": "",
      "detect_sec": 35.602,
      "n_scenes": 6
    },
    "samples_per_segment": 16,
    "si_ti_agg": "mean"
  },
  "cut_times_sec": [
    1.0,
    9.966667,
    10.966667,
    19.933333,
    20.933333
  ],
  "global": {
    "mean_motion": 0.03879459172344281,
    "mean_texture": 4.046641584453085,
    "mean_noise": 0.03200479020856979,
    "mean_edge": 0.042241479281504186,
    "mean_entropy": 0.7704809412542926,
    "mean_hf_energy": 4.255137927349244,
    "mean_flatness": 0.7109063832513127,
    "mean_luma": 0.38300730577267744,
    "mean_difficulty": 0.4151739357288065,
    "motion_p90": 0.05304801500847252,
    "motion_level": 0.26785431303718504,
    "texture_level": 0.48951458014866966,
    "noise_level_norm": 0.4000359244132055,
    "edge_level": 0.4707018384330355,
    "segment_count": 6,
    "cut_count": 5,
    "cut_rate": 0.16722408026755853,
    "hard_fraction": 0.33333333333333337,
    "worst_difficulty": 0.5004446900360986,
    "volatility": 0.4505372323794518,
    "duration": 29.9,
    "fps": 30.0,
    "width": 3840,
    "height": 2160,
    "n_segments": 6
  },
  "segments": [
    {
      "index": 0,
      "start_sec": 0.0,
      "end_sec": 1.0,
      "duration": 1.0,
      "frame_count": 30,
      "motion": 0.04344167650084725,
      "motion_p90": 0.05304801500847252,
      "motion_max": 0.053449648995400625,
      "texture": 5.9220812771571,
      "edge": 0.13080555555555554,
      "noise": 0.0,
      "entropy": 0.88039710521698,
      "hf_energy": 5.0,
      "flatness": 0.3956550925925926,
      "si": 89.66177425893525,
      "ti": 25.52153787190298,
      "luma_mean": 0.47946404623577826,
      "sat_mean": 0.18006605543451948,
      "difficulty": 0.46943314272453146
    },
    {
      "index": 1,
      "start_sec": 1.0,
      "end_sec": 9.966666666666667,
      "duration": 8.966666666666667,
      "frame_count": 269,
      "motion": 0.024018515681735658,
      "motion_p90": 0.009810181402808038,
      "motion_max": 0.3114621837932704,
      "texture": 3.7298293758441283,
      "edge": 0.010487678433641977,
      "noise": 0.03161426546284929,
      "entropy": 0.9047705568373203,
      "hf_energy": 2.7966342562301367,
      "flatness": 0.8500758342978395,
      "si": 38.243169673642065,
      "ti": 18.263817943083385,
      "luma_mean": 0.4541886493698559,
      "sat_mean": 0.29558675449346405,
      "difficulty": 0.3664540871981615
    },
    {
      "index": 2,
      "start_sec": 9.966666666666667,
      "end_sec": 10.966666666666667,
      "duration": 1.0,
      "frame_count": 30,
      "motion": 0.049022581548051315,
      "motion_p90": 0.05200218923989337,
      "motion_max": 0.33901365438150566,
      "texture": 2.750917032946221,
      "edge": 0.018284722222222223,
      "noise": 0.05232706069946289,
      "entropy": 0.5747770130634308,
      "hf_energy": 5.0,
      "flatness": 0.8197193287037038,
      "si": 67.56901318621786,
      "ti": 21.811163557411025,
      "luma_mean": 0.1931463704308884,
      "sat_mean": 0.21674147073953037,
      "difficulty": 0.39622757159016353
    },
    {
      "index": 3,
      "start_sec": 10.966666666666667,
      "end_sec": 19.933333333333334,
      "duration": 8.966666666666667,
      "frame_count": 269,
      "motion": 0.053637260102729366,
      "motion_p90": 0.0406137209513435,
      "motion_max": 0.41281662279109177,
      "texture": 5.627025442892713,
      "edge": 0.09375855999228394,
      "noise": 0.03379455953836441,
      "entropy": 0.8440024890005589,
      "hf_energy": 5.0,
      "flatness": 0.4708962673611111,
      "si": 81.23629545519408,
      "ti": 35.94053743077407,
      "luma_mean": 0.5137067244046538,
      "sat_mean": 0.16462862162611958,
      "difficulty": 0.5004446900360986
    },
    {
      "index": 4,
      "start_sec": 19.933333333333334,
      "end_sec": 20.933333333333334,
      "duration": 1.0,
      "frame_count": 30,
      "motion": 0.036802050804889866,
      "motion_p90": 0.03754758533042836,
      "motion_max": 0.3086585875090777,
      "texture": 3.848412712049658,
      "edge": 0.010304783950617282,
      "noise": 0.04767576693557203,
      "entropy": 0.9197717249393463,
      "hf_energy": 2.4854701968788584,
      "flatness": 0.8501776620370369,
      "si": 36.043828032479965,
      "ti": 11.281853910644523,
      "luma_mean": 0.4670082493645606,
      "sat_mean": 0.31648672536916,
      "difficulty": 0.4180941101116609
    },
    {
      "index": 5,
      "start_sec": 20.933333333333334,
      "end_sec": 29.9,
      "duration": 8.966666666666665,
      "frame_count": 269,
      "motion": 0.03729128559216897,
      "motion_p90": 0.02200714869281046,
      "motion_max": 0.336195912006778,
      "texture": 2.740524997582223,
      "edge": 0.018834635416666665,
      "noise": 0.03016073629260063,
      "entropy": 0.5555876567959785,
      "hf_energy": 5.0,
      "flatness": 0.8192377989969136,
      "si": 66.70802304126656,
      "ti": 33.955518357764326,
      "luma_mean": 0.1821752332781106,
      "sat_mean": 0.21810136581638828,
      "difficulty": 0.34039001271222324
    }
  ],
  "distributions": {
    "thresholds": {
      "high_complexity": 0.45,
      "low_complexity": 0.2
    },
    "metrics": {
      "motion_mean": {
        "mean": 0.04070222837173707,
        "max": 0.053637260102729366,
        "min": 0.024018515681735658,
        "p95": 0.05248359046405986,
        "variance": 9.154001395556757e-05,
        "std": 0.009567654569201773
      },
      "motion_p90": {
        "mean": 0.035838140104292704,
        "max": 0.05304801500847252,
        "min": 0.009810181402808038,
        "p95": 0.05278655856632773,
        "variance": 0.0002419892686123657,
        "std": 0.015556004262417959
      },
      "motion_max": {
        "mean": 0.29359943491285406,
        "max": 0.41281662279109177,
        "min": 0.053449648995400625,
        "p95": 0.39436588068869527,
        "variance": 0.012717904104505824,
        "std": 0.11277368533707598
      },
      "texture": {
        "mean": 4.103131806412008,
        "max": 5.9220812771571,
        "min": 2.740524997582223,
        "p95": 5.848317318591004,
        "variance": 1.5867079371965536,
        "std": 1.2596459570833995
      },
      "edge_density": {
        "mean": 0.04707932259516461,
        "max": 0.13080555555555554,
        "min": 0.010304783950617282,
        "p95": 0.12154380666473763,
        "variance": 0.002251206628187622,
        "std": 0.047446882175624795
      },
      "noise_level": {
        "mean": 0.03259539815480821,
        "max": 0.05232706069946289,
        "min": 0.0,
        "p95": 0.051164237258490175,
        "variance": 0.0002812573663294617,
        "std": 0.016770729451322672
      },
      "high_freq_energy": {
        "mean": 4.213684075518166,
        "max": 5.0,
        "min": 2.4854701968788584,
        "p95": 5.0,
        "variance": 1.2446540555067735,
        "std": 1.1156406480165437
      },
      "flatness": {
        "mean": 0.7009603306648663,
        "max": 0.8501776620370369,
        "min": 0.3956550925925926,
        "p95": 0.8501522051022375,
        "variance": 0.03645587769232941,
        "std": 0.19093422347062197
      },
      "entropy": {
        "mean": 0.7798844243089359,
        "max": 0.9197717249393463,
        "min": 0.5555876567959785,
        "p95": 0.9160214329138399,
        "variance": 0.02362616971387931,
        "std": 0.15370806652182997
      },