{
  "video": "59.mp4",
  "path": "/root/terry/videos/59.mp4",
  "extracted_at": "2026-07-17T18:35:46Z",
  "elapsed_sec": 16.422,
  "meta": {
    "path": "/root/terry/videos/59.mp4",
    "width": 3840,
    "height": 2160,
    "fps": 30.0,
    "frame_count": 899,
    "duration": 29.966666666666665,
    "detail_scale": 0.25,
    "texture_compensation": 16.0,
    "scene_spans_provided": false
  },
  "cut_times_sec": [
    2.0,
    10.0,
    12.0,
    20.0,
    22.0
  ],
  "global": {
    "mean_motion": 0.0472172024891946,
    "mean_texture": 4.172464830393926,
    "mean_noise": 0.04809096618762677,
    "mean_edge": 0.03135737533945467,
    "mean_entropy": 0.8438292191974047,
    "mean_hf_energy": 4.9963652906521645,
    "mean_flatness": 0.7469376199463738,
    "mean_luma": 0.38025039345557704,
    "mean_difficulty": 0.4760929268427212,
    "motion_p90": 0.13666267928467674,
    "motion_level": 0.4851998128816763,
    "texture_level": 0.4971679851767789,
    "noise_level_norm": 0.5004733337130212,
    "edge_level": 0.39764670336124736,
    "segment_count": 6,
    "cut_count": 5,
    "cut_rate": 0.16685205784204674,
    "hard_fraction": 0.6006674082313682,
    "worst_difficulty": 0.5511977847519038,
    "volatility": 0.4921372598546108,
    "duration": 29.966666666666665,
    "fps": 30.0,
    "width": 3840,
    "height": 2160,
    "n_segments": 6
  },
  "segments": [
    {
      "index": 0,
      "start_sec": 0.0,
      "end_sec": 2.0,
      "duration": 2.0,
      "frame_count": 60,
      "motion": 0.007479558142701525,
      "motion_p90": 0.012928985112563544,
      "motion_max": 0.013537195896877269,
      "texture": 4.513052315719785,
      "edge": 0.017701822916666665,
      "noise": 0.002180294191930443,
      "entropy": 0.8958507478237152,
      "hf_energy": 5.0,
      "flatness": 0.7594789255401234,
      "luma_mean": 0.5766149209104938,
      "difficulty": 0.35394249633557906
    },
    {
      "index": 1,
      "start_sec": 2.0,
      "end_sec": 10.0,
      "duration": 8.0,
      "frame_count": 240,
      "motion": 0.05243050449346406,
      "motion_p90": 0.10391610082304523,
      "motion_max": 0.28997308460421206,
      "texture": 4.966601244215568,
      "edge": 0.050302372685185184,
      "noise": 0.04651294159702957,
      "entropy": 0.9170311614871025,
      "hf_energy": 5.0,
      "flatness": 0.6149544270833334,
      "luma_mean": 0.3794647425714113,
      "difficulty": 0.5446052986083025
    },
    {
      "index": 2,
      "start_sec": 10.0,
      "end_sec": 12.0,
      "duration": 2.0,
      "frame_count": 60,
      "motion": 0.04499891729454128,
      "motion_p90": 0.08630557068506411,
      "motion_max": 0.2490923202614379,
      "texture": 3.085891758549276,
      "edge": 0.02843846450617284,
      "noise": 0.026163529604673386,
      "entropy": 0.7686126008629799,
      "hf_energy": 5.0,
      "flatness": 0.8481684027777777,
      "luma_mean": 0.2178953075829097,
      "difficulty": 0.4410578191652672
    },
    {
      "index": 3,
      "start_sec": 12.0,
      "end_sec": 20.0,
      "duration": 8.0,
      "frame_count": 240,
      "motion": 0.05939517330852094,
      "motion_p90": 0.13666267928467674,
      "motion_max": 0.4278089370007262,
      "texture": 4.427516374427251,
      "edge": 0.01552830825617284,
      "noise": 0.09011882112827152,
      "entropy": 0.8705086633563042,
      "hf_energy": 4.986384984567901,
      "flatness": 0.7791239872685185,
      "luma_mean": 0.5632509503222585,
      "difficulty": 0.5378096669794947
    },
    {
      "index": 4,
      "start_sec": 20.0,
      "end_sec": 22.0,
      "duration": 2.0,
      "frame_count": 60,
      "motion": 0.05584051228516097,
      "motion_p90": 0.10866592607722095,
      "motion_max": 0.3113379175744372,
      "texture": 5.023059202657408,
      "edge": 0.049564525462962965,
      "noise": 0.05305382434744388,
      "entropy": 0.9071371257305145,
      "hf_energy": 5.0,
      "flatness": 0.6104181134259259,
      "luma_mean": 0.3745783812560518,
      "difficulty": 0.5511977847519038
    },
    {
      "index": 5,
      "start_sec": 22.0,
      "end_sec": 29.966666666666665,
      "duration": 7.966666666666665,
      "frame_count": 239,
      "motion": 0.038121184527051565,
      "motion_p90": 0.08162536764705877,
      "motion_max": 0.23919998940934398,
      "texture": 3.0926253449132863,
      "edge": 0.02781852816358025,
      "noise": 0.023256471380591393,
      "entropy": 0.7334597557783127,
      "hf_energy": 5.0,
      "flatness": 0.8528626543209876,
      "luma_mean": 0.19015908300048417,
      "difficulty": 0.42794449521577943
    }
  ],
  "distributions": {
    "thresholds": {
      "high_complexity": 0.45,
      "low_complexity": 0.2
    },
    "metrics": {
      "motion_mean": {
        "mean": 0.04304430834190672,
        "max": 0.05939517330852094,
        "min": 0.007479558142701525,
        "p95": 0.05850650805268095,
        "variance": 0.0003020172332825495,
        "std": 0.01737864302189758
      },
      "motion_p90": {
        "mean": 0.08835077160493822,
        "max": 0.13666267928467674,
        "min": 0.012928985112563544,
        "p95": 0.1296634909828128,
        "variance": 0.0014544808635761682,
        "std": 0.03813765676567149
      },
      "motion_max": {
        "mean": 0.2551582407911724,
        "max": 0.4278089370007262,
        "min": 0.013537195896877269,
        "p95": 0.39869118214415394,
        "variance": 0.015474780474948623,
        "std": 0.1243976706974396
      },
      "texture": {
        "mean": 4.184791040080429,
        "max": 5.023059202657408,
        "min": 3.085891758549276,
        "p95": 5.008944713046948,
        "variance": 0.6468328828912963,
        "std": 0.8042592137434897
      },
      "edge_density": {
        "mean": 0.03155900366512345,
        "max": 0.050302372685185184,
        "min": 0.01552830825617284,
        "p95": 0.05011791087962963,
        "variance": 0.00019137437877413742,
        "std": 0.013833812879106665
      },
      "noise_level": {
        "mean": 0.04021431370832337,
        "max": 0.09011882112827152,
        "min": 0.002180294191930443,
        "p95": 0.08085257193306461,
        "variance": 0.000771094199745516,
        "std": 0.027768582962504874
      },
      "high_freq_energy": {
        "mean": 4.997730830761317,
        "max": 5.0,
        "min": 4.986384984567901,
        "p95": 5.0,
        "variance": 2.5745645168929194e-05,
        "std": 0.005074016670146955
      },
      "flatness": {
        "mean": 0.744167751736111,
        "max": 0.8528626543209876,
        "min": 0.6104181134259259,
        "p95": 0.8516890914351851,
        "variance": 0.00977868945446827,
        "std": 0.0988872562794027
      },
      "entropy": {
        "mean": 0.8487666758398215,
        "max": 0.9170311614871025,
        "min": 0.7334597557783127,
        "p95": 0.9145576525479555,
        "variance": 0.005079522471057574,
        "std": 0.07127076869978023
      },
      "difficulty": {
        "mean": 0.4760929268427212,
        "max": 0.5511977847519038,
        "min": 0.35394249633557906,
        "p95": 0.5495496632160035,
        "variance": 0.0054350164484665035,
        "std": 0.07372256403887824
      }
    },
    "high_complexity_ratio": 0.6006674082313682,
    "low_complexity_ratio": 0.0,
    "high_complexity_segment_ratio": 0.5,
    "low_complexity_segment_ratio": 0.0,
    "scene_complexity_histogram": {
      "bins": [
        0.0,
        0.2,
        0.4,
        0.6,
        0.8,
        1.0
      ],
      "counts": [
        0,
        1,
        5,
        0,
        0
      ],
      "fractions": [
        0.0,
        0.16666666666666666,
        0.8333333333333334,
        0.0,
        0.0
      ]
    },
    "worst_segment_index": 4
  },
  "summary_raw": {
    "segment_count": 6.0,
    "cut_count": 5.0,
    "cut_rate": 0.16685205784204674,
    "hard_fraction": 0.6006674082313682,
    "worst_difficulty": 0.5511977847519038,