{
  "video": "5b8b1d87-a0a6-4e3b-90b6-ebf4f6359ada.mp4",
  "path": "/root/workspace/raw videos/5b8b1d87-a0a6-4e3b-90b6-ebf4f6359ada.mp4",
  "extracted_at": "2026-07-21T16:59:21Z",
  "elapsed_sec": 140.253,
  "meta": {
    "path": "../raw videos/5b8b1d87-a0a6-4e3b-90b6-ebf4f6359ada.mp4",
    "width": 3840,
    "height": 2160,
    "fps": 30.0,
    "frame_count": 900,
    "duration": 30.0,
    "detail_scale": 0.25,
    "texture_compensation": 16.0,
    "scene_spans_provided": true,
    "scene_detect": {
      "detector": "content",
      "ok": true,
      "error": "",
      "detect_sec": 33.514,
      "n_scenes": 8
    },
    "samples_per_segment": 16,
    "si_ti_agg": "mean"
  },
  "cut_times_sec": [
    1.0,
    10.0,
    11.0,
    20.0,
    21.0,
    28.133333,
    28.666667
  ],
  "global": {
    "mean_motion": 0.05472122748766298,
    "mean_texture": 4.597285926272743,
    "mean_noise": 0.049426236056410264,
    "mean_edge": 0.08173915238867785,
    "mean_entropy": 0.8731113419005503,
    "mean_hf_energy": 3.3152488954759836,
    "mean_flatness": 0.547757621338174,
    "mean_luma": 0.3442366665860568,
    "mean_difficulty": 0.4816544415897228,
    "motion_p90": 0.17619038973614137,
    "motion_level": 0.5485543632886469,
    "texture_level": 0.5213946745873665,
    "noise_level_norm": 0.5073195687021331,
    "edge_level": 0.6324643181104515,
    "segment_count": 8,
    "cut_count": 7,
    "cut_rate": 0.23333333333333334,
    "hard_fraction": 0.6333333333333333,
    "worst_difficulty": 0.5764814225918053,
    "volatility": 0.6373090246291053,
    "duration": 30.0,
    "fps": 30.0,
    "width": 3840,
    "height": 2160,
    "n_segments": 8
  },
  "segments": [
    {
      "index": 0,
      "start_sec": 0.0,
      "end_sec": 1.0,
      "duration": 1.0,
      "frame_count": 30,
      "motion": 0.024576279956427017,
      "motion_p90": 0.030955970104091016,
      "motion_max": 0.034129894396030015,
      "texture": 3.6544417442719053,
      "edge": 0.013844907407407406,
      "noise": 0.018023764807730915,
      "entropy": 0.8848045647144318,
      "hf_energy": 2.2400561747160426,
      "flatness": 0.5843804012345679,
      "si": 39.0227210162775,
      "ti": 18.51675185398138,
      "luma_mean": 0.45678502178649233,
      "sat_mean": 0.25272757428588716,
      "difficulty": 0.3848018876305872
    },
    {
      "index": 1,
      "start_sec": 1.0,
      "end_sec": 10.0,
      "duration": 9.0,
      "frame_count": 270,
      "motion": 0.020640663296568627,
      "motion_p90": 0.007567182582909707,
      "motion_max": 0.23349493917937544,
      "texture": 6.951032828655292,
      "edge": 0.21630425347222224,
      "noise": 0.02216632291674614,
      "entropy": 0.9736414849758148,
      "hf_energy": 5.0,
      "flatness": 0.1401098331404321,
      "si": 133.7775490192356,
      "ti": 20.776085864612924,
      "luma_mean": 0.47852389705882353,
      "sat_mean": 0.2302568669057129,
      "difficulty": 0.505318883154645
    },
    {
      "index": 2,
      "start_sec": 10.0,
      "end_sec": 11.0,
      "duration": 1.0,
      "frame_count": 30,
      "motion": 0.08711851927499395,
      "motion_p90": 0.11410279593318796,
      "motion_max": 0.4165321804647785,
      "texture": 2.978969631887586,
      "edge": 0.008174189814814815,
      "noise": 0.0796534141059965,
      "entropy": 0.6827268540859223,
      "hf_energy": 2.5889332901232542,
      "flatness": 0.873367862654321,
      "si": 46.38355491317976,
      "ti": 33.484564270918874,
      "luma_mean": 0.08249685911401598,
      "sat_mean": 0.5762021499031711,
      "difficulty": 0.4440348403348506
    },
    {
      "index": 3,
      "start_sec": 11.0,
      "end_sec": 20.0,
      "duration": 9.0,
      "frame_count": 270,
      "motion": 0.03950690851186153,
      "motion_p90": 0.020994526900266278,
      "motion_max": 0.43727466109900753,
      "texture": 3.653294087773821,
      "edge": 0.010078968942901235,
      "noise": 0.0483298507751897,
      "entropy": 0.8782067336142063,
      "hf_energy": 1.9814147976038274,
      "flatness": 0.729581283757716,
      "si": 34.461888702137024,
      "ti": 25.30337341330412,
      "luma_mean": 0.4013610652497882,
      "sat_mean": 0.38018328406787094,
      "difficulty": 0.3908568315322177
    },
    {
      "index": 4,
      "start_sec": 20.0,
      "end_sec": 21.0,
      "duration": 1.0,
      "frame_count": 30,
      "motion": 0.030923701131687242,
      "motion_p90": 0.03177887391067529,
      "motion_max": 0.24585341775599126,
      "texture": 6.933960995429312,
      "edge": 0.21581886574074077,
      "noise": 0.04302447140216827,
      "entropy": 0.9728331148624421,
      "hf_energy": 5.0,
      "flatness": 0.14175675154320988,
      "si": 133.58886869625718,
      "ti": 10.317214766258916,
      "luma_mean": 0.4755626248184459,
      "sat_mean": 0.23192202175623336,
      "difficulty": 0.5610219802134788
    },
    {
      "index": 5,
      "start_sec": 21.0,
      "end_sec": 28.133333333333333,
      "duration": 7.133333333333333,
      "frame_count": 214,
      "motion": 0.10032914435064148,
      "motion_p90": 0.13977551591624304,
      "motion_max": 0.4293528957879448,
      "texture": 3.1257179856720225,
      "edge": 0.013657769097222223,
      "noise": 0.07849058922147378,
      "entropy": 0.748405996710062,
      "hf_energy": 2.4480015263092207,
      "flatness": 0.8036212384259259,
      "si": 51.75410917763211,
      "ti": 42.27260021591118,
      "luma_mean": 0.12388287301803438,
      "sat_mean": 0.613259604401174,
      "difficulty": 0.47821260411430727
    },
    {
      "index": 6,
      "start_sec": 28.133333333333333,
      "end_sec": 28.666666666666668,
      "duration": 0.533333333333335,
      "frame_count": 16,
      "motion": 0.09256453491890584,
      "motion_p90": 0.11388163580246916,
      "motion_max": 0.13110182159283468,
      "texture": 3.4652489776764446,
      "edge": 0.039589891975308635,
      "noise": 0.05000141188502312,
      "entropy": 0.8420990228652954,
      "hf_energy": 5.0,
      "flatness": 0.7200397376543209,
      "si": 93.27284271698883,
      "ti": 35.904193203370966,
      "luma_mean": 0.1860953264947955,
      "sat_mean": 0.5852630613047689,
      "difficulty": 0.5125070831458906
    },
    {
      "index": 7,
      "start_sec": 28.666666666666668,
      "end_sec": 30.0,
      "duration": 1.3333333333333321,
      "frame_count": 40,
      "motion": 0.14448089724968807,
      "motion_p90": 0.17619038973614137,
      "motion_max": 0.180634660191237,
      "texture": 3.5755065621327,
      "edge": 0.04376068376068376,
      "noise": 0.09078968402284843,
      "entropy": 0.8989446254876944,
      "hf_energy": 5.0,
      "flatness": 0.6671131588319088,
      "si": 83.92894015473703,
      "ti": 39.16348544298486,
      "luma_mean": 0.3077566220695306,
      "sat_mean": 0.41369296349831475,
      "difficulty": 0.5764814225918053
    }
  ],
  "distributions": {
    "thresholds": {
      "high_complexity": 0.45,
      "low_complexity": 0.2
    },
    "metrics": {
      "motion_mean": {
        "mean": 0.06751758108634673,
        "max": 0.14448089724968807,
        "min": 0.020640663296568627,
        "p95": 0.12902778373502174,
        "variance": 0.0017720759981602347,
        "std": 0.04209603304540981
      },
      "motion_p90": {
        "mean": 0.07940586136074798,
        "max": 0.17619038973614137,
        "min": 0.007567182582909707,
        "p95": 0.16344518389917695,
        "variance": 0.003574074759303588,
        "std": 0.05978356596342834
      },
      "motion_max": {
        "mean": 0.26354680880839987,
        "max": 0.43727466109900753,
        "min": 0.034129894396030015,
        "p95": 0.4345020432401356,
        "variance": 0.01991774246028595,
        "std": 0.14113023226894353
      },
      "texture": {
        "mean": 4.292271601687386,
        "max": 6.951032828655292,
        "min": 2.978969631887586,
        "p95": 6.945057687026199,
        "variance": 2.393247656350826,