{
  "video": "5c6d7849-697a-4a5b-ad53-6fa13cf47144.mp4",
  "path": "/root/workspace/raw videos/5c6d7849-697a-4a5b-ad53-6fa13cf47144.mp4",
  "extracted_at": "2026-07-21T17:01:03Z",
  "elapsed_sec": 168.533,
  "meta": {
    "path": "../raw videos/5c6d7849-697a-4a5b-ad53-6fa13cf47144.mp4",
    "width": 3840,
    "height": 2160,
    "fps": 30.0,
    "frame_count": 899,
    "duration": 29.966666666666665,
    "detail_scale": 0.25,
    "texture_compensation": 16.0,
    "scene_spans_provided": true,
    "scene_detect": {
      "detector": "content",
      "ok": true,
      "error": "",
      "detect_sec": 30.733,
      "n_scenes": 10
    },
    "samples_per_segment": 16,
    "si_ti_agg": "mean"
  },
  "cut_times_sec": [
    2.0,
    2.8,
    3.733333,
    4.8,
    10.0,
    12.0,
    19.966667,
    21.2,
    21.966667
  ],
  "global": {
    "mean_motion": 0.07467096526151229,
    "mean_texture": 5.9596311509875965,
    "mean_noise": 0.018971199068922133,
    "mean_edge": 0.18186899186324423,
    "mean_entropy": 0.8852713221578432,
    "mean_hf_energy": 5.0,
    "mean_flatness": 0.33959046265934195,
    "mean_luma": 0.30606251330051815,
    "mean_difficulty": 0.5270131197550905,
    "motion_p90": 0.1167344113108206,
    "motion_level": 0.44600330054496956,
    "texture_level": 0.5854466691958099,
    "noise_level_norm": 0.2832739943837393,
    "edge_level": 0.792910106923604,
    "segment_count": 10,
    "cut_count": 9,
    "cut_rate": 0.3003337041156841,
    "hard_fraction": 1.0,
    "worst_difficulty": 0.5877635144076933,
    "volatility": 0.5190634219751151,
    "duration": 29.966666666666665,
    "fps": 30.0,
    "width": 3840,
    "height": 2160,
    "n_segments": 10
  },
  "segments": [
    {
      "index": 0,
      "start_sec": 0.0,
      "end_sec": 2.0,
      "duration": 2.0,
      "frame_count": 60,
      "motion": 0.06384390555026023,
      "motion_p90": 0.07674299881989834,
      "motion_max": 0.09140808823529412,
      "texture": 6.118223141256878,
      "edge": 0.22228358892746913,
      "noise": 0.0,
      "entropy": 0.8881883397698402,
      "hf_energy": 5.0,
      "flatness": 0.21361255787037037,
      "si": 99.24983034136712,
      "ti": 26.94712902749836,
      "luma_mean": 0.29780444306387677,
      "sat_mean": 0.4904888571169208,
      "difficulty": 0.5098746408846213
    },
    {
      "index": 1,
      "start_sec": 2.0,
      "end_sec": 2.8,
      "duration": 0.7999999999999998,
      "frame_count": 24,
      "motion": 0.08752083900689905,
      "motion_p90": 0.1167344113108206,
      "motion_max": 0.19367563846526265,
      "texture": 6.332918693734907,
      "edge": 0.1912594039351852,
      "noise": 0.03052411787211895,
      "entropy": 0.8825014978647232,
      "hf_energy": 5.0,
      "flatness": 0.29197265625,
      "si": 122.42847991526395,
      "ti": 32.174520091141346,
      "luma_mean": 0.22430106965625757,
      "sat_mean": 0.5559512489409344,
      "difficulty": 0.5877635144076933
    },
    {
      "index": 2,
      "start_sec": 2.8,
      "end_sec": 3.7333333333333334,
      "duration": 0.9333333333333336,
      "frame_count": 28,
      "motion": 0.08483496126845799,
      "motion_p90": 0.08602913111232147,
      "motion_max": 0.08686681493585088,
      "texture": 6.264536866151847,
      "edge": 0.1868258101851852,
      "noise": 0.0,
      "entropy": 0.8751755118370056,
      "hf_energy": 5.0,
      "flatness": 0.310042824074074,
      "si": 123.82583386170856,
      "ti": 34.35953717145085,
      "luma_mean": 0.21921255522270636,
      "sat_mean": 0.5574580662975066,
      "difficulty": 0.5081471925886927
    },
    {
      "index": 3,
      "start_sec": 3.7333333333333334,
      "end_sec": 4.8,
      "duration": 1.0666666666666664,
      "frame_count": 32,
      "motion": 0.08178710663277658,
      "motion_p90": 0.0841958681312031,
      "motion_max": 0.084271385560397,
      "texture": 6.338831501906091,
      "edge": 0.1858371913580247,
      "noise": 0.0,
      "entropy": 0.8373358428478241,
      "hf_energy": 5.0,
      "flatness": 0.30620216049382715,
      "si": 123.4814723861883,
      "ti": 34.15991434557365,
      "luma_mean": 0.1989927408617768,
      "sat_mean": 0.5306573423505204,
      "difficulty": 0.5018887604050439
    },
    {
      "index": 4,
      "start_sec": 4.8,
      "end_sec": 10.0,
      "duration": 5.2,
      "frame_count": 156,
      "motion": 0.08319684152596224,
      "motion_p90": 0.08719323408375695,
      "motion_max": 0.0875787263979666,
      "texture": 6.317324902418916,
      "edge": 0.1923067370756173,
      "noise": 0.0,
      "entropy": 0.8668482787907124,
      "hf_energy": 5.0,
      "flatness": 0.2888060619212963,
      "si": 123.27302218777623,
      "ti": 39.136574961301356,
      "luma_mean": 0.2139207284669269,
      "sat_mean": 0.5713042676561366,
      "difficulty": 0.5096131748673745
    },
    {
      "index": 5,
      "start_sec": 10.0,
      "end_sec": 12.0,
      "duration": 2.0,
      "frame_count": 60,
      "motion": 0.041172992219650206,
      "motion_p90": 0.03496876134713145,
      "motion_max": 0.3026725520455096,
      "texture": 5.273963574653001,
      "edge": 0.1325342399691358,
      "noise": 0.03851852938532829,
      "entropy": 0.9037080854177475,
      "hf_energy": 5.0,
      "flatness": 0.5092914496527777,
      "si": 98.330212225816,
      "ti": 18.321511945357624,
      "luma_mean": 0.4003715060291092,
      "sat_mean": 0.4015726670297749,
      "difficulty": 0.5102162144445677
    },
    {
      "index": 6,
      "start_sec": 12.0,
      "end_sec": 19.966666666666665,
      "duration": 7.966666666666665,
      "frame_count": 239,
      "motion": 0.08777473201857905,
      "motion_p90": 0.09257928618978456,
      "motion_max": 0.24341038035584606,
      "texture": 6.304088576709833,
      "edge": 0.2271848476080247,
      "noise": 0.021439557895064354,
      "entropy": 0.8884447626769543,
      "hf_energy": 5.0,
      "flatness": 0.21513105227623458,
      "si": 97.39067107327267,
      "ti": 33.09323520400798,
      "luma_mean": 0.30088745347676105,
      "sat_mean": 0.49592478364802706,
      "difficulty": 0.5688027606269028
    },
    {
      "index": 7,
      "start_sec": 19.966666666666665,
      "end_sec": 21.2,
      "duration": 1.2333333333333343,
      "frame_count": 37,
      "motion": 0.09666104227184702,
      "motion_p90": 0.09024489606027596,
      "motion_max": 0.1864358887073348,
      "texture": 6.468118541865124,
      "edge": 0.19191325874485596,
      "noise": 0.009205686549345652,
      "entropy": 0.8731765002012253,
      "hf_energy": 5.0,
      "flatness": 0.28252073688271606,
      "si": 119.02134239352755,
      "ti": 33.71634158170824,
      "luma_mean": 0.22378105079480348,
      "sat_mean": 0.554853686304769,
      "difficulty": 0.5381377784993132
    },
    {
      "index": 8,
      "start_sec": 21.2,
      "end_sec": 21.966666666666665,
      "duration": 0.7666666666666657,
      "frame_count": 23,
      "motion": 0.08253258896151053,
      "motion_p90": 0.08474477351125635,
      "motion_max": 0.08594965656015492,
      "texture": 6.34767544110752,
      "edge": 0.19243778935185185,
      "noise": 0.0,
      "entropy": 0.8923617899417877,
      "hf_energy": 5.0,
      "flatness": 0.2860421489197531,
      "si": 121.16575845559744,
      "ti": 33.208570551175185,
      "luma_mean": 0.233060952062152,
      "sat_mean": 0.5890407116164367,
      "difficulty": 0.5121554352563125
    },
    {
      "index": 9,
      "start_sec": 21.966666666666665,
      "end_sec": 29.966666666666665,
      "duration": 8.0,
      "frame_count": 240,
      "motion": 0.05959808791379206,
      "motion_p90": 0.052590406378600824,
      "motion_max": 0.29662549170902924,
      "texture": 5.276836404228705,
      "edge": 0.12757969232253086,
      "noise": 0.03561146929860115,
      "entropy": 0.8977789767086506,
      "hf_energy": 5.0,
      "flatness": 0.5122011236496913,
      "si": 98.89545224873851,
      "ti": 41.352272305137504,