{
  "video": "5ef63ce5-0e84-4517-a491-dbac187b4afc.mp4",
  "path": "/root/workspace/raw videos/5ef63ce5-0e84-4517-a491-dbac187b4afc.mp4",
  "extracted_at": "2026-07-21T17:01:29Z",
  "elapsed_sec": 139.837,
  "meta": {
    "path": "../raw videos/5ef63ce5-0e84-4517-a491-dbac187b4afc.mp4",
    "width": 3840,
    "height": 2160,
    "fps": 30.0,
    "frame_count": 898,
    "duration": 29.933333333333334,
    "detail_scale": 0.25,
    "texture_compensation": 16.0,
    "scene_spans_provided": true,
    "scene_detect": {
      "detector": "content",
      "ok": true,
      "error": "",
      "detect_sec": 35.455,
      "n_scenes": 6
    },
    "samples_per_segment": 16,
    "si_ti_agg": "mean"
  },
  "cut_times_sec": [
    3.0,
    9.966667,
    12.966667,
    19.933333,
    22.933333
  ],
  "global": {
    "mean_motion": 0.04653632535202896,
    "mean_texture": 4.567990859132727,
    "mean_noise": 0.02762758024956021,
    "mean_edge": 0.07828419211974827,
    "mean_entropy": 0.832498502177093,
    "mean_hf_energy": 4.921459796313579,
    "mean_flatness": 0.556319206003052,
    "mean_luma": 0.26191843993552655,
    "mean_difficulty": 0.4600430255551939,
    "motion_p90": 0.09425283678286128,
    "motion_level": 0.3939465799036788,
    "texture_level": 0.5197992274178964,
    "noise_level_norm": 0.36531091115692377,
    "edge_level": 0.6223690815235402,
    "segment_count": 6,
    "cut_count": 5,
    "cut_rate": 0.16703786191536749,
    "hard_fraction": 0.43318485523385303,
    "worst_difficulty": 0.5808475712561276,
    "volatility": 0.5185448312215516,
    "duration": 29.933333333333334,
    "fps": 30.0,
    "width": 3840,
    "height": 2160,
    "n_segments": 6
  },
  "segments": [
    {
      "index": 0,
      "start_sec": 0.0,
      "end_sec": 3.0,
      "duration": 3.0,
      "frame_count": 90,
      "motion": 0.07737779801349551,
      "motion_p90": 0.09425283678286128,
      "motion_max": 0.09788170993706123,
      "texture": 5.492855099571495,
      "edge": 0.19022882908950617,
      "noise": 0.01816911782952957,
      "entropy": 0.940274927765131,
      "hf_energy": 5.0,
      "flatness": 0.2013312596450617,
      "si": 116.86643731608403,
      "ti": 38.4982241455734,
      "luma_mean": 0.39598512769305255,
      "sat_mean": 0.33928238093076735,
      "difficulty": 0.5638233826288779
    },
    {
      "index": 1,
      "start_sec": 3.0,
      "end_sec": 9.966666666666667,
      "duration": 6.966666666666667,
      "frame_count": 209,
      "motion": 0.02977619012496974,
      "motion_p90": 0.015447402263374486,
      "motion_max": 0.3291833620793997,
      "texture": 3.8996692466704443,
      "edge": 0.010144434799382715,
      "noise": 0.03197764774085954,
      "entropy": 0.669368926435709,
      "hf_energy": 4.662540177462169,
      "flatness": 0.8438249903549382,
      "si": 50.60688202889425,
      "ti": 17.559873736473616,
      "luma_mean": 0.13513163003434397,
      "sat_mean": 0.8161289800063545,
      "difficulty": 0.3542151309105353
    },
    {
      "index": 2,
      "start_sec": 9.966666666666667,
      "end_sec": 12.966666666666667,
      "duration": 3.0,
      "frame_count": 90,
      "motion": 0.027506833809912853,
      "motion_p90": 0.017114647633744855,
      "motion_max": 0.2372596374969741,
      "texture": 4.037324722572748,
      "edge": 0.02727924864969136,
      "noise": 0.017805735406000167,
      "entropy": 0.859062172472477,
      "hf_energy": 5.0,
      "flatness": 0.6738204089506172,
      "si": 68.44833223235682,
      "ti": 21.51588768497034,
      "luma_mean": 0.25850010637935733,
      "sat_mean": 0.44332823752572015,
      "difficulty": 0.3964656374916786
    },
    {
      "index": 3,
      "start_sec": 12.966666666666667,
      "end_sec": 19.933333333333334,
      "duration": 6.966666666666667,
      "frame_count": 209,
      "motion": 0.07825081604786976,
      "motion_p90": 0.08665033436213992,
      "motion_max": 0.2607814769426289,
      "texture": 5.586542281516282,
      "edge": 0.17974609375,
      "noise": 0.035611471510492265,
      "entropy": 0.9372556619346142,
      "hf_energy": 5.0,
      "flatness": 0.20449893904320987,
      "si": 112.03773278760434,
      "ti": 39.57498082684779,
      "luma_mean": 0.3817495045085936,
      "sat_mean": 0.3727863807946018,
      "difficulty": 0.5808475712561276
    },
    {
      "index": 4,
      "start_sec": 19.933333333333334,
      "end_sec": 22.933333333333334,
      "duration": 3.0,
      "frame_count": 90,
      "motion": 0.047386627500151296,
      "motion_p90": 0.052432000423626245,
      "motion_max": 0.300221987714839,
      "texture": 4.480622446115288,
      "edge": 0.05595582561728395,
      "noise": 0.027617059648036957,
      "entropy": 0.7384157441556454,
      "hf_energy": 5.0,
      "flatness": 0.6990769675925926,
      "si": 76.18058207678718,
      "ti": 28.538363935240096,
      "luma_mean": 0.14150289682809852,
      "sat_mean": 0.7733324520394578,
      "difficulty": 0.45411656427419955
    },
    {
      "index": 5,
      "start_sec": 22.933333333333334,
      "end_sec": 29.933333333333334,
      "duration": 7.0,
      "frame_count": 210,
      "motion": 0.02622648827084846,
      "motion_p90": 0.017808373426531104,
      "motion_max": 0.25059642792302106,
      "texture": 4.0879303712705015,
      "edge": 0.02857301311728395,
      "noise": 0.02361985229072161,
      "entropy": 0.8733398094773293,
      "hf_energy": 5.0,
      "flatness": 0.6609255642361112,
      "si": 68.79714087414946,
      "ti": 25.176119491517607,
      "luma_mean": 0.26445557219801497,
      "sat_mean": 0.4590874802370794,
      "difficulty": 0.41078986676974416
    }
  ],
  "distributions": {
    "thresholds": {
      "high_complexity": 0.45,
      "low_complexity": 0.2
    },
    "metrics": {
      "motion_mean": {
        "mean": 0.047754125627874594,
        "max": 0.07825081604786976,
        "min": 0.02622648827084846,
        "p95": 0.07803256153927621,
        "variance": 0.0005007238846902398,
        "std": 0.022376860474388263
      },
      "motion_p90": {
        "mean": 0.047284265815379645,
        "max": 0.09425283678286128,
        "min": 0.015447402263374486,
        "p95": 0.09235221117768094,
        "variance": 0.001095808859554355,
        "std": 0.03310300378446577
      },
      "motion_max": {
        "mean": 0.24598743368232065,
        "max": 0.3291833620793997,
        "min": 0.09788170993706123,
        "p95": 0.3219430184882595,
        "variance": 0.0053524226215361315,
        "std": 0.07316025301716862
      },
      "texture": {
        "mean": 4.59749069461946,
        "max": 5.586542281516282,
        "min": 3.8996692466704443,
        "p95": 5.563120486030085,
        "variance": 0.47565850988247654,
        "std": 0.6896800054246002
      },
      "edge_density": {
        "mean": 0.08198790750385802,
        "max": 0.19022882908950617,
        "min": 0.010144434799382715,
        "p95": 0.18760814525462963,
        "variance": 0.0054930170395640415,
        "std": 0.07411489080855507
      },
      "noise_level": {
        "mean": 0.02580014740427335,
        "max": 0.035611471510492265,
        "min": 0.017805735406000167,
        "p95": 0.034703015568084083,
        "variance": 4.410361392970984e-05,
        "std": 0.006641055181950368
      },
      "high_freq_energy": {
        "mean": 4.943756696243695,
        "max": 5.0,
        "min": 4.662540177462169,
        "p95": 5.0,
        "variance": 0.015816546087120024,
        "std": 0.1257638504782675
      },
      "flatness": {
        "mean": 0.5472463549704218,
        "max": 0.8438249903549382,
        "min": 0.2013312596450617,
        "p95": 0.8076379846643518,
        "variance": 0.06284806999245894,
        "std": 0.2506951734526593
      },
      "entropy": {
        "mean": 0.836286207040151,
        "max": 0.940274927765131,
        "min": 0.669368926435709,
        "p95": 0.9395201113075018,
        "variance": 0.010056700830709885,