{
  "video": "6.mp4",
  "path": "/root/terry/videos/6.mp4",
  "extracted_at": "2026-07-17T18:20:03Z",
  "elapsed_sec": 19.746,
  "meta": {
    "path": "/root/terry/videos/6.mp4",
    "width": 3840,
    "height": 2160,
    "fps": 30.0,
    "frame_count": 900,
    "duration": 30.0,
    "detail_scale": 0.25,
    "texture_compensation": 16.0,
    "scene_spans_provided": false
  },
  "cut_times_sec": [
    7.0,
    10.0,
    17.0,
    20.0,
    27.0
  ],
  "global": {
    "mean_motion": 0.04112200716256152,
    "mean_texture": 4.349216168787377,
    "mean_noise": 0.051503393956227224,
    "mean_edge": 0.017558143647119343,
    "mean_entropy": 0.8030630975961685,
    "mean_hf_energy": 4.284464220002328,
    "mean_flatness": 0.6600290959362141,
    "mean_luma": 0.3446198740909687,
    "mean_difficulty": 0.47059027413788135,
    "motion_p90": 0.1374965376119583,
    "motion_level": 0.48671937282582106,
    "texture_level": 0.5075395559081608,
    "noise_level_norm": 0.5176043942670358,
    "edge_level": 0.26988387099324784,
    "segment_count": 6,
    "cut_count": 5,
    "cut_rate": 0.16666666666666666,
    "hard_fraction": 0.7666666666666667,
    "worst_difficulty": 0.5581547825740235,
    "volatility": 0.37162964534866905,
    "duration": 30.0,
    "fps": 30.0,
    "width": 3840,
    "height": 2160,
    "n_segments": 6
  },
  "segments": [
    {
      "index": 0,
      "start_sec": 0.0,
      "end_sec": 7.0,
      "duration": 7.0,
      "frame_count": 210,
      "motion": 0.0069091936350157345,
      "motion_p90": 0.012514241406439117,
      "motion_max": 0.0152142867949649,
      "texture": 4.631180487004546,
      "edge": 0.01070408950617284,
      "noise": 0.0,
      "entropy": 0.7275800481438637,
      "hf_energy": 5.0,
      "flatness": 0.677200038580247,
      "luma_mean": 0.5103814366603123,
      "difficulty": 0.31822523629841326
    },
    {
      "index": 1,
      "start_sec": 7.0,
      "end_sec": 10.0,
      "duration": 3.0,
      "frame_count": 90,
      "motion": 0.06094947973402323,
      "motion_p90": 0.13190206669087381,
      "motion_max": 0.40727162006778017,
      "texture": 4.111357266825795,
      "edge": 0.03708912037037037,
      "noise": 0.09084559016628191,
      "entropy": 0.8257709220051765,
      "hf_energy": 5.0,
      "flatness": 0.573861400462963,
      "luma_mean": 0.16832144248517306,
      "difficulty": 0.5549959264178139
    },
    {
      "index": 2,
      "start_sec": 10.0,
      "end_sec": 17.0,
      "duration": 7.0,
      "frame_count": 210,
      "motion": 0.04299037195896877,
      "motion_p90": 0.09860832576857897,
      "motion_max": 0.3118657785645122,
      "texture": 4.263788374775469,
      "edge": 0.00546923225308642,
      "noise": 0.05305382650112733,
      "entropy": 0.8511085957288742,
      "hf_energy": 2.8518671664407367,
      "flatness": 0.7291239872685186,
      "luma_mean": 0.35727089101458487,
      "difficulty": 0.46836513205246105
    },
    {
      "index": 3,
      "start_sec": 17.0,
      "end_sec": 20.0,
      "duration": 3.0,
      "frame_count": 90,
      "motion": 0.041946097343258285,
      "motion_p90": 0.09559617147785035,
      "motion_max": 0.28697772936335025,
      "texture": 4.748712650278025,
      "edge": 0.00970510223765432,
      "noise": 0.03415794298052788,
      "entropy": 0.7235455214977264,
      "hf_energy": 5.0,
      "flatness": 0.6738247492283951,
      "luma_mean": 0.500263905909586,
      "difficulty": 0.4594476870795513
    },
    {
      "index": 4,
      "start_sec": 20.0,
      "end_sec": 27.0,
      "duration": 7.0,
      "frame_count": 210,
      "motion": 0.06425939258805373,
      "motion_p90": 0.1374965376119583,
      "motion_max": 0.4159706941418542,
      "texture": 4.107685645786745,
      "edge": 0.03670958719135803,
      "noise": 0.09447941498365253,
      "entropy": 0.8237646967172623,
      "hf_energy": 5.0,
      "flatness": 0.5770126832561728,
      "luma_mean": 0.16477506675895667,
      "difficulty": 0.5581547825740235
    },
    {
      "index": 5,
      "start_sec": 27.0,
      "end_sec": 30.0,
      "duration": 3.0,
      "frame_count": 90,
      "motion": 0.041953592123577826,
      "motion_p90": 0.09438055933793266,
      "motion_max": 0.2968989651416122,
      "texture": 4.292564586447513,
      "edge": 0.005393759645061728,
      "noise": 0.04578617628430948,
      "entropy": 0.8755900710821152,
      "hf_energy": 2.856952144994898,
      "flatness": 0.7248191550925926,
      "luma_mean": 0.3686161388359356,
      "difficulty": 0.4643528804050254
    }
  ],
  "distributions": {
    "thresholds": {
      "high_complexity": 0.45,
      "low_complexity": 0.2
    },
    "metrics": {
      "motion_mean": {
        "mean": 0.04316802123048293,
        "max": 0.06425939258805373,
        "min": 0.0069091936350157345,
        "p95": 0.06343191437454611,
        "variance": 0.0003464547143599058,
        "std": 0.01861329402228165
      },
      "motion_p90": {
        "mean": 0.09508298371560553,
        "max": 0.1374965376119583,
        "min": 0.012514241406439117,
        "p95": 0.13609791988168718,
        "variance": 0.001664222738342028,
        "std": 0.04079488617880957
      },
      "motion_max": {
        "mean": 0.28903317901234565,
        "max": 0.4159706941418542,
        "min": 0.0152142867949649,
        "p95": 0.4137959256233357,
        "variance": 0.017609611748771296,
        "std": 0.13270121231085757
      },
      "texture": {
        "mean": 4.359214835186349,
        "max": 4.748712650278025,
        "min": 4.107685645786745,
        "p95": 4.719329609459654,
        "variance": 0.06065377267453534,
        "std": 0.24627986656349996
      },
      "edge_density": {
        "mean": 0.017511815200617283,
        "max": 0.03708912037037037,
        "min": 0.005393759645061728,
        "p95": 0.03699423707561728,
        "variance": 0.0001918310496717826,
        "std": 0.013850308648971785
      },
      "noise_level": {
        "mean": 0.05305382515264986,
        "max": 0.09447941498365253,
        "min": 0.0,
        "p95": 0.09357095877930988,
        "variance": 0.001061479740359368,
        "std": 0.032580358198757854
      },
      "high_freq_energy": {
        "mean": 4.284803218572606,
        "max": 5.0,
        "min": 2.8518671664407367,
        "p95": 5.0,
        "variance": 1.0230150270787826,
        "std": 1.0114420532481248
      },
      "flatness": {
        "mean": 0.6593070023148149,
        "max": 0.7291239872685186,
        "min": 0.573861400462963,
        "p95": 0.7280477792245371,
        "variance": 0.0039617475161663656,
        "std": 0.06294241428612637
      },
      "entropy": {
        "mean": 0.804559975862503,
        "max": 0.8755900710821152,
        "min": 0.7235455214977264,
        "p95": 0.8694697022438049,
        "variance": 0.003420004177556187,
        "std": 0.05848080178619465
      },
      "difficulty": {
        "mean": 0.47059027413788135,
        "max": 0.5581547825740235,
        "min": 0.31822523629841326,
        "p95": 0.5573650685349711,
        "variance": 0.006362495935753013,
        "std": 0.07976525519142412
      }
    },
    "high_complexity_ratio": 0.7666666666666667,
    "low_complexity_ratio": 0.0,
    "high_complexity_segment_ratio": 0.8333333333333334,
    "low_complexity_segment_ratio": 0.0,
    "scene_complexity_histogram": {
      "bins": [
        0.0,
        0.2,
        0.4,
        0.6,
        0.8,
        1.0
      ],
      "counts": [
        0,
        1,
        5,
        0,
        0
      ],
      "fractions": [
        0.0,
        0.16666666666666666,
        0.8333333333333334,
        0.0,
        0.0
      ]
    },
    "worst_segment_index": 4
  },
  "summary_raw": {
    "segment_count": 6.0,
    "cut_count": 5.0,
    "cut_rate": 0.16666666666666666,
    "hard_fraction": 0.7666666666666667,
    "worst_difficulty": 0.5581547825740235,
    "difficulty_mean": 0.47059027413788135,
    "difficulty_p90": 0.5565753544959187,