{
  "video": "60.mp4",
  "path": "/root/terry/videos/60.mp4",
  "extracted_at": "2026-07-17T18:36:02Z",
  "elapsed_sec": 16.529,
  "meta": {
    "path": "/root/terry/videos/60.mp4",
    "width": 3840,
    "height": 2160,
    "fps": 30.0,
    "frame_count": 899,
    "duration": 29.966666666666665,
    "detail_scale": 0.25,
    "texture_compensation": 16.0,
    "scene_spans_provided": false
  },
  "cut_times_sec": [
    7.0,
    10.0,
    17.0,
    20.0,
    27.0
  ],
  "global": {
    "mean_motion": 0.05464989855466744,
    "mean_texture": 4.421029261386487,
    "mean_noise": 0.057148445159216535,
    "mean_edge": 0.0646873076888415,
    "mean_entropy": 0.7938706333250702,
    "mean_hf_energy": 5.0,
    "mean_flatness": 0.6914648922971683,
    "mean_luma": 0.36384841403495677,
    "mean_difficulty": 0.506011281538597,
    "motion_p90": 0.16638492647058817,
    "motion_level": 0.5343384098790154,
    "texture_level": 0.5116322520908946,
    "noise_level_norm": 0.543502522292954,
    "edge_level": 0.5766009455210012,
    "segment_count": 6,
    "cut_count": 5,
    "cut_rate": 0.16685205784204674,
    "hard_fraction": 0.7664071190211346,
    "worst_difficulty": 0.6328639084279031,
    "volatility": 0.5601750819258668,
    "duration": 29.966666666666665,
    "fps": 30.0,
    "width": 3840,
    "height": 2160,
    "n_segments": 6
  },
  "segments": [
    {
      "index": 0,
      "start_sec": 0.0,
      "end_sec": 7.0,
      "duration": 7.0,
      "frame_count": 210,
      "motion": 0.00409855551016703,
      "motion_p90": 0.0065844234144275,
      "motion_max": 0.007336450012103607,
      "texture": 3.362676453266327,
      "edge": 0.014160397376543211,
      "noise": 0.0,
      "entropy": 0.6140343546867371,
      "hf_energy": 5.0,
      "flatness": 0.8414631558641975,
      "luma_mean": 0.1502037396362866,
      "difficulty": 0.2726001757295185
    },
    {
      "index": 1,
      "start_sec": 7.0,
      "end_sec": 10.0,
      "duration": 3.0,
      "frame_count": 90,
      "motion": 0.09005878003207456,
      "motion_p90": 0.15077311108085203,
      "motion_max": 0.3838455277172597,
      "texture": 5.29428871900482,
      "edge": 0.1068771701388889,
      "noise": 0.10029353300342336,
      "entropy": 0.9541253298521042,
      "hf_energy": 5.0,
      "flatness": 0.571424575617284,
      "luma_mean": 0.4397099786673929,
      "difficulty": 0.624007627946728
    },
    {
      "index": 2,
      "start_sec": 10.0,
      "end_sec": 17.0,
      "duration": 7.0,
      "frame_count": 210,
      "motion": 0.04794619473946986,
      "motion_p90": 0.08273331215202127,
      "motion_max": 0.21235732873396274,
      "texture": 4.577431803225037,
      "edge": 0.07388744212962962,
      "noise": 0.03706499875988811,
      "entropy": 0.8350939527153969,
      "hf_energy": 5.0,
      "flatness": 0.6585621624228395,
      "luma_mean": 0.5149316184035342,
      "difficulty": 0.5134994711655051
    },
    {
      "index": 3,
      "start_sec": 17.0,
      "end_sec": 20.0,
      "duration": 3.0,
      "frame_count": 90,
      "motion": 0.06456313354817235,
      "motion_p90": 0.1502091556221253,
      "motion_max": 0.4860204248366013,
      "texture": 3.250771675024604,
      "edge": 0.015147087191358025,
      "noise": 0.10029353201389313,
      "entropy": 0.5392559915781021,
      "hf_energy": 5.0,
      "flatness": 0.8474071662808642,
      "luma_mean": 0.09887379909525539,
      "difficulty": 0.4784262765689983
    },
    {
      "index": 4,
      "start_sec": 20.0,
      "end_sec": 27.0,
      "duration": 7.0,
      "frame_count": 210,
      "motion": 0.09425844604817235,
      "motion_p90": 0.16638492647058817,
      "motion_max": 0.41641222615589446,
      "texture": 5.377823383011355,
      "edge": 0.1052464313271605,
      "noise": 0.10683441790752113,
      "entropy": 0.9560807794332504,
      "hf_energy": 5.0,
      "flatness": 0.5729535590277778,
      "luma_mean": 0.4454190306523844,
      "difficulty": 0.6328639084279031
    },
    {
      "index": 5,
      "start_sec": 27.0,
      "end_sec": 29.966666666666665,
      "duration": 2.966666666666665,
      "frame_count": 89,
      "motion": 0.05045635231330187,
      "motion_p90": 0.08776968576010646,
      "motion_max": 0.23309144274993948,
      "texture": 4.591957598070035,
      "edge": 0.07393156828703704,
      "noise": 0.034884706139564514,
      "entropy": 0.8336120471358299,
      "hf_energy": 5.0,
      "flatness": 0.6585001929012346,
      "luma_mean": 0.5102332875665698,
      "difficulty": 0.5146702293929292
    }
  ],
  "distributions": {
    "thresholds": {
      "high_complexity": 0.45,
      "low_complexity": 0.2
    },
    "metrics": {
      "motion_mean": {
        "mean": 0.058563577031893,
        "max": 0.09425844604817235,
        "min": 0.00409855551016703,
        "p95": 0.0932085295441479,
        "variance": 0.0009078267722078806,
        "std": 0.030130163826436136
      },
      "motion_p90": {
        "mean": 0.10740910241668677,
        "max": 0.16638492647058817,
        "min": 0.0065844234144275,
        "p95": 0.16248197262315414,
        "variance": 0.0030584411387260084,
        "std": 0.055303174761726005
      },
      "motion_max": {
        "mean": 0.28984390003429356,
        "max": 0.4860204248366013,
        "min": 0.007336450012103607,
        "p95": 0.46861837516642457,
        "variance": 0.0253960909209192,
        "std": 0.15936151016139125
      },
      "texture": {
        "mean": 4.409158271933697,
        "max": 5.377823383011355,
        "min": 3.250771675024604,
        "p95": 5.3569397170097215,
        "variance": 0.7034138809034284,
        "std": 0.8386977291631523
      },
      "edge_density": {
        "mean": 0.06487501607510288,
        "max": 0.1068771701388889,
        "min": 0.014160397376543211,
        "p95": 0.1064694854359568,
        "variance": 0.0014336860896024953,
        "std": 0.037864047454049275
      },
      "noise_level": {
        "mean": 0.06322853130404837,
        "max": 0.10683441790752113,
        "min": 0.0,
        "p95": 0.10519919668149669,
        "variance": 0.0016891420010135957,
        "std": 0.041099172753397306
      },
      "high_freq_energy": {
        "mean": 5.0,
        "max": 5.0,
        "min": 5.0,
        "p95": 5.0,
        "variance": 0.0,
        "std": 0.0
      },
      "flatness": {
        "mean": 0.6917184686856995,
        "max": 0.8474071662808642,
        "min": 0.571424575617284,
        "p95": 0.8459211636766976,
        "variance": 0.012906826810627318,
        "std": 0.11360821629894256
      },
      "entropy": {
        "mean": 0.7887004092335701,
        "max": 0.9560807794332504,
        "min": 0.5392559915781021,
        "p95": 0.9555919170379639,
        "variance": 0.025380292816021166,
        "std": 0.15931193557301715
      },
      "difficulty": {
        "mean": 0.506011281538597,
        "max": 0.6328639084279031,
        "min": 0.2726001757295185,
        "p95": 0.6306498383076093,
        "variance": 0.014231242315067888,
        "std": 0.11929477069456099
      }
    },
    "high_complexity_ratio": 0.7664071190211346,
    "low_complexity_ratio": 0.0,
    "high_complexity_segment_ratio": 0.8333333333333334,
    "low_complexity_segment_ratio": 0.0,
    "scene_complexity_histogram": {
      "bins": [
        0.0,
        0.2,
        0.4,
        0.6,
        0.8,
        1.0
      ],
      "counts": [
        0,
        1,
        3,
        2,
        0
      ],
      "fractions": [
        0.0,
        0.16666666666666666,
        0.5,
        0.3333333333333333,
        0.0
      ]
    },
    "worst_segment_index": 4
  },
  "summary_raw": {
    "segment_count": 6.0,
    "cut_count": 5.0,
    "cut_rate": 0.16685205784204674,
    "hard_fraction": 0.7664071190211346,
    "worst_difficulty": 0.6328639084279031,
    "difficulty_mean": 0.506011281538597,
    "difficulty_p90": 0.6284357681873156,
    "duration_weighted_difficulty": 0.4927775844718584,