{
  "video": "61.mp4",
  "path": "/root/terry/videos/61.mp4",
  "extracted_at": "2026-07-17T18:36:19Z",
  "elapsed_sec": 16.34,
  "meta": {
    "path": "/root/terry/videos/61.mp4",
    "width": 3840,
    "height": 2160,
    "fps": 30.0,
    "frame_count": 899,
    "duration": 29.966666666666665,
    "detail_scale": 0.25,
    "texture_compensation": 16.0,
    "scene_spans_provided": false
  },
  "cut_times_sec": [
    4.0,
    10.0,
    14.0,
    20.0,
    24.0
  ],
  "global": {
    "mean_motion": 0.05665730543784326,
    "mean_texture": 4.391822837322275,
    "mean_noise": 0.05462457360342369,
    "mean_edge": 0.06508053921581249,
    "mean_entropy": 0.8122194530949973,
    "mean_hf_energy": 4.9863834754512055,
    "mean_flatness": 0.6925543717556545,
    "mean_luma": 0.3801087011341695,
    "mean_difficulty": 0.5019308195256283,
    "motion_p90": 0.15250160448438627,
    "motion_level": 0.5126076706332184,
    "texture_level": 0.5099759853731327,
    "noise_level_norm": 0.5322757667623707,
    "edge_level": 0.578079832172909,
    "segment_count": 6,
    "cut_count": 5,
    "cut_rate": 0.16685205784204674,
    "hard_fraction": 0.8665183537263627,
    "worst_difficulty": 0.6229033298309743,
    "volatility": 0.552423016784981,
    "duration": 29.966666666666665,
    "fps": 30.0,
    "width": 3840,
    "height": 2160,
    "n_segments": 6
  },
  "segments": [
    {
      "index": 0,
      "start_sec": 0.0,
      "end_sec": 4.0,
      "duration": 4.0,
      "frame_count": 120,
      "motion": 0.00699760859204793,
      "motion_p90": 0.009956560911401598,
      "motion_max": 0.010245309852335996,
      "texture": 3.313142702488247,
      "edge": 0.013102092978395062,
      "noise": 0.0,
      "entropy": 0.7106998562812805,
      "hf_energy": 4.897989536921951,
      "flatness": 0.8595271508487654,
      "luma_mean": 0.21704195412732996,
      "difficulty": 0.28880846360056933
    },
    {
      "index": 1,
      "start_sec": 4.0,
      "end_sec": 10.0,
      "duration": 6.0,
      "frame_count": 180,
      "motion": 0.0871292939436577,
      "motion_p90": 0.14168212145969494,
      "motion_max": 0.34865541787702736,
      "texture": 5.264802946172667,
      "edge": 0.10709804205246913,
      "noise": 0.07122294272994623,
      "entropy": 0.9517252445220947,
      "hf_energy": 5.0,
      "flatness": 0.5717710744598765,
      "luma_mean": 0.4413680442084241,
      "difficulty": 0.6076732585902735
    },
    {
      "index": 2,
      "start_sec": 10.0,
      "end_sec": 14.0,
      "duration": 4.0,
      "frame_count": 120,
      "motion": 0.04150095315904139,
      "motion_p90": 0.07943539397240373,
      "motion_max": 0.2265143579036553,
      "texture": 4.514378750384015,
      "edge": 0.07469376929012345,
      "noise": 0.03270441293716431,
      "entropy": 0.8208082020282745,
      "hf_energy": 5.0,
      "flatness": 0.6591051793981482,
      "luma_mean": 0.5154273878146938,
      "difficulty": 0.5039828149131363
    },
    {
      "index": 3,
      "start_sec": 14.0,
      "end_sec": 20.0,
      "duration": 6.0,
      "frame_count": 180,
      "motion": 0.055988459967320256,
      "motion_p90": 0.12967195291696917,
      "motion_max": 0.41851158163882834,
      "texture": 3.3514483257054746,
      "edge": 0.014147376543209876,
      "noise": 0.08067087829113007,
      "entropy": 0.6174236834049225,
      "hf_energy": 5.0,
      "flatness": 0.8413302951388889,
      "luma_mean": 0.15235688052227062,
      "difficulty": 0.4741422179875809
    },
    {
      "index": 4,
      "start_sec": 20.0,
      "end_sec": 24.0,
      "duration": 4.0,
      "frame_count": 120,
      "motion": 0.09176709823589929,
      "motion_p90": 0.15250160448438627,
      "motion_max": 0.3869945987654321,
      "texture": 5.339450755936179,
      "edge": 0.10714096257716049,
      "noise": 0.09447941713733599,
      "entropy": 0.9519829079508781,
      "hf_energy": 5.0,
      "flatness": 0.5711311246141975,
      "luma_mean": 0.43632747915910186,
      "difficulty": 0.6229033298309743
    },
    {
      "index": 5,
      "start_sec": 24.0,
      "end_sec": 29.966666666666665,
      "duration": 5.966666666666665,
      "frame_count": 179,
      "motion": 0.04660247310729847,
      "motion_p90": 0.08417582304526744,
      "motion_max": 0.22233049655047202,
      "texture": 4.565848250042718,
      "edge": 0.0742503375771605,
      "noise": 0.036338236182928085,
      "entropy": 0.8364221528172493,
      "hf_energy": 5.0,
      "flatness": 0.6562934027777778,
      "luma_mean": 0.5284447895863593,
      "difficulty": 0.514074832231236
    }
  ],
  "distributions": {
    "thresholds": {
      "high_complexity": 0.45,
      "low_complexity": 0.2
    },
    "metrics": {
      "motion_mean": {
        "mean": 0.05499764783421084,
        "max": 0.09176709823589929,
        "min": 0.00699760859204793,
        "p95": 0.0906076471628389,
        "variance": 0.0008236767277212319,
        "std": 0.02869976877469977
      },
      "motion_p90": {
        "mean": 0.09957057613168718,
        "max": 0.15250160448438627,
        "min": 0.009956560911401598,
        "p95": 0.14979673372821345,
        "variance": 0.002359044100639589,
        "std": 0.048569991771047163
      },
      "motion_max": {
        "mean": 0.26887529376462516,
        "max": 0.41851158163882834,
        "min": 0.010245309852335996,
        "p95": 0.41063233592047926,
        "variance": 0.018926398779871692,
        "std": 0.1375732487799561
      },
      "texture": {
        "mean": 4.39151195512155,
        "max": 5.339450755936179,
        "min": 3.313142702488247,
        "p95": 5.320788803495301,
        "variance": 0.6585545194174792,
        "std": 0.8115137210284735
      },
      "edge_density": {
        "mean": 0.06507209683641975,
        "max": 0.10714096257716049,
        "min": 0.013102092978395062,
        "p95": 0.10713023244598766,
        "variance": 0.0015011657763101618,
        "std": 0.03874488064648234
      },
      "noise_level": {
        "mean": 0.052569314546417445,
        "max": 0.09447941713733599,
        "min": 0.0,
        "p95": 0.0910272824257845,
        "variance": 0.0010526179135260034,
        "std": 0.03244407362718195
      },
      "high_freq_energy": {
        "mean": 4.9829982561536585,
        "max": 5.0,
        "min": 4.897989536921951,
        "p95": 5.0,
        "variance": 0.0014452964690830478,
        "std": 0.038017054976458235
      },
      "flatness": {
        "mean": 0.6931930378729424,
        "max": 0.8595271508487654,
        "min": 0.5711311246141975,
        "p95": 0.8549779369212963,
        "variance": 0.01362960886045904,
        "std": 0.11674591581917991
      },
      "entropy": {
        "mean": 0.8148436745007833,
        "max": 0.9519829079508781,
        "min": 0.6174236834049225,
        "p95": 0.9519184920936823,
        "variance": 0.0146442546059143,
        "std": 0.12101344803745698
      },
      "difficulty": {
        "mean": 0.5019308195256283,
        "max": 0.6229033298309743,
        "min": 0.28880846360056933,
        "p95": 0.6190958120207991,
        "variance": 0.012026807394844909,
        "std": 0.1096668016988045
      }
    },
    "high_complexity_ratio": 0.8665183537263627,
    "low_complexity_ratio": 0.0,
    "high_complexity_segment_ratio": 0.8333333333333334,
    "low_complexity_segment_ratio": 0.0,
    "scene_complexity_histogram": {
      "bins": [
        0.0,
        0.2,
        0.4,
        0.6,
        0.8,
        1.0
      ],
      "counts": [
        0,
        1,
        3,
        2,
        0
      ],
      "fractions": [
        0.0,
        0.16666666666666666,
        0.5,
        0.3333333333333333,
        0.0
      ]
    },
    "worst_segment_index": 4
  },
  "summary_raw": {
    "segment_count": 6.0,
    "cut_count": 5.0,
    "cut_rate": 0.16685205784204674,
    "hard_fraction": 0.8665183537263627,
    "worst_difficulty": 0.6229033298309743,
    "difficulty_mean": 0.5019308195256283,