{
  "video": "62.mp4",
  "path": "/root/terry/videos/62.mp4",
  "extracted_at": "2026-07-17T18:36:36Z",
  "elapsed_sec": 17.244,
  "meta": {
    "path": "/root/terry/videos/62.mp4",
    "width": 3840,
    "height": 2160,
    "fps": 30.0,
    "frame_count": 900,
    "duration": 30.0,
    "detail_scale": 0.25,
    "texture_compensation": 16.0,
    "scene_spans_provided": false
  },
  "cut_times_sec": [
    4.0,
    10.0,
    14.0,
    20.0,
    24.0
  ],
  "global": {
    "mean_motion": 0.04760345986645687,
    "mean_texture": 4.101505399796045,
    "mean_noise": 0.048014922249907006,
    "mean_edge": 0.030925057870370372,
    "mean_entropy": 0.8441009402275086,
    "mean_hf_energy": 4.985346105967029,
    "mean_flatness": 0.7615471000514404,
    "mean_luma": 0.3934322731960582,
    "mean_difficulty": 0.4793589051118119,
    "motion_p90": 0.14769269093439835,
    "motion_level": 0.5045998602250746,
    "texture_level": 0.4928802185114931,
    "noise_level_norm": 0.5000777079726637,
    "edge_level": 0.3943262359013714,
    "segment_count": 6,
    "cut_count": 5,
    "cut_rate": 0.16666666666666666,
    "hard_fraction": 0.5333333333333333,
    "worst_difficulty": 0.5576699490979504,
    "volatility": 0.4972400221000562,
    "duration": 30.0,
    "fps": 30.0,
    "width": 3840,
    "height": 2160,
    "n_segments": 6
  },
  "segments": [
    {
      "index": 0,
      "start_sec": 0.0,
      "end_sec": 4.0,
      "duration": 4.0,
      "frame_count": 120,
      "motion": 0.008317728190813362,
      "motion_p90": 0.011864663519728877,
      "motion_max": 0.012011990135560396,
      "texture": 4.318671603920926,
      "edge": 0.014501350308641976,
      "noise": 0.001453529461286962,
      "entropy": 0.8868264183402061,
      "hf_energy": 4.955355933641961,
      "flatness": 0.8097750289351853,
      "luma_mean": 0.599467903693113,
      "difficulty": 0.3402232393882734
    },
    {
      "index": 1,
      "start_sec": 4.0,
      "end_sec": 10.0,
      "duration": 6.0,
      "frame_count": 180,
      "motion": 0.05566689455488985,
      "motion_p90": 0.11115811395545865,
      "motion_max": 0.3219999546114742,
      "texture": 4.9488144592231205,
      "edge": 0.050545669367283955,
      "noise": 0.054507353401277214,
      "entropy": 0.9213540405035019,
      "hf_energy": 5.0,
      "flatness": 0.616733699845679,
      "luma_mean": 0.3843199739772452,
      "difficulty": 0.5551654788046392
    },
    {
      "index": 2,
      "start_sec": 10.0,
      "end_sec": 14.0,
      "duration": 4.0,
      "frame_count": 120,
      "motion": 0.04500666076615832,
      "motion_p90": 0.08817790335269907,
      "motion_max": 0.2564828507020092,
      "texture": 3.0879949239826248,
      "edge": 0.02820842978395062,
      "noise": 0.029797352850437164,
      "entropy": 0.7488348260521889,
      "hf_energy": 5.0,
      "flatness": 0.8503279320987654,
      "luma_mean": 0.20257905262799564,
      "difficulty": 0.4436193856868189
    },
    {
      "index": 3,
      "start_sec": 14.0,
      "end_sec": 20.0,
      "duration": 6.0,
      "frame_count": 180,
      "motion": 0.06448027206638828,
      "motion_p90": 0.14769269093439835,
      "motion_max": 0.4656966457879448,
      "texture": 4.171651299564156,
      "edge": 0.014555844907407408,
      "noise": 0.09884000138845295,
      "entropy": 0.8661185055971146,
      "hf_energy": 4.956493240740503,
      "flatness": 0.8259102527006172,
      "luma_mean": 0.6051908086344105,
      "difficulty": 0.5384507220183034
    },
    {
      "index": 4,
      "start_sec": 20.0,
      "end_sec": 24.0,
      "duration": 4.0,
      "frame_count": 120,
      "motion": 0.05849366640946502,
      "motion_p90": 0.11463925124061965,
      "motion_max": 0.32572518004115225,
      "texture": 5.02252637304896,
      "edge": 0.049679542824074066,
      "noise": 0.05741441290592775,
      "entropy": 0.9084518253803253,
      "hf_energy": 5.0,
      "flatness": 0.610672019675926,
      "luma_mean": 0.37287514183914305,
      "difficulty": 0.5576699490979504
    },
    {
      "index": 5,
      "start_sec": 24.0,
      "end_sec": 30.0,
      "duration": 6.0,
      "frame_count": 180,
      "motion": 0.043324762466715086,
      "motion_p90": 0.09110587100580968,
      "motion_max": 0.2659190041757444,
      "texture": 3.1009326395579406,
      "edge": 0.02793089313271605,
      "noise": 0.027617059648036957,
      "entropy": 0.736956775188446,
      "hf_energy": 5.0,
      "flatness": 0.8512415605709877,
      "luma_mean": 0.19436918459513436,
      "difficulty": 0.4410246556748861
    }
  ],
  "distributions": {
    "thresholds": {
      "high_complexity": 0.45,
      "low_complexity": 0.2
    },
    "metrics": {
      "motion_mean": {
        "mean": 0.04588166407573832,
        "max": 0.06448027206638828,
        "min": 0.008317728190813362,
        "p95": 0.06298362065215746,
        "variance": 0.0003365123688971111,
        "std": 0.01834427346332122
      },
      "motion_p90": {
        "mean": 0.09410641566811905,
        "max": 0.14769269093439835,
        "min": 0.011864663519728877,
        "p95": 0.13942933101095367,
        "variance": 0.0017319504951708506,
        "std": 0.041616709326553564
      },
      "motion_max": {
        "mean": 0.2746392709089809,
        "max": 0.4656966457879448,
        "min": 0.012011990135560396,
        "p95": 0.43070377935124665,
        "variance": 0.018455752036890163,
        "std": 0.13585194896242808
      },
      "texture": {
        "mean": 4.108431883216288,
        "max": 5.02252637304896,
        "min": 3.0879949239826248,
        "p95": 5.0040983945925,
        "variance": 0.6077258931509747,
        "std": 0.7795677604615103
      },
      "edge_density": {
        "mean": 0.030903621720679012,
        "max": 0.050545669367283955,
        "min": 0.014501350308641976,
        "p95": 0.05032913773148148,
        "variance": 0.0002151217896794301,
        "std": 0.014667030704250609
      },
      "noise_level": {
        "mean": 0.04493828494256983,
        "max": 0.09884000138845295,
        "min": 0.001453529461286962,
        "p95": 0.08848360426782165,
        "variance": 0.0009288020842545658,
        "std": 0.0304762544328296
      },
      "high_freq_energy": {
        "mean": 4.98530819573041,
        "max": 5.0,
        "min": 4.955355933641961,
        "p95": 5.0,
        "variance": 0.00043180601434487806,
        "std": 0.020779942597246946
      },
      "flatness": {
        "mean": 0.7607767489711934,
        "max": 0.8512415605709877,
        "min": 0.610672019675926,
        "p95": 0.8510131534529322,
        "variance": 0.011021055173835942,
        "std": 0.10498121343286113
      },
      "entropy": {
        "mean": 0.8447570651769638,
        "max": 0.9213540405035019,
        "min": 0.736956775188446,
        "p95": 0.9181284867227077,
        "variance": 0.005495373199875715,
        "std": 0.07413078442776466
      },
      "difficulty": {
        "mean": 0.4793589051118119,
        "max": 0.5576699490979504,
        "min": 0.3402232393882734,
        "p95": 0.5570438315246227,
        "variance": 0.006246110075918236,
        "std": 0.07903233563496802
      }
    },
    "high_complexity_ratio": 0.5333333333333333,
    "low_complexity_ratio": 0.0,
    "high_complexity_segment_ratio": 0.5,
    "low_complexity_segment_ratio": 0.0,
    "scene_complexity_histogram": {
      "bins": [
        0.0,
        0.2,
        0.4,
        0.6,
        0.8,
        1.0
      ],
      "counts": [
        0,
        1,
        5,
        0,
        0
      ],
      "fractions": [
        0.0,
        0.16666666666666666,
        0.8333333333333334,
        0.0,
        0.0
      ]
    },
    "worst_segment_index": 4
  },
  "summary_raw": {
    "segment_count": 6.0,
    "cut_count": 5.0,
    "cut_rate": 0.16666666666666666,
    "hard_fraction": 0.5333333333333333,
    "worst_difficulty": 0.5576699490979504,
    "difficulty_mean": 0.4793589051118119,