{
  "video": "63.mp4",
  "path": "/root/terry/videos/63.mp4",
  "extracted_at": "2026-07-17T18:36:54Z",
  "elapsed_sec": 17.764,
  "meta": {
    "path": "/root/terry/videos/63.mp4",
    "width": 3840,
    "height": 2160,
    "fps": 30.0,
    "frame_count": 898,
    "duration": 29.933333333333334,
    "detail_scale": 0.25,
    "texture_compensation": 16.0,
    "scene_spans_provided": false
  },
  "cut_times_sec": [
    4.0,
    10.0,
    14.0,
    20.0,
    24.0
  ],
  "global": {
    "mean_motion": 0.05880646349033922,
    "mean_texture": 4.379478286059194,
    "mean_noise": 0.06159047587159689,
    "mean_edge": 0.06608358563010393,
    "mean_entropy": 0.7910740612809004,
    "mean_hf_energy": 5.0,
    "mean_flatness": 0.6897921306607274,
    "mean_luma": 0.3662925392227456,
    "mean_difficulty": 0.501770854642515,
    "motion_p90": 0.15894243070685057,
    "motion_level": 0.5229359728985946,
    "texture_level": 0.5092725558896828,
    "noise_level_norm": 0.5620057343647287,
    "edge_level": 0.581805771172884,
    "segment_count": 6,
    "cut_count": 5,
    "cut_rate": 0.16703786191536749,
    "hard_fraction": 0.8663697104677061,
    "worst_difficulty": 0.6303917691513861,
    "volatility": 0.5611031127313948,
    "duration": 29.933333333333334,
    "fps": 30.0,
    "width": 3840,
    "height": 2160,
    "n_segments": 6
  },
  "segments": [
    {
      "index": 0,
      "start_sec": 0.0,
      "end_sec": 4.0,
      "duration": 4.0,
      "frame_count": 120,
      "motion": 0.004737583401416122,
      "motion_p90": 0.006498439391188574,
      "motion_max": 0.007033526991043331,
      "texture": 3.319060131296752,
      "edge": 0.013778452932098766,
      "noise": 0.0,
      "entropy": 0.6371495798230171,
      "hf_energy": 5.0,
      "flatness": 0.8445201581790124,
      "luma_mean": 0.1656407630567659,
      "difficulty": 0.274654780917605
    },
    {
      "index": 1,
      "start_sec": 4.0,
      "end_sec": 10.0,
      "duration": 6.0,
      "frame_count": 180,
      "motion": 0.09311999591503269,
      "motion_p90": 0.15368897285766153,
      "motion_max": 0.3757514070442992,
      "texture": 5.242398614360365,
      "edge": 0.11282045717592593,
      "noise": 0.09520617319503799,
      "entropy": 0.9416684359312057,
      "hf_energy": 5.0,
      "flatness": 0.5630938946759259,
      "luma_mean": 0.44956832486080855,
      "difficulty": 0.6226814525066511
    },
    {
      "index": 2,
      "start_sec": 10.0,
      "end_sec": 14.0,
      "duration": 4.0,
      "frame_count": 120,
      "motion": 0.045975702009198746,
      "motion_p90": 0.08361514009924956,
      "motion_max": 0.22115705942870978,
      "texture": 4.5553640168478235,
      "edge": 0.07400993441358025,
      "noise": 0.026163529604673386,
      "entropy": 0.8361493051052094,
      "hf_energy": 5.0,
      "flatness": 0.6559459394290124,
      "luma_mean": 0.5236798614893488,
      "difficulty": 0.5017591638652484
    },
    {
      "index": 3,
      "start_sec": 14.0,
      "end_sec": 20.0,
      "duration": 6.0,
      "frame_count": 180,
      "motion": 0.05660334021725975,
      "motion_p90": 0.13180666606148625,
      "motion_max": 0.42343915668119103,
      "texture": 3.302954737410218,
      "edge": 0.014748263888888889,
      "noise": 0.08721176534891129,
      "entropy": 0.5589358136057854,
      "hf_energy": 5.0,
      "flatness": 0.843761574074074,
      "luma_mean": 0.11298271737321472,
      "difficulty": 0.46899740032525644
    },
    {
      "index": 4,
      "start_sec": 20.0,
      "end_sec": 24.0,
      "duration": 4.0,
      "frame_count": 120,
      "motion": 0.09322805275659646,
      "motion_p90": 0.15894243070685057,
      "motion_max": 0.4115060442386831,
      "texture": 5.3248424803020455,
      "edge": 0.10615451388888889,
      "noise": 0.1082879442255944,
      "entropy": 0.9573873579502106,
      "hf_energy": 5.0,
      "flatness": 0.5718668016975309,
      "luma_mean": 0.4442822409828129,
      "difficulty": 0.6303917691513861
    },
    {
      "index": 5,
      "start_sec": 24.0,
      "end_sec": 29.933333333333334,
      "duration": 5.933333333333334,
      "frame_count": 178,
      "motion": 0.04823057938453159,
      "motion_p90": 0.08355473175381259,
      "motion_max": 0.2151169813604454,
      "texture": 4.55447136038684,
      "edge": 0.07363787615740741,
      "noise": 0.03561146929860115,
      "entropy": 0.8347943425178528,
      "hf_energy": 5.0,
      "flatness": 0.6602213541666667,
      "luma_mean": 0.5148267907664609,
      "difficulty": 0.5121405610889431
    }
  ],
  "distributions": {
    "thresholds": {
      "high_complexity": 0.45,
      "low_complexity": 0.2
    },
    "metrics": {
      "motion_mean": {
        "mean": 0.056982542280672545,
        "max": 0.09322805275659646,
        "min": 0.004737583401416122,
        "p95": 0.09320103854620551,
        "variance": 0.0009245132491055159,
        "std": 0.030405809463086422
      },
      "motion_p90": {
        "mean": 0.10301773014504151,
        "max": 0.15894243070685057,
        "min": 0.006498439391188574,
        "p95": 0.1576290662445533,
        "variance": 0.00276586534944321,
        "std": 0.05259149502955027
      },
      "motion_max": {
        "mean": 0.275667362624062,
        "max": 0.42343915668119103,
        "min": 0.007033526991043331,
        "p95": 0.42045587857056405,
        "variance": 0.021517887660283203,
        "std": 0.1466897667197109
      },
      "texture": {
        "mean": 4.383181890100674,
        "max": 5.3248424803020455,
        "min": 3.302954737410218,
        "p95": 5.304231513816625,
        "variance": 0.6638684387929529,
        "std": 0.8147812214287666
      },
      "edge_density": {
        "mean": 0.06585824974279834,
        "max": 0.11282045717592593,
        "min": 0.013778452932098766,
        "p95": 0.11115397135416666,
        "variance": 0.001546791045179488,
        "std": 0.039329264488158024
      },
      "noise_level": {
        "mean": 0.05874681361213637,
        "max": 0.1082879442255944,
        "min": 0.0,
        "p95": 0.1050175014679553,
        "variance": 0.0016069941106379773,
        "std": 0.04008733104907306
      },
      "high_freq_energy": {
        "mean": 5.0,
        "max": 5.0,
        "min": 5.0,
        "p95": 5.0,
        "variance": 0.0,
        "std": 0.0
      },
      "flatness": {
        "mean": 0.6899016203703705,
        "max": 0.8445201581790124,
        "min": 0.5630938946759259,
        "p95": 0.8443305121527778,
        "variance": 0.013271016962138315,
        "std": 0.1151999000092375
      },
      "entropy": {
        "mean": 0.7943474724888802,
        "max": 0.9573873579502106,
        "min": 0.5589358136057854,
        "p95": 0.9534576274454594,
        "variance": 0.021966439937120292,
        "std": 0.14821079561597492
      },
      "difficulty": {
        "mean": 0.501770854642515,
        "max": 0.6303917691513861,
        "min": 0.274654780917605,
        "p95": 0.6284641899902024,
        "variance": 0.013987675587587449,
        "std": 0.11826950404727099
      }
    },
    "high_complexity_ratio": 0.8663697104677061,
    "low_complexity_ratio": 0.0,
    "high_complexity_segment_ratio": 0.8333333333333334,
    "low_complexity_segment_ratio": 0.0,
    "scene_complexity_histogram": {
      "bins": [
        0.0,
        0.2,
        0.4,
        0.6,
        0.8,
        1.0
      ],
      "counts": [
        0,
        1,
        3,
        2,
        0
      ],
      "fractions": [
        0.0,
        0.16666666666666666,
        0.5,
        0.3333333333333333,
        0.0
      ]
    },
    "worst_segment_index": 4
  },
  "summary_raw": {
    "segment_count": 6.0,
    "cut_count": 5.0,
    "cut_rate": 0.16703786191536749,
    "hard_fraction": 0.8663697104677061,
    "worst_difficulty": 0.6303917691513861,
    "difficulty_mean": 0.501770854642515,
    "difficulty_p90": 0.6265366108290186,
    "duration_weighted_difficulty": 0.5083295089706947,