{
  "video": "64.mp4",
  "path": "/root/terry/videos/64.mp4",
  "extracted_at": "2026-07-17T18:37:10Z",
  "elapsed_sec": 16.418,
  "meta": {
    "path": "/root/terry/videos/64.mp4",
    "width": 3840,
    "height": 2160,
    "fps": 30.0,
    "frame_count": 898,
    "duration": 29.933333333333334,
    "detail_scale": 0.25,
    "texture_compensation": 16.0,
    "scene_spans_provided": false
  },
  "cut_times_sec": [
    2.0,
    10.0,
    12.0,
    20.0,
    22.0
  ],
  "global": {
    "mean_motion": 0.057088836742628254,
    "mean_texture": 4.362776335962179,
    "mean_noise": 0.06291289719284195,
    "mean_edge": 0.06354236265775798,
    "mean_entropy": 0.7920337788478569,
    "mean_hf_energy": 4.999999999999999,
    "mean_flatness": 0.6948779319698781,
    "mean_luma": 0.3660085292267736,
    "mean_difficulty": 0.4996280153346538,
    "motion_p90": 0.14857750317719673,
    "motion_level": 0.5060929450289613,
    "texture_level": 0.5083176078679774,
    "noise_level_norm": 0.5672279670366612,
    "edge_level": 0.5722353265627187,
    "segment_count": 6,
    "cut_count": 5,
    "cut_rate": 0.16703786191536749,
    "hard_fraction": 0.933184855233853,
    "worst_difficulty": 0.6208565072729572,
    "volatility": 0.5329807646606511,
    "duration": 29.933333333333334,
    "fps": 30.0,
    "width": 3840,
    "height": 2160,
    "n_segments": 6
  },
  "segments": [
    {
      "index": 0,
      "start_sec": 0.0,
      "end_sec": 2.0,
      "duration": 2.0,
      "frame_count": 60,
      "motion": 0.005449380446623093,
      "motion_p90": 0.007045734235052045,
      "motion_max": 0.007074217804405713,
      "texture": 3.291461666102922,
      "edge": 0.013596643518518518,
      "noise": 0.0,
      "entropy": 0.6583382338285446,
      "hf_energy": 5.0,
      "flatness": 0.8464588155864198,
      "luma_mean": 0.1792906671735052,
      "difficulty": 0.2779554390771702
    },
    {
      "index": 1,
      "start_sec": 2.0,
      "end_sec": 10.0,
      "duration": 8.0,
      "frame_count": 240,
      "motion": 0.07970401858660131,
      "motion_p90": 0.14229349052892756,
      "motion_max": 0.36450540123456787,
      "texture": 5.217944608925121,
      "edge": 0.10260754243827161,
      "noise": 0.08212441205978394,
      "entropy": 0.9527924358844757,
      "hf_energy": 5.0,
      "flatness": 0.5796371045524691,
      "luma_mean": 0.44970449800290485,
      "difficulty": 0.6114075788391534
    },
    {
      "index": 2,
      "start_sec": 10.0,
      "end_sec": 12.0,
      "duration": 2.0,
      "frame_count": 60,
      "motion": 0.04673807700163399,
      "motion_p90": 0.08281927499394817,
      "motion_max": 0.22225649812394094,
      "texture": 4.527314933539869,
      "edge": 0.07364583333333333,
      "noise": 0.03851852938532829,
      "entropy": 0.8345987573266029,
      "hf_energy": 5.0,
      "flatness": 0.658167438271605,
      "luma_mean": 0.5151052134395424,
      "difficulty": 0.5142992774739327
    },
    {
      "index": 3,
      "start_sec": 12.0,
      "end_sec": 20.0,
      "duration": 8.0,
      "frame_count": 240,
      "motion": 0.05573252258079157,
      "motion_p90": 0.12973032785645117,
      "motion_max": 0.41935450708061,
      "texture": 3.320492183377778,
      "edge": 0.014758391203703704,
      "noise": 0.08721176534891129,
      "entropy": 0.5708034373819828,
      "hf_energy": 5.0,
      "flatness": 0.8436935763888889,
      "luma_mean": 0.12115363448620188,
      "difficulty": 0.4700645401742454
    },
    {
      "index": 4,
      "start_sec": 20.0,
      "end_sec": 22.0,
      "duration": 2.0,
      "frame_count": 60,
      "motion": 0.07526150599128541,
      "motion_p90": 0.14857750317719673,
      "motion_max": 0.4255395787944808,
      "texture": 5.121474963963489,
      "edge": 0.0993993537808642,
      "noise": 0.10465412371559069,
      "entropy": 0.9567126557230949,
      "hf_energy": 5.0,
      "flatness": 0.5874681712962964,
      "luma_mean": 0.46624260450708066,
      "difficulty": 0.6208565072729572
    },
    {
      "index": 5,
      "start_sec": 22.0,
      "end_sec": 29.933333333333334,
      "duration": 7.933333333333334,
      "frame_count": 238,
      "motion": 0.04669776348039216,
      "motion_p90": 0.07795201298111835,
      "motion_max": 0.19756481481481483,
      "texture": 4.5887950660712775,
      "edge": 0.07434751157407407,
      "noise": 0.03052411729004234,
      "entropy": 0.8344720378518105,
      "hf_energy": 5.0,
      "flatness": 0.6591401427469135,
      "luma_mean": 0.5127369678195353,
      "difficulty": 0.5031847491704637
    }
  ],
  "distributions": {
    "thresholds": {
      "high_complexity": 0.45,
      "low_complexity": 0.2
    },
    "metrics": {
      "motion_mean": {
        "mean": 0.051597211347887924,
        "max": 0.07970401858660131,
        "min": 0.005449380446623093,
        "p95": 0.07859339043777233,
        "variance": 0.0005907217210016145,
        "std": 0.024304767454176857
      },
      "motion_p90": {
        "mean": 0.09806972396211566,
        "max": 0.14857750317719673,
        "min": 0.007045734235052045,
        "p95": 0.14700650001512944,
        "variance": 0.0024053060540379103,
        "std": 0.04904391964390602
      },
      "motion_max": {
        "mean": 0.2727158363088033,
        "max": 0.4255395787944808,
        "min": 0.007074217804405713,
        "p95": 0.4239933108660131,
        "variance": 0.022007101764265378,
        "std": 0.14834790785267374
      },
      "texture": {
        "mean": 4.344580570330076,
        "max": 5.217944608925121,
        "min": 3.291461666102922,
        "p95": 5.193827197684713,
        "variance": 0.6028631101548424,
        "std": 0.7764425993947283
      },
      "edge_density": {
        "mean": 0.0630592126414609,
        "max": 0.10260754243827161,
        "min": 0.013596643518518518,
        "p95": 0.10180549527391976,
        "variance": 0.0013172822623364387,
        "std": 0.03629438334420959
      },
      "noise_level": {
        "mean": 0.057172157966609426,
        "max": 0.10465412371559069,
        "min": 0.0,
        "p95": 0.10029353412392084,
        "variance": 0.001351043607517987,
        "std": 0.036756545097682766
      },
      "high_freq_energy": {
        "mean": 5.0,
        "max": 5.0,
        "min": 5.0,
        "p95": 5.0,
        "variance": 0.0,
        "std": 0.0
      },
      "flatness": {
        "mean": 0.6957608748070988,
        "max": 0.8464588155864198,
        "min": 0.5796371045524691,
        "p95": 0.8457675057870371,
        "variance": 0.012093389615235893,
        "std": 0.10996994869161253
      },
      "entropy": {
        "mean": 0.8012862596660852,
        "max": 0.9567126557230949,
        "min": 0.5708034373819828,
        "p95": 0.9557326007634401,
        "variance": 0.02047982897610965,
        "std": 0.14310775302585688
      },
      "difficulty": {
        "mean": 0.4996280153346538,
        "max": 0.6208565072729572,
        "min": 0.2779554390771702,
        "p95": 0.6184942751645062,
        "variance": 0.012905274081903324,
        "std": 0.11360138239433235
      }
    },
    "high_complexity_ratio": 0.933184855233853,
    "low_complexity_ratio": 0.0,
    "high_complexity_segment_ratio": 0.8333333333333334,
    "low_complexity_segment_ratio": 0.0,
    "scene_complexity_histogram": {
      "bins": [
        0.0,
        0.2,
        0.4,
        0.6,
        0.8,
        1.0
      ],
      "counts": [
        0,
        1,
        3,
        2,
        0
      ],
      "fractions": [
        0.0,
        0.16666666666666666,
        0.5,
        0.3333333333333333,
        0.0
      ]
    },
    "worst_segment_index": 4
  },
  "summary_raw": {
    "segment_count": 6.0,
    "cut_count": 5.0,
    "cut_rate": 0.16703786191536749,
    "hard_fraction": 0.933184855233853,
    "worst_difficulty": 0.6208565072729572,
    "difficulty_mean": 0.4996280153346538,
    "difficulty_p90": 0.6161320430560553,