{
  "video": "65.mp4",
  "path": "/root/terry/videos/65.mp4",
  "extracted_at": "2026-07-17T18:37:27Z",
  "elapsed_sec": 16.514,
  "meta": {
    "path": "/root/terry/videos/65.mp4",
    "width": 3840,
    "height": 2160,
    "fps": 30.0,
    "frame_count": 899,
    "duration": 29.966666666666665,
    "detail_scale": 0.25,
    "texture_compensation": 16.0,
    "scene_spans_provided": false
  },
  "cut_times_sec": [
    6.0,
    10.0,
    16.0,
    20.0,
    26.0
  ],
  "global": {
    "mean_motion": 0.04774743129574867,
    "mean_texture": 4.782038685833804,
    "mean_noise": 0.054318184303614445,
    "mean_edge": 0.06652471796509152,
    "mean_entropy": 0.8066405834955421,
    "mean_hf_energy": 4.899778058818417,
    "mean_flatness": 0.5854397043096582,
    "mean_luma": 0.33090332503074205,
    "mean_difficulty": 0.5157482750899446,
    "motion_p90": 0.12486191524449279,
    "motion_level": 0.4626881682484499,
    "texture_level": 0.531217300072164,
    "noise_level_norm": 0.5308751779882359,
    "edge_level": 0.5834236571885927,
    "segment_count": 6,
    "cut_count": 5,
    "cut_rate": 0.16685205784204674,
    "hard_fraction": 0.7997775305895439,
    "worst_difficulty": 0.6005966614467015,
    "volatility": 0.49905199048635035,
    "duration": 29.966666666666665,
    "fps": 30.0,
    "width": 3840,
    "height": 2160,
    "n_segments": 6
  },
  "segments": [
    {
      "index": 0,
      "start_sec": 0.0,
      "end_sec": 6.0,
      "duration": 6.0,
      "frame_count": 180,
      "motion": 0.010717658784192688,
      "motion_p90": 0.0140515727124183,
      "motion_max": 0.015499924352457032,
      "texture": 3.9304821224155555,
      "edge": 0.04855082947530864,
      "noise": 0.0,
      "entropy": 0.5988755002617836,
      "hf_energy": 5.0,
      "flatness": 0.7551073013117284,
      "luma_mean": 0.09671690798232874,
      "difficulty": 0.3212073748281908
    },
    {
      "index": 1,
      "start_sec": 6.0,
      "end_sec": 10.0,
      "duration": 4.0,
      "frame_count": 120,
      "motion": 0.05525457762194384,
      "motion_p90": 0.12486191524449279,
      "motion_max": 0.3895274978818688,
      "texture": 4.397126830407219,
      "edge": 0.014856288580246912,
      "noise": 0.08793852577218786,
      "entropy": 0.9017469361424446,
      "hf_energy": 4.294444142499833,
      "flatness": 0.7113008777006172,
      "luma_mean": 0.4634629033905229,
      "difficulty": 0.5345384728035782
    },
    {
      "index": 2,
      "start_sec": 10.0,
      "end_sec": 16.0,
      "duration": 6.0,
      "frame_count": 180,
      "motion": 0.06165026344256838,
      "motion_p90": 0.10603147013434999,
      "motion_max": 0.2682518155410312,
      "texture": 6.003160762250121,
      "edge": 0.12944396219135804,
      "noise": 0.04651294101495296,
      "entropy": 0.9181947559118271,
      "hf_energy": 5.0,
      "flatness": 0.3014937789351852,
      "luma_mean": 0.4372919030652384,
      "difficulty": 0.5927180304244234
    },
    {
      "index": 3,
      "start_sec": 16.0,
      "end_sec": 20.0,
      "duration": 4.0,
      "frame_count": 120,
      "motion": 0.05451742352033406,
      "motion_p90": 0.12076005355846037,
      "motion_max": 0.35780414094650204,
      "texture": 3.928100376117964,
      "edge": 0.04857494212962963,
      "noise": 0.06976941227912903,
      "entropy": 0.6076956018805504,
      "hf_energy": 5.0,
      "flatness": 0.7513674286265433,
      "luma_mean": 0.10241052408617768,
      "difficulty": 0.5030753677303823
    },
    {
      "index": 4,
      "start_sec": 20.0,
      "end_sec": 26.0,
      "duration": 6.0,
      "frame_count": 180,
      "motion": 0.056475233940026626,
      "motion_p90": 0.12388987155047199,
      "motion_max": 0.3852780274146696,
      "texture": 4.3933800502410225,
      "edge": 0.019715229552469134,
      "noise": 0.08648500259732828,
      "entropy": 0.8962164744734764,
      "hf_energy": 4.9698176543209875,
      "flatness": 0.6994138213734569,
      "luma_mean": 0.45105477071229727,
      "difficulty": 0.5423537433063915
    },
    {
      "index": 5,
      "start_sec": 26.0,
      "end_sec": 29.966666666666665,
      "duration": 3.966666666666665,
      "frame_count": 119,
      "motion": 0.05513052510741951,
      "motion_p90": 0.10987822409828124,
      "motion_max": 0.2824144880174292,
      "texture": 6.060179710070263,
      "edge": 0.13954764660493826,
      "noise": 0.0501467669964768,
      "entropy": 0.9213879704475403,
      "hf_energy": 5.0,
      "flatness": 0.291658950617284,
      "luma_mean": 0.43920868225762527,
      "difficulty": 0.6005966614467015
    }
  ],
  "distributions": {
    "thresholds": {
      "high_complexity": 0.45,
      "low_complexity": 0.2
    },
    "metrics": {
      "motion_mean": {
        "mean": 0.04895761373608085,
        "max": 0.06165026344256838,
        "min": 0.010717658784192688,
        "p95": 0.06035650606693294,
        "variance": 0.0002980966997733584,
        "std": 0.017265477108187842
      },
      "motion_p90": {
        "mean": 0.09991218454974578,
        "max": 0.12486191524449279,
        "min": 0.0140515727124183,
        "p95": 0.12461890432098759,
        "variance": 0.0015234774072131422,
        "std": 0.03903174870811122
      },
      "motion_max": {
        "mean": 0.2831293156923263,
        "max": 0.3895274978818688,
        "min": 0.015499924352457032,
        "p95": 0.388465130265069,
        "variance": 0.016529767350803443,
        "std": 0.1285681428301873
      },
      "texture": {
        "mean": 4.785404975250358,
        "max": 6.060179710070263,
        "min": 3.928100376117964,
        "p95": 6.045924973115227,
        "variance": 0.8130479168151213,
        "std": 0.9016916972087086
      },
      "edge_density": {
        "mean": 0.06678148308899177,
        "max": 0.13954764660493826,
        "min": 0.014856288580246912,
        "p95": 0.1370217255015432,
        "variance": 0.002466132291951033,
        "std": 0.04966016806204982
      },
      "noise_level": {
        "mean": 0.05680877477667915,
        "max": 0.08793852577218786,
        "min": 0.0,
        "p95": 0.08757514497847296,
        "variance": 0.0008992235752192317,
        "std": 0.02998705679487788
      },
      "high_freq_energy": {
        "mean": 4.877376966136803,
        "max": 5.0,
        "min": 4.294444142499833,
        "p95": 5.0,
        "variance": 0.06808359857343262,
        "std": 0.26092833992004894
      },
      "flatness": {
        "mean": 0.5850570264274693,
        "max": 0.7551073013117284,
        "min": 0.291658950617284,
        "p95": 0.7541723331404322,
        "variance": 0.042013629769985794,
        "std": 0.20497226585561715
      },
      "entropy": {
        "mean": 0.8073528731862704,
        "max": 0.9213879704475403,
        "min": 0.5988755002617836,
        "p95": 0.920589666813612,
        "variance": 0.02090379102256341,
        "std": 0.14458143387919284
      },
      "difficulty": {
        "mean": 0.5157482750899446,
        "max": 0.6005966614467015,
        "min": 0.3212073748281908,
        "p95": 0.598627003691132,
        "variance": 0.008698546471387755,
        "std": 0.09326599847419077
      }
    },
    "high_complexity_ratio": 0.7997775305895439,
    "low_complexity_ratio": 0.0,
    "high_complexity_segment_ratio": 0.8333333333333334,
    "low_complexity_segment_ratio": 0.0,
    "scene_complexity_histogram": {
      "bins": [
        0.0,
        0.2,
        0.4,
        0.6,
        0.8,
        1.0
      ],
      "counts": [
        0,
        1,
        4,
        1,
        0
      ],
      "fractions": [
        0.0,
        0.16666666666666666,
        0.6666666666666666,
        0.16666666666666666,
        0.0
      ]
    },
    "worst_segment_index": 5
  },
  "summary_raw": {
    "segment_count": 6.0,
    "cut_count": 5.0,
    "cut_rate": 0.16685205784204674,
    "hard_fraction": 0.7997775305895439,
    "worst_difficulty": 0.6005966614467015,