{
  "video": "66.mp4",
  "path": "/root/terry/videos/66.mp4",
  "extracted_at": "2026-07-17T18:37:43Z",
  "elapsed_sec": 16.843,
  "meta": {
    "path": "/root/terry/videos/66.mp4",
    "width": 3840,
    "height": 2160,
    "fps": 30.0,
    "frame_count": 898,
    "duration": 29.933333333333334,
    "detail_scale": 0.25,
    "texture_compensation": 16.0,
    "scene_spans_provided": false
  },
  "cut_times_sec": [
    2.0,
    10.0,
    12.0,
    20.0,
    22.0
  ],
  "global": {
    "mean_motion": 0.06421418749703475,
    "mean_texture": 4.350870000737284,
    "mean_noise": 0.07150134775787073,
    "mean_edge": 0.06618326809490913,
    "mean_entropy": 0.7691371762971569,
    "mean_hf_energy": 4.999999999999999,
    "mean_flatness": 0.6953603773130963,
    "mean_luma": 0.3528607137024724,
    "mean_difficulty": 0.5028970220422887,
    "motion_p90": 0.16251686335027832,
    "motion_level": 0.5284811427240751,
    "texture_level": 0.5076345808958732,
    "noise_level_norm": 0.5983308899807904,
    "edge_level": 0.5821724621749583,
    "segment_count": 6,
    "cut_count": 5,
    "cut_rate": 0.16703786191536749,
    "hard_fraction": 0.933184855233853,
    "worst_difficulty": 0.6322584965844373,
    "volatility": 0.5649581907831817,
    "duration": 29.933333333333334,
    "fps": 30.0,
    "width": 3840,
    "height": 2160,
    "n_segments": 6
  },
  "segments": [
    {
      "index": 0,
      "start_sec": 0.0,
      "end_sec": 2.0,
      "duration": 2.0,
      "frame_count": 60,
      "motion": 0.0026985171190389732,
      "motion_p90": 0.004439034132171386,
      "motion_max": 0.004442031287823772,
      "texture": 3.2850216155470955,
      "edge": 0.014242621527777777,
      "noise": 0.0,
      "entropy": 0.5999675691127777,
      "hf_energy": 5.0,
      "flatness": 0.8401531153549382,
      "luma_mean": 0.14102789692265796,
      "difficulty": 0.2660733853147121
    },
    {
      "index": 1,
      "start_sec": 2.0,
      "end_sec": 10.0,
      "duration": 8.0,
      "frame_count": 240,
      "motion": 0.09358408508079158,
      "motion_p90": 0.15665961480271115,
      "motion_max": 0.3856565828491891,
      "texture": 5.25729559870009,
      "edge": 0.1111154513888889,
      "noise": 0.09956676926231012,
      "entropy": 0.94544917345047,
      "hf_energy": 5.0,
      "flatness": 0.5654636863425926,
      "luma_mean": 0.4483337248093682,
      "difficulty": 0.6256326319640838
    },
    {
      "index": 2,
      "start_sec": 10.0,
      "end_sec": 12.0,
      "duration": 2.0,
      "frame_count": 60,
      "motion": 0.050577443226519005,
      "motion_p90": 0.0866783988441055,
      "motion_max": 0.226790834543694,
      "texture": 4.5341366872026105,
      "edge": 0.07431688850308643,
      "noise": 0.03924529568757862,
      "entropy": 0.8309038132429123,
      "hf_energy": 5.0,
      "flatness": 0.6605700231481482,
      "luma_mean": 0.5124520101443355,
      "difficulty": 0.5172597708259493
    },
    {
      "index": 3,
      "start_sec": 12.0,
      "end_sec": 20.0,
      "duration": 8.0,
      "frame_count": 240,
      "motion": 0.06059960417423142,
      "motion_p90": 0.14111007398329695,
      "motion_max": 0.4573209195715323,
      "texture": 3.1897988812040965,
      "edge": 0.013782552083333333,
      "noise": 0.09738647192716599,
      "entropy": 0.5030901804566383,
      "hf_energy": 5.0,
      "flatness": 0.8655690586419754,
      "luma_mean": 0.08583295320442992,
      "difficulty": 0.4645994053696038
    },
    {
      "index": 4,
      "start_sec": 20.0,
      "end_sec": 22.0,
      "duration": 2.0,
      "frame_count": 60,
      "motion": 0.09529541311123216,
      "motion_p90": 0.16251686335027832,
      "motion_max": 0.42822712418300657,
      "texture": 5.321897461181603,
      "edge": 0.10789183063271604,
      "noise": 0.11046823958167806,
      "entropy": 0.9536300003528595,
      "hf_energy": 5.0,
      "flatness": 0.5700294174382716,
      "luma_mean": 0.43825108365105303,
      "difficulty": 0.6322584965844373
    },
    {
      "index": 5,
      "start_sec": 22.0,
      "end_sec": 29.933333333333334,
      "duration": 7.933333333333334,
      "frame_count": 238,
      "motion": 0.04935282581396756,
      "motion_p90": 0.08398646060275959,
      "motion_max": 0.21862941025175503,
      "texture": 4.585358149786543,
      "edge": 0.07424358603395062,
      "noise": 0.03343117766780779,
      "entropy": 0.8401918336749077,
      "hf_energy": 5.0,
      "flatness": 0.6585739776234567,
      "luma_mean": 0.5175002468001089,
      "difficulty": 0.5115584421949453
    }
  ],
  "distributions": {
    "thresholds": {
      "high_complexity": 0.45,
      "low_complexity": 0.2
    },
    "metrics": {
      "motion_mean": {
        "mean": 0.058684648087630124,
        "max": 0.09529541311123216,
        "min": 0.0026985171190389732,
        "p95": 0.094867581103622,
        "variance": 0.0009748737355510248,
        "std": 0.031222968077218808
      },
      "motion_p90": {
        "mean": 0.1058984076192205,
        "max": 0.16251686335027832,
        "min": 0.004439034132171386,
        "p95": 0.16105255121338652,
        "variance": 0.0030276262933303763,
        "std": 0.05502387021402962
      },
      "motion_max": {
        "mean": 0.28684448378116684,
        "max": 0.4573209195715323,
        "min": 0.004442031287823772,
        "p95": 0.4500474707244009,
        "variance": 0.02447099655110442,
        "std": 0.15643208287018498
      },
      "texture": {
        "mean": 4.362251398937007,
        "max": 5.321897461181603,
        "min": 3.1897988812040965,
        "p95": 5.305746995561225,
        "variance": 0.7227357952447333,
        "std": 0.8501386917701919
      },
      "edge_density": {
        "mean": 0.0659321550282922,
        "max": 0.1111154513888889,
        "min": 0.013782552083333333,
        "p95": 0.11030954619984568,
        "variance": 0.0015554862080768023,
        "std": 0.039439652737781584
      },
      "noise_level": {
        "mean": 0.06334965902109009,
        "max": 0.11046823958167806,
        "min": 0.0,
        "p95": 0.10774287200183608,
        "variance": 0.0016966099162269222,
        "std": 0.041189924935922405
      },
      "high_freq_energy": {
        "mean": 5.0,
        "max": 5.0,
        "min": 5.0,
        "p95": 5.0,
        "variance": 0.0,
        "std": 0.0
      },
      "flatness": {
        "mean": 0.6933932130915638,
        "max": 0.8655690586419754,
        "min": 0.5654636863425926,
        "p95": 0.8592150728202161,
        "variance": 0.0141762202587004,
        "std": 0.11906393349247453
      },
      "entropy": {
        "mean": 0.7788720950484276,
        "max": 0.9536300003528595,
        "min": 0.5030901804566383,
        "p95": 0.9515847936272621,
        "variance": 0.02880302539583594,
        "std": 0.1697145409086562
      },
      "difficulty": {
        "mean": 0.5028970220422887,
        "max": 0.6322584965844373,
        "min": 0.2660733853147121,
        "p95": 0.6306020304293489,
        "variance": 0.014938645357660084,
        "std": 0.122223751201066
      }
    },
    "high_complexity_ratio": 0.933184855233853,
    "low_complexity_ratio": 0.0,
    "high_complexity_segment_ratio": 0.8333333333333334,
    "low_complexity_segment_ratio": 0.0,
    "scene_complexity_histogram": {
      "bins": [
        0.0,
        0.2,
        0.4,
        0.6,
        0.8,
        1.0
      ],
      "counts": [
        0,
        1,
        3,
        2,
        0
      ],
      "fractions": [
        0.0,
        0.16666666666666666,
        0.5,
        0.3333333333333333,
        0.0
      ]
    },
    "worst_segment_index": 4
  },
  "summary_raw": {
    "segment_count": 6.0,
    "cut_count": 5.0,
    "cut_rate": 0.16703786191536749,
    "hard_fraction": 0.933184855233853,
    "worst_difficulty": 0.6322584965844373,
    "difficulty_mean": 0.5028970220422887,
    "difficulty_p90": 0.6289455642742605,
    "duration_weighted_difficulty": 0.5215390839264898,