{
  "video": "67.mp4",
  "path": "/root/terry/videos/67.mp4",
  "extracted_at": "2026-07-17T18:38:00Z",
  "elapsed_sec": 16.474,
  "meta": {
    "path": "/root/terry/videos/67.mp4",
    "width": 3840,
    "height": 2160,
    "fps": 30.0,
    "frame_count": 900,
    "duration": 30.0,
    "detail_scale": 0.25,
    "texture_compensation": 16.0,
    "scene_spans_provided": false
  },
  "cut_times_sec": [
    4.0,
    10.0,
    14.0,
    20.0,
    24.0
  ],
  "global": {
    "mean_motion": 0.045734850507847175,
    "mean_texture": 4.0841399837922285,
    "mean_noise": 0.0478211183527795,
    "mean_edge": 0.030633342978395064,
    "mean_entropy": 0.8435856893658639,
    "mean_hf_energy": 4.985346105967029,
    "mean_flatness": 0.7638626543209877,
    "mean_luma": 0.39093965009229004,
    "mean_difficulty": 0.4779979932702276,
    "motion_p90": 0.14769269093439835,
    "motion_level": 0.5045998602250746,
    "texture_level": 0.49181974193155825,
    "noise_level_norm": 0.4990665854756468,
    "edge_level": 0.39206492146209077,
    "segment_count": 6,
    "cut_count": 5,
    "cut_rate": 0.16666666666666666,
    "hard_fraction": 0.5333333333333333,
    "worst_difficulty": 0.5579573389278571,
    "volatility": 0.4938717899556102,
    "duration": 30.0,
    "fps": 30.0,
    "width": 3840,
    "height": 2160,
    "n_segments": 6
  },
  "segments": [
    {
      "index": 0,
      "start_sec": 0.0,
      "end_sec": 4.0,
      "duration": 4.0,
      "frame_count": 120,
      "motion": 0.008316775977366254,
      "motion_p90": 0.011864663519728877,
      "motion_max": 0.012011990135560396,
      "texture": 4.318953089236617,
      "edge": 0.014500626929012345,
      "noise": 0.001453529461286962,
      "entropy": 0.8868317157030106,
      "hf_energy": 4.955355933641961,
      "flatness": 0.809768036265432,
      "luma_mean": 0.5994675405849068,
      "difficulty": 0.34022674817168275
    },
    {
      "index": 1,
      "start_sec": 4.0,
      "end_sec": 10.0,
      "duration": 6.0,
      "frame_count": 180,
      "motion": 0.051032461306281765,
      "motion_p90": 0.10976384350036303,
      "motion_max": 0.32528083393851365,
      "texture": 4.913538892623373,
      "edge": 0.04877242476851852,
      "noise": 0.05378059082431719,
      "entropy": 0.9152100905776024,
      "hf_energy": 5.0,
      "flatness": 0.6215801022376544,
      "luma_mean": 0.37379384342471556,
      "difficulty": 0.5514776853769766
    },
    {
      "index": 2,
      "start_sec": 10.0,
      "end_sec": 14.0,
      "duration": 4.0,
      "frame_count": 120,
      "motion": 0.04504153901143791,
      "motion_p90": 0.08826161114137009,
      "motion_max": 0.25676187666424594,
      "texture": 3.0879949239826248,
      "edge": 0.02820842978395062,
      "noise": 0.03052411787211895,
      "entropy": 0.7488348260521889,
      "hf_energy": 5.0,
      "flatness": 0.8503279320987654,
      "luma_mean": 0.20257905262799564,
      "difficulty": 0.4445317356503774
    },
    {
      "index": 3,
      "start_sec": 14.0,
      "end_sec": 20.0,
      "duration": 6.0,
      "frame_count": 180,
      "motion": 0.06448049333545146,
      "motion_p90": 0.14769269093439835,
      "motion_max": 0.4656966457879448,
      "texture": 4.171909812134887,
      "edge": 0.01455029899691358,
      "noise": 0.09884000138845295,
      "entropy": 0.8661212176084518,
      "hf_energy": 4.956493240740503,
      "flatness": 0.8259056712962962,
      "luma_mean": 0.6051909637118736,
      "difficulty": 0.5384476148162332
    },
    {
      "index": 4,
      "start_sec": 20.0,
      "end_sec": 24.0,
      "duration": 4.0,
      "frame_count": 120,
      "motion": 0.05408663629417816,
      "motion_p90": 0.11305700193657704,
      "motion_max": 0.3317220860566449,
      "texture": 4.944529848748166,
      "edge": 0.05016059027777778,
      "noise": 0.05959470511879772,
      "entropy": 0.9137940034270287,
      "hf_energy": 5.0,
      "flatness": 0.6207829378858025,
      "luma_mean": 0.3699697948816872,
      "difficulty": 0.5579573389278571
    },
    {
      "index": 5,
      "start_sec": 24.0,
      "end_sec": 30.0,
      "duration": 6.0,
      "frame_count": 180,
      "motion": 0.0415313303755144,
      "motion_p90": 0.08680163398692804,
      "motion_max": 0.2515715474461389,
      "texture": 3.1009326395579406,
      "edge": 0.02793089313271605,
      "noise": 0.0254367645829916,
      "entropy": 0.736956775188446,
      "hf_energy": 5.0,
      "flatness": 0.8512415605709877,
      "luma_mean": 0.19436918459513436,
      "difficulty": 0.4353468366782381
    }
  ],
  "distributions": {
    "thresholds": {
      "high_complexity": 0.45,
      "low_complexity": 0.2
    },
    "metrics": {
      "motion_mean": {
        "mean": 0.04408153938337165,
        "max": 0.06448049333545146,
        "min": 0.008316775977366254,
        "p95": 0.061882029075133134,
        "variance": 0.00030851301147821346,
        "std": 0.017564538464708186
      },
      "motion_p90": {
        "mean": 0.09290690750322757,
        "max": 0.14769269093439835,
        "min": 0.011864663519728877,
        "p95": 0.13903376868494302,
        "variance": 0.001719727185988469,
        "std": 0.04146959351125194
      },
      "motion_max": {
        "mean": 0.2738408300048414,
        "max": 0.4656966457879448,
        "min": 0.012011990135560396,
        "p95": 0.43220300585511984,
        "variance": 0.018691153472802317,
        "std": 0.13671559337837919
      },
      "texture": {
        "mean": 4.089643201047267,
        "max": 4.944529848748166,
        "min": 3.0879949239826248,
        "p95": 4.936782109716968,
        "variance": 0.5749723260805518,
        "std": 0.7582692965434852
      },
      "edge_density": {
        "mean": 0.03068721064814815,
        "max": 0.05016059027777778,
        "min": 0.014500626929012345,
        "p95": 0.04981354890046297,
        "variance": 0.00020707242248904168,
        "std": 0.014390011205313278
      },
      "noise_level": {
        "mean": 0.044938284874660894,
        "max": 0.09884000138845295,
        "min": 0.001453529461286962,
        "p95": 0.08902867732103914,
        "variance": 0.0009462322549062974,
        "std": 0.03076088839592084
      },
      "high_freq_energy": {
        "mean": 4.98530819573041,
        "max": 5.0,
        "min": 4.955355933641961,
        "p95": 5.0,
        "variance": 0.00043180601434487806,
        "std": 0.020779942597246946
      },
      "flatness": {
        "mean": 0.763267706725823,
        "max": 0.8512415605709877,
        "min": 0.6207829378858025,
        "p95": 0.8510131534529322,
        "variance": 0.010296993945361965,
        "std": 0.10147410480197382
      },
      "entropy": {
        "mean": 0.8446247714261214,
        "max": 0.9152100905776024,
        "min": 0.736956775188446,
        "p95": 0.914856068789959,
        "variance": 0.005463050721258512,
        "std": 0.07391245308646245
      },
      "difficulty": {
        "mean": 0.4779979932702276,
        "max": 0.5579573389278571,
        "min": 0.34022674817168275,
        "p95": 0.556337425540137,
        "variance": 0.00622782439814502,
        "std": 0.0789165660564689
      }
    },
    "high_complexity_ratio": 0.5333333333333333,
    "low_complexity_ratio": 0.0,
    "high_complexity_segment_ratio": 0.5,
    "low_complexity_segment_ratio": 0.0,
    "scene_complexity_histogram": {
      "bins": [
        0.0,
        0.2,
        0.4,
        0.6,
        0.8,
        1.0
      ],
      "counts": [
        0,
        1,
        5,
        0,
        0
      ],
      "fractions": [
        0.0,
        0.16666666666666666,
        0.8333333333333334,
        0.0,
        0.0
      ]
    },
    "worst_segment_index": 4
  },
  "summary_raw": {
    "segment_count": 6.0,
    "cut_count": 5.0,
    "cut_rate": 0.16666666666666666,
    "hard_fraction": 0.5333333333333333,
    "worst_difficulty": 0.5579573389278571,
    "difficulty_mean": 0.4779979932702276,