{
  "video": "68.mp4",
  "path": "/root/terry/videos/68.mp4",
  "extracted_at": "2026-07-17T18:38:16Z",
  "elapsed_sec": 16.286,
  "meta": {
    "path": "/root/terry/videos/68.mp4",
    "width": 3840,
    "height": 2160,
    "fps": 30.0,
    "frame_count": 899,
    "duration": 29.966666666666665,
    "detail_scale": 0.25,
    "texture_compensation": 16.0,
    "scene_spans_provided": false
  },
  "cut_times_sec": [
    6.0,
    10.0,
    16.0,
    20.0,
    26.0
  ],
  "global": {
    "mean_motion": 0.05682500401188624,
    "mean_texture": 4.776539947305989,
    "mean_noise": 0.05532223444753943,
    "mean_edge": 0.06386062719508301,
    "mean_entropy": 0.8021113586687669,
    "mean_hf_energy": 4.877033983094353,
    "mean_flatness": 0.5855436338730277,
    "mean_luma": 0.3279858125988803,
    "mean_difficulty": 0.5219624069228598,
    "motion_p90": 0.1311535244190268,
    "motion_level": 0.4749297503805112,
    "texture_level": 0.5309307773080386,
    "noise_level_norm": 0.535433972594046,
    "edge_level": 0.5734578621150465,
    "segment_count": 6,
    "cut_count": 5,
    "cut_rate": 0.16685205784204674,
    "hard_fraction": 0.7997775305895439,
    "worst_difficulty": 0.6160221104149658,
    "volatility": 0.5125709657564156,
    "duration": 29.966666666666665,
    "fps": 30.0,
    "width": 3840,
    "height": 2160,
    "n_segments": 6
  },
  "segments": [
    {
      "index": 0,
      "start_sec": 0.0,
      "end_sec": 6.0,
      "duration": 6.0,
      "frame_count": 180,
      "motion": 0.01914689618131203,
      "motion_p90": 0.023900316963205034,
      "motion_max": 0.024430903534253208,
      "texture": 3.9411969108322227,
      "edge": 0.048526475694444446,
      "noise": 0.0,
      "entropy": 0.5873341709375381,
      "hf_energy": 5.0,
      "flatness": 0.7512707368827161,
      "luma_mean": 0.088650087562031,
      "difficulty": 0.3330812756447902
    },
    {
      "index": 1,
      "start_sec": 6.0,
      "end_sec": 10.0,
      "duration": 4.0,
      "frame_count": 120,
      "motion": 0.05518882288640765,
      "motion_p90": 0.12470436486322917,
      "motion_max": 0.3890023299443234,
      "texture": 4.398014870873015,
      "edge": 0.014855324074074073,
      "noise": 0.0886652926565148,
      "entropy": 0.9017422646284103,
      "hf_energy": 4.294506650200745,
      "flatness": 0.7112589216820988,
      "luma_mean": 0.46346265753600824,
      "difficulty": 0.5347523382226631
    },
    {
      "index": 2,
      "start_sec": 10.0,
      "end_sec": 16.0,
      "duration": 6.0,
      "frame_count": 180,
      "motion": 0.07445846287975066,
      "motion_p90": 0.12696420509561845,
      "motion_max": 0.2858025674776083,
      "texture": 6.015973758303609,
      "edge": 0.12459418402777778,
      "noise": 0.04651294043287635,
      "entropy": 0.917507030069828,
      "hf_energy": 5.0,
      "flatness": 0.30001808449074074,
      "luma_mean": 0.43829741871671507,
      "difficulty": 0.6031500961381383
    },
    {
      "index": 3,
      "start_sec": 16.0,
      "end_sec": 20.0,
      "duration": 4.0,
      "frame_count": 120,
      "motion": 0.06668186520364319,
      "motion_p90": 0.1311535244190268,
      "motion_max": 0.3816213689179375,
      "texture": 3.988865918129873,
      "edge": 0.048139949845679014,
      "noise": 0.0690426453948021,
      "entropy": 0.5910101383924484,
      "hf_energy": 5.0,
      "flatness": 0.7521720679012345,
      "luma_mean": 0.08914792782467926,
      "difficulty": 0.5058282634866423
    },
    {
      "index": 4,
      "start_sec": 20.0,
      "end_sec": 26.0,
      "duration": 6.0,
      "frame_count": 180,
      "motion": 0.055936741633381755,
      "motion_p90": 0.12185844302227057,
      "motion_max": 0.3785211964415396,
      "texture": 4.37778289688908,
      "edge": 0.01970799575617284,
      "noise": 0.08285117777995765,
      "entropy": 0.895995169878006,
      "hf_energy": 4.856181959876305,
      "flatness": 0.7014853395061729,
      "luma_mean": 0.451013108773602,
      "difficulty": 0.5389403576299587
    },
    {
      "index": 5,
      "start_sec": 26.0,
      "end_sec": 29.966666666666665,
      "duration": 3.966666666666665,
      "frame_count": 119,
      "motion": 0.08019846983932462,
      "motion_p90": 0.1282224166364076,
      "motion_max": 0.30514143821108686,
      "texture": 5.944471227422295,
      "edge": 0.12724464699074073,
      "noise": 0.06322852877201512,
      "entropy": 0.9228342548012733,
      "hf_energy": 5.0,
      "flatness": 0.2965769675925926,
      "luma_mean": 0.44128625692175016,
      "difficulty": 0.6160221104149658
    }
  ],
  "distributions": {
    "thresholds": {
      "high_complexity": 0.45,
      "low_complexity": 0.2
    },
    "metrics": {
      "motion_mean": {
        "mean": 0.05860187643730332,
        "max": 0.08019846983932462,
        "min": 0.01914689618131203,
        "p95": 0.07876346809943113,
        "variance": 0.0003930962906180386,
        "std": 0.01982665606243369
      },
      "motion_p90": {
        "mean": 0.10946721183329293,
        "max": 0.1311535244190268,
        "min": 0.023900316963205034,
        "p95": 0.130420747473372,
        "variance": 0.001472600929089977,
        "std": 0.03837448278596048
      },
      "motion_max": {
        "mean": 0.29408663408779145,
        "max": 0.3890023299443234,
        "min": 0.024430903534253208,
        "p95": 0.3871570896877269,
        "variance": 0.01611759365262524,
        "std": 0.12695508517828358
      },
      "texture": {
        "mean": 4.777717597075016,
        "max": 6.015973758303609,
        "min": 3.9411969108322227,
        "p95": 5.99809812558328,
        "variance": 0.7534613515556429,
        "std": 0.8680215156064064
      },
      "edge_density": {
        "mean": 0.06384476273148147,
        "max": 0.12724464699074073,
        "min": 0.014855324074074073,
        "p95": 0.12658203125,
        "variance": 0.0020898913127416784,
        "std": 0.045715329078348306
      },
      "noise_level": {
        "mean": 0.058383430839361004,
        "max": 0.0886652926565148,
        "min": 0.0,
        "p95": 0.08721176393737551,
        "variance": 0.0008670481939071839,
        "std": 0.02944568209274806
      },
      "high_freq_energy": {
        "mean": 4.8584481016795085,
        "max": 5.0,
        "min": 4.294506650200745,
        "p95": 5.0,
        "variance": 0.06636380929453098,
        "std": 0.25761174137552617
      },
      "flatness": {
        "mean": 0.5854636863425926,
        "max": 0.7521720679012345,
        "min": 0.2965769675925926,
        "p95": 0.7519467351466049,
        "variance": 0.04158397593572603,
        "std": 0.20392149454073258
      },
      "entropy": {
        "mean": 0.8027371714512507,
        "max": 0.9228342548012733,
        "min": 0.5873341709375381,
        "p95": 0.921502448618412,
        "variance": 0.02288688029671448,
        "std": 0.15128410457385957
      },
      "difficulty": {
        "mean": 0.5219624069228598,
        "max": 0.6160221104149658,
        "min": 0.3330812756447902,
        "p95": 0.6128041068457589,
        "variance": 0.00863781569855162,
        "std": 0.0929398498952501
      }
    },
    "high_complexity_ratio": 0.7997775305895439,
    "low_complexity_ratio": 0.0,
    "high_complexity_segment_ratio": 0.8333333333333334,
    "low_complexity_segment_ratio": 0.0,
    "scene_complexity_histogram": {
      "bins": [
        0.0,
        0.2,
        0.4,
        0.6,
        0.8,
        1.0
      ],
      "counts": [
        0,
        1,
        3,
        2,
        0
      ],
      "fractions": [
        0.0,
        0.16666666666666666,
        0.5,
        0.3333333333333333,
        0.0
      ]
    },
    "worst_segment_index": 5
  },
  "summary_raw": {
    "segment_count": 6.0,
    "cut_count": 5.0,
    "cut_rate": 0.16685205784204674,
    "hard_fraction": 0.7997775305895439,
    "worst_difficulty": 0.6160221104149658,
    "difficulty_mean": 0.5219624069228598,