{
  "video": "69.mp4",
  "path": "/root/terry/videos/69.mp4",
  "extracted_at": "2026-07-17T18:38:32Z",
  "elapsed_sec": 16.161,
  "meta": {
    "path": "/root/terry/videos/69.mp4",
    "width": 3840,
    "height": 2160,
    "fps": 30.0,
    "frame_count": 898,
    "duration": 29.933333333333334,
    "detail_scale": 0.25,
    "texture_compensation": 16.0,
    "scene_spans_provided": false
  },
  "cut_times_sec": [
    5.0,
    10.0,
    15.0,
    20.0,
    25.0
  ],
  "global": {
    "mean_motion": 0.04331119061305646,
    "mean_texture": 4.2048146237777555,
    "mean_noise": 0.039988245957122415,
    "mean_edge": 0.031211168422970115,
    "mean_entropy": 0.8462492744116847,
    "mean_hf_energy": 5.0,
    "mean_flatness": 0.742965054158418,
    "mean_luma": 0.3846410313991554,
    "mean_difficulty": 0.47571197411320504,
    "motion_p90": 0.14389953098523353,
    "motion_level": 0.49809541225107995,
    "texture_level": 0.4990987708988049,
    "noise_level_norm": 0.454472589175253,
    "edge_level": 0.3965278250635373,
    "segment_count": 6,
    "cut_count": 5,
    "cut_rate": 0.16703786191536749,
    "hard_fraction": 0.5011135857461024,
    "worst_difficulty": 0.545349157498582,
    "volatility": 0.4895503620807292,
    "duration": 29.933333333333334,
    "fps": 30.0,
    "width": 3840,
    "height": 2160,
    "n_segments": 6
  },
  "segments": [
    {
      "index": 0,
      "start_sec": 0.0,
      "end_sec": 5.0,
      "duration": 5.0,
      "frame_count": 150,
      "motion": 0.00873498396272089,
      "motion_p90": 0.013284687424352458,
      "motion_max": 0.013324497700314693,
      "texture": 4.528897252060515,
      "edge": 0.017855661651234568,
      "noise": 0.002907058922573924,
      "entropy": 0.8994211852550507,
      "hf_energy": 5.0,
      "flatness": 0.7538888888888888,
      "luma_mean": 0.5801784402611353,
      "difficulty": 0.35766829204246275
    },
    {
      "index": 1,
      "start_sec": 5.0,
      "end_sec": 10.0,
      "duration": 5.0,
      "frame_count": 150,
      "motion": 0.0505614078385984,
      "motion_p90": 0.09743998956063903,
      "motion_max": 0.27326514463810214,
      "texture": 5.032572691021713,
      "edge": 0.049935378086419756,
      "noise": 0.039972058846615255,
      "entropy": 0.9106831476092339,
      "hf_energy": 5.0,
      "flatness": 0.6105449459876544,
      "luma_mean": 0.37929366754417815,
      "difficulty": 0.534791436162486
    },
    {
      "index": 2,
      "start_sec": 10.0,
      "end_sec": 15.0,
      "duration": 5.0,
      "frame_count": 150,
      "motion": 0.04297244632806827,
      "motion_p90": 0.0828295789457758,
      "motion_max": 0.23757923323650448,
      "texture": 3.120302159050045,
      "edge": 0.027552565586419754,
      "noise": 0.023983236402273178,
      "entropy": 0.7446532472968102,
      "hf_energy": 5.0,
      "flatness": 0.8516189236111111,
      "luma_mean": 0.20161281696320504,
      "difficulty": 0.4317630277148133
    },
    {
      "index": 3,
      "start_sec": 15.0,
      "end_sec": 20.0,
      "duration": 5.0,
      "frame_count": 150,
      "motion": 0.06180725006051803,
      "motion_p90": 0.14389953098523353,
      "motion_max": 0.4529207667634955,
      "texture": 4.4783682168926555,
      "edge": 0.015757378472222222,
      "noise": 0.0988400035421364,
      "entropy": 0.8706936314702034,
      "hf_energy": 5.0,
      "flatness": 0.7735216531635802,
      "luma_mean": 0.5604138639251997,
      "difficulty": 0.545349157498582
    },
    {
      "index": 4,
      "start_sec": 20.0,
      "end_sec": 25.0,
      "duration": 5.0,
      "frame_count": 150,
      "motion": 0.05477764634017187,
      "motion_p90": 0.10413654154563054,
      "motion_max": 0.29289194504962474,
      "texture": 4.975608866068569,
      "edge": 0.0478587962962963,
      "noise": 0.04142558731837198,
      "entropy": 0.9143240451812744,
      "hf_energy": 5.0,
      "flatness": 0.6161750096450618,
      "luma_mean": 0.3954197861822198,
      "difficulty": 0.5387786874552846
    },
    {
      "index": 5,
      "start_sec": 25.0,
      "end_sec": 29.933333333333334,
      "duration": 4.933333333333334,
      "frame_count": 148,
      "motion": 0.04098235804738563,
      "motion_p90": 0.08987257549624784,
      "motion_max": 0.2724175441781651,
      "texture": 3.078115908029722,
      "edge": 0.02826798804012346,
      "noise": 0.03270441293716431,
      "entropy": 0.7362537831068039,
      "hf_energy": 5.0,
      "flatness": 0.8535149016203704,
      "luma_mean": 0.18830986462872185,
      "difficulty": 0.4459212438056016
    }
  ],
  "distributions": {
    "thresholds": {
      "high_complexity": 0.45,
      "low_complexity": 0.2
    },
    "metrics": {
      "motion_mean": {
        "mean": 0.04330601542957718,
        "max": 0.06180725006051803,
        "min": 0.00873498396272089,
        "p95": 0.06004984913043149,
        "variance": 0.0002878669310474303,
        "std": 0.016966641713887586
      },
      "motion_p90": {
        "mean": 0.08857715065964654,
        "max": 0.14389953098523353,
        "min": 0.013284687424352458,
        "p95": 0.13395878362533278,
        "variance": 0.0015141463415280273,
        "std": 0.03891203337693916
      },
      "motion_max": {
        "mean": 0.25706652192770113,
        "max": 0.4529207667634955,
        "min": 0.013324497700314693,
        "p95": 0.4129135613350278,
        "variance": 0.016655054036485033,
        "std": 0.12905446151328917
      },
      "texture": {
        "mean": 4.2023108488538705,
        "max": 5.032572691021713,
        "min": 3.078115908029722,
        "p95": 5.018331734783427,
        "variance": 0.6507913281636134,
        "std": 0.8067163864479346
      },
      "edge_density": {
        "mean": 0.031204628022119343,
        "max": 0.049935378086419756,
        "min": 0.015757378472222222,
        "p95": 0.04941623263888889,
        "variance": 0.00017782935918696775,
        "std": 0.013335267495891028
      },
      "noise_level": {
        "mean": 0.03997205966152251,
        "max": 0.0988400035421364,
        "min": 0.002907058922573924,
        "p95": 0.0844863994861953,
        "variance": 0.0008583038328806966,
        "std": 0.02929682291445092
      },
      "high_freq_energy": {
        "mean": 5.0,
        "max": 5.0,
        "min": 5.0,
        "p95": 5.0,
        "variance": 0.0,
        "std": 0.0
      },
      "flatness": {
        "mean": 0.7432107204861111,
        "max": 0.8535149016203704,
        "min": 0.6105449459876544,
        "p95": 0.8530409071180556,
        "variance": 0.00978173439214549,
        "std": 0.09890265108754917
      },
      "entropy": {
        "mean": 0.8460048399865627,
        "max": 0.9143240451812744,
        "min": 0.7362537831068039,
        "p95": 0.9134138207882643,
        "variance": 0.005771846578184761,
        "std": 0.07597266994245208
      },
      "difficulty": {
        "mean": 0.47571197411320504,
        "max": 0.545349157498582,
        "min": 0.35766829204246275,
        "p95": 0.5437065399877576,
        "variance": 0.004845073142710109,
        "std": 0.06960655962414827
      }
    },
    "high_complexity_ratio": 0.5011135857461024,
    "low_complexity_ratio": 0.0,
    "high_complexity_segment_ratio": 0.5,
    "low_complexity_segment_ratio": 0.0,
    "scene_complexity_histogram": {
      "bins": [
        0.0,
        0.2,
        0.4,
        0.6,
        0.8,
        1.0
      ],
      "counts": [
        0,
        1,
        5,
        0,
        0
      ],
      "fractions": [
        0.0,
        0.16666666666666666,
        0.8333333333333334,
        0.0,
        0.0
      ]
    },
    "worst_segment_index": 3
  },
  "summary_raw": {
    "segment_count": 6.0,
    "cut_count": 5.0,
    "cut_rate": 0.16703786191536749,
    "hard_fraction": 0.5011135857461024,
    "worst_difficulty": 0.545349157498582,
    "difficulty_mean": 0.47571197411320504,
    "difficulty_p90": 0.5420639224769332,