{
  "video": "6a8ba8fb-937b-41f8-be0e-553e9a8be66d.mp4",
  "path": "/root/workspace/raw videos/6a8ba8fb-937b-41f8-be0e-553e9a8be66d.mp4",
  "extracted_at": "2026-07-21T17:02:01Z",
  "elapsed_sec": 122.154,
  "meta": {
    "path": "../raw videos/6a8ba8fb-937b-41f8-be0e-553e9a8be66d.mp4",
    "width": 3840,
    "height": 2160,
    "fps": 30.0,
    "frame_count": 898,
    "duration": 29.933333333333334,
    "detail_scale": 0.25,
    "texture_compensation": 16.0,
    "scene_spans_provided": true,
    "scene_detect": {
      "detector": "content",
      "ok": true,
      "error": "",
      "detect_sec": 37.323,
      "n_scenes": 6
    },
    "samples_per_segment": 16,
    "si_ti_agg": "mean"
  },
  "cut_times_sec": [
    2.0,
    9.966667,
    11.966667,
    19.966667,
    21.966667
  ],
  "global": {
    "mean_motion": 0.04554231541595163,
    "mean_texture": 4.271057403709396,
    "mean_noise": 0.02795252043841109,
    "mean_edge": 0.06905353320736754,
    "mean_entropy": 0.7877944210764094,
    "mean_hf_energy": 4.254890282485767,
    "mean_flatness": 0.6461304161371548,
    "mean_luma": 0.3618148746473459,
    "mean_difficulty": 0.41101173464666635,
    "motion_p90": 0.08200511755628177,
    "motion_level": 0.3612478803961329,
    "texture_level": 0.5030065397795505,
    "noise_level_norm": 0.36802623898541226,
    "edge_level": 0.5924619469451017,
    "segment_count": 6,
    "cut_count": 5,
    "cut_rate": 0.16703786191536749,
    "hard_fraction": 0.3340757238307349,
    "worst_difficulty": 0.5677008884746672,
    "volatility": 0.5157163095462969,
    "duration": 29.933333333333334,
    "fps": 30.0,
    "width": 3840,
    "height": 2160,
    "n_segments": 6
  },
  "segments": [
    {
      "index": 0,
      "start_sec": 0.0,
      "end_sec": 2.0,
      "duration": 2.0,
      "frame_count": 60,
      "motion": 0.07222684854227185,
      "motion_p90": 0.08200511755628177,
      "motion_max": 0.0859024978818688,
      "texture": 6.600493089220616,
      "edge": 0.19865596064814817,
      "noise": 0.0,
      "entropy": 0.9134376794099808,
      "hf_energy": 5.0,
      "flatness": 0.22498951099537037,
      "si": 104.44419308532284,
      "ti": 32.91890940442214,
      "luma_mean": 0.43693823094438394,
      "sat_mean": 0.2104547310918966,
      "difficulty": 0.5188313450382257
    },
    {
      "index": 1,
      "start_sec": 2.0,
      "end_sec": 9.966666666666667,
      "duration": 7.966666666666667,
      "frame_count": 239,
      "motion": 0.023998394853697654,
      "motion_p90": 0.008886929617526022,
      "motion_max": 0.31912931947470347,
      "texture": 3.699421893085793,
      "edge": 0.01063452449845679,
      "noise": 0.03161426467704587,
      "entropy": 0.9042523615062237,
      "hf_energy": 2.7944361878142763,
      "flatness": 0.8500817418981481,
      "si": 38.684211408827004,
      "ti": 15.72755216306789,
      "luma_mean": 0.45361750474688334,
      "sat_mean": 0.2943746714059852,
      "difficulty": 0.36475240324661873
    },
    {
      "index": 2,
      "start_sec": 9.966666666666667,
      "end_sec": 11.966666666666667,
      "duration": 2.0,
      "frame_count": 60,
      "motion": 0.030836934156378604,
      "motion_p90": 0.013842649328249818,
      "motion_max": 0.3190186546840959,
      "texture": 2.6581504429174587,
      "edge": 0.019026692708333334,
      "noise": 0.019259264692664146,
      "entropy": 0.5217004269361496,
      "hf_energy": 5.0,
      "flatness": 0.8192951871141976,
      "si": 66.1243970213246,
      "ti": 16.813174625257577,
      "luma_mean": 0.16759457644940692,
      "sat_mean": 0.2141865979030501,
      "difficulty": 0.3079713197881038
    },
    {
      "index": 3,
      "start_sec": 11.966666666666667,
      "end_sec": 19.966666666666665,
      "duration": 7.999999999999998,
      "frame_count": 240,
      "motion": 0.07908325106663035,
      "motion_p90": 0.07547643579036553,
      "motion_max": 0.4075323998426531,
      "texture": 6.328796077148177,
      "edge": 0.1720776668595679,
      "noise": 0.0316142663359642,
      "entropy": 0.9214005842804909,
      "hf_energy": 5.0,
      "flatness": 0.2812993103780864,
      "si": 96.46927723089533,
      "ti": 38.797783829387875,
      "luma_mean": 0.4593503918542725,
      "sat_mean": 0.2164879729862624,
      "difficulty": 0.5677008884746672
    },
    {
      "index": 4,
      "start_sec": 19.966666666666665,
      "end_sec": 21.966666666666665,
      "duration": 2.0,
      "frame_count": 60,
      "motion": 0.02749999479923142,
      "motion_p90": 0.010588356330186396,
      "motion_max": 0.32242162158073107,
      "texture": 3.846448111454121,
      "edge": 0.010591603973765431,
      "noise": 0.036701617296785116,
      "entropy": 0.9160411730408669,
      "hf_energy": 2.633687079743443,
      "flatness": 0.8496780960648148,
      "si": 38.056629135392996,
      "ti": 13.32656433124374,
      "luma_mean": 0.4639503175305616,
      "sat_mean": 0.30970560765780075,
      "difficulty": 0.37507916761034044
    },
    {
      "index": 5,
      "start_sec": 21.966666666666665,
      "end_sec": 29.933333333333334,
      "duration": 7.966666666666669,
      "frame_count": 239,
      "motion": 0.034927096098856206,
      "motion_p90": 0.020145455095618492,
      "motion_max": 0.3292280092592592,
      "texture": 2.7030592424788242,
      "edge": 0.018716845100308643,
      "noise": 0.027617059648036957,
      "entropy": 0.5402350574731827,
      "hf_energy": 5.0,
      "flatness": 0.8196902729552469,
      "si": 65.94496629039872,
      "ti": 39.676545208027186,
      "luma_mean": 0.17632674585073227,
      "sat_mean": 0.21035169582879448,
      "difficulty": 0.3317352837220419
    }
  ],
  "distributions": {
    "thresholds": {
      "high_complexity": 0.45,
      "low_complexity": 0.2
    },
    "metrics": {
      "motion_mean": {
        "mean": 0.044762086586177675,
        "max": 0.07908325106663035,
        "min": 0.023998394853697654,
        "p95": 0.07736915043554073,
        "variance": 0.0004920005159834105,
        "std": 0.022181084643980116
      },
      "motion_p90": {
        "mean": 0.03515749061970467,
        "max": 0.08200511755628177,
        "min": 0.008886929617526022,
        "p95": 0.08037294711480271,
        "variance": 0.0009656309823708947,
        "std": 0.031074603494990805
      },
      "motion_max": {
        "mean": 0.297205417120552,
        "max": 0.4075323998426531,
        "min": 0.0859024978818688,
        "p95": 0.38795630219680466,
        "variance": 0.009906457499574963,
        "std": 0.09953118857712372
      },
      "texture": {
        "mean": 4.306061476050831,
        "max": 6.600493089220616,
        "min": 2.6581504429174587,
        "p95": 6.532568836202506,
        "variance": 2.536725776080798,
        "std": 1.5927101983979377
      },
      "edge_density": {
        "mean": 0.07161721563143003,
        "max": 0.19865596064814817,
        "min": 0.010591603973765431,
        "p95": 0.1920113872010031,
        "variance": 0.006539728532675033,
        "std": 0.08086858804675047
      },
      "noise_level": {
        "mean": 0.024467745441749383,
        "max": 0.036701617296785116,
        "min": 0.0,
        "p95": 0.03542977955657989,
        "variance": 0.00014792168955385184,
        "std": 0.01216230609522108
      },
      "high_freq_energy": {
        "mean": 4.2380205445929535,
        "max": 5.0,
        "min": 2.633687079743443,
        "p95": 5.0,
        "variance": 1.16337873723697,
        "std": 1.0786003602989247
      },
      "flatness": {
        "mean": 0.6408390199009774,
        "max": 0.8500817418981481,
        "min": 0.22498951099537037,
        "p95": 0.8499808304398148,
        "variance": 0.07557171125968416,
        "std": 0.27490309430721976
      },
      "entropy": {
        "mean": 0.7861778804411491,
        "max": 0.9214005842804909,
        "min": 0.5217004269361496,
        "p95": 0.9200607314705849,
        "variance": 0.032620414915463,