{
  "video": "6b1f8d35-7241-435f-a020-db46ffff1706.mp4",
  "path": "/root/workspace/raw videos/6b1f8d35-7241-435f-a020-db46ffff1706.mp4",
  "extracted_at": "2026-07-21T17:02:24Z",
  "elapsed_sec": 99.862,
  "meta": {
    "path": "../raw videos/6b1f8d35-7241-435f-a020-db46ffff1706.mp4",
    "width": 3840,
    "height": 2160,
    "fps": 30.0,
    "frame_count": 899,
    "duration": 29.966666666666665,
    "detail_scale": 0.25,
    "texture_compensation": 16.0,
    "scene_spans_provided": true,
    "scene_detect": {
      "detector": "content",
      "ok": true,
      "error": "",
      "detect_sec": 34.545,
      "n_scenes": 6
    },
    "samples_per_segment": 16,
    "si_ti_agg": "mean"
  },
  "cut_times_sec": [
    1.0,
    10.0,
    11.0,
    19.966667,
    20.966667
  ],
  "global": {
    "mean_motion": 0.07502548437714994,
    "mean_texture": 6.015879170660342,
    "mean_noise": 0.021844574292754965,
    "mean_edge": 0.18326926904164778,
    "mean_entropy": 0.8782612674965941,
    "mean_hf_energy": 5.0,
    "mean_flatness": 0.3386492595296213,
    "mean_luma": 0.2979020840144978,
    "mean_difficulty": 0.5459441661286523,
    "motion_p90": 0.09685884622367462,
    "motion_level": 0.40047675632297586,
    "texture_level": 0.5877247152256334,
    "noise_level_norm": 0.3127597886300085,
    "edge_level": 0.7941667008035307,
    "segment_count": 6,
    "cut_count": 5,
    "cut_rate": 0.16685205784204674,
    "hard_fraction": 1.0,
    "worst_difficulty": 0.5670003869344515,
    "volatility": 0.4657163234690374,
    "duration": 29.966666666666665,
    "fps": 30.0,
    "width": 3840,
    "height": 2160,
    "n_segments": 6
  },
  "segments": [
    {
      "index": 0,
      "start_sec": 0.0,
      "end_sec": 1.0,
      "duration": 1.0,
      "frame_count": 30,
      "motion": 0.07328120990680222,
      "motion_p90": 0.08760161961389495,
      "motion_max": 0.0884828355725006,
      "texture": 6.422648984800098,
      "edge": 0.22171952160493827,
      "noise": 0.0,
      "entropy": 0.8899493515491486,
      "hf_energy": 5.0,
      "flatness": 0.21339795524691357,
      "si": 95.27409349403389,
      "ti": 26.9337950223016,
      "luma_mean": 0.3036730566146212,
      "sat_mean": 0.477513279926168,
      "difficulty": 0.520079533921767
    },
    {
      "index": 1,
      "start_sec": 1.0,
      "end_sec": 10.0,
      "duration": 9.0,
      "frame_count": 270,
      "motion": 0.07074870737260953,
      "motion_p90": 0.08532419132776567,
      "motion_max": 0.18322431009440815,
      "texture": 6.343537006260284,
      "edge": 0.18999288676697532,
      "noise": 0.013808529824018478,
      "entropy": 0.8520521819591522,
      "hf_energy": 5.0,
      "flatness": 0.29739667727623453,
      "si": 121.55296482325132,
      "ti": 39.01973236556282,
      "luma_mean": 0.20703903176818567,
      "sat_mean": 0.5426577657876422,
      "difficulty": 0.5392143324085009
    },
    {
      "index": 2,
      "start_sec": 10.0,
      "end_sec": 11.0,
      "duration": 1.0,
      "frame_count": 30,
      "motion": 0.057228555434519476,
      "motion_p90": 0.062459753237714744,
      "motion_max": 0.2984884637496974,
      "texture": 5.265359387036085,
      "edge": 0.1256849922839506,
      "noise": 0.06279246807098389,
      "entropy": 0.90187509059906,
      "hf_energy": 5.0,
      "flatness": 0.5112619598765432,
      "si": 99.68254436665254,
      "ti": 22.489615972115054,
      "luma_mean": 0.40898533723674657,
      "sat_mean": 0.37962665743766644,
      "difficulty": 0.5536426106635571
    },
    {
      "index": 3,
      "start_sec": 11.0,
      "end_sec": 19.966666666666665,
      "duration": 8.966666666666665,
      "frame_count": 269,
      "motion": 0.08736544760651174,
      "motion_p90": 0.09212089233841686,
      "motion_max": 0.23113870733478575,
      "texture": 6.330575665672987,
      "edge": 0.22340832368827163,
      "noise": 0.014898676425218582,
      "entropy": 0.8829932846128941,
      "hf_energy": 5.0,
      "flatness": 0.21692925347222222,
      "si": 97.77115024477584,
      "ti": 33.9477152146533,
      "luma_mean": 0.2940584386725369,
      "sat_mean": 0.49429915151824616,
      "difficulty": 0.5567779155162004
    },
    {
      "index": 4,
      "start_sec": 19.966666666666665,
      "end_sec": 20.966666666666665,
      "duration": 1.0,
      "frame_count": 30,
      "motion": 0.09536966987412249,
      "motion_p90": 0.09685884622367462,
      "motion_max": 0.1918881626724764,
      "texture": 6.275845780297699,
      "edge": 0.19294251543209878,
      "noise": 0.023256470263004304,
      "entropy": 0.882597416639328,
      "hf_energy": 5.0,
      "flatness": 0.28694000771604944,
      "si": 123.78487349426928,
      "ti": 34.58962163892697,
      "luma_mean": 0.22299543164488017,
      "sat_mean": 0.5853713076434277,
      "difficulty": 0.5670003869344515
    },
    {
      "index": 5,
      "start_sec": 20.966666666666665,
      "end_sec": 29.966666666666665,
      "duration": 9.0,
      "frame_count": 270,
      "motion": 0.06691878148828977,
      "motion_p90": 0.06882806069958847,
      "motion_max": 0.28855168240135565,
      "texture": 5.383999644827114,
      "edge": 0.13760645736882715,
      "noise": 0.03452132269740105,
      "entropy": 0.8953516334295273,
      "hf_energy": 5.0,
      "flatness": 0.5016541280864197,
      "si": 98.24253875516374,
      "ti": 43.581106795907665,
      "luma_mean": 0.38793370438453156,
      "sat_mean": 0.38111746408632896,
      "difficulty": 0.5389502173274368
    }
  ],
  "distributions": {
    "thresholds": {
      "high_complexity": 0.45,
      "low_complexity": 0.2
    },
    "metrics": {
      "motion_mean": {
        "mean": 0.07515206194714254,
        "max": 0.09536966987412249,
        "min": 0.057228555434519476,
        "p95": 0.0933686143072198,
        "variance": 0.0001616411785402737,
        "std": 0.012713818409127673
      },
      "motion_p90": {
        "mean": 0.08219889390684255,
        "max": 0.09685884622367462,
        "min": 0.062459753237714744,
        "p95": 0.09567435775236018,
        "variance": 0.0001534550064757751,
        "std": 0.012387695769422781
      },
      "motion_max": {
        "mean": 0.21362902697087063,
        "max": 0.2984884637496974,
        "min": 0.0884828355725006,
        "p95": 0.29600426841261196,
        "variance": 0.005029966403986309,
        "std": 0.07092225605539004
      },
      "texture": {
        "mean": 6.003661078149045,
        "max": 6.422648984800098,
        "min": 5.265359387036085,
        "p95": 6.402870990165145,
        "variance": 0.23351564184930915,
        "std": 0.4832345619358255
      },
      "edge_density": {
        "mean": 0.18189244952417694,
        "max": 0.22340832368827163,
        "min": 0.1256849922839506,
        "p95": 0.2229861231674383,
        "variance": 0.0014363353114707682,
        "std": 0.03789901465039386
      },
      "noise_level": {
        "mean": 0.02487957788010438,
        "max": 0.06279246807098389,
        "min": 0.0,
        "p95": 0.05572468172758818,
        "variance": 0.00039569414308145454,
        "std": 0.01989206231343182
      },
      "high_freq_energy": {
        "mean": 5.0,
        "max": 5.0,
        "min": 5.0,
        "p95": 5.0,
        "variance": 0.0,
        "std": 0.0
      },
      "flatness": {
        "mean": 0.3379299969457305,
        "max": 0.5112619598765432,
        "min": 0.21339795524691357,
        "p95": 0.5088600019290124,
        "variance": 0.01520698313785207,
        "std": 0.12331659717107049
      },
      "entropy": {
        "mean": 0.8841364931315184,
        "max": 0.90187509059906,
        "min": 0.8520521819591522,
        "p95": 0.9002442263066768,
        "variance": 0.0002512175400956667,
        "std": 0.015849843535368627
      },
      "difficulty": {
        "mean": 0.5459441661286523,
        "max": 0.5670003869344515,
        "min": 0.520079533921767,
        "p95": 0.5644447690798887,