{
  "video": "6c688ded-78e6-4780-b12d-8853f43de689.mp4",
  "path": "/root/workspace/raw videos/6c688ded-78e6-4780-b12d-8853f43de689.mp4",
  "extracted_at": "2026-07-21T17:02:27Z",
  "elapsed_sec": 96.262,
  "meta": {
    "path": "../raw videos/6c688ded-78e6-4780-b12d-8853f43de689.mp4",
    "width": 3840,
    "height": 2160,
    "fps": 30.0,
    "frame_count": 899,
    "duration": 29.966666666666665,
    "detail_scale": 0.25,
    "texture_compensation": 16.0,
    "scene_spans_provided": true,
    "scene_detect": {
      "detector": "content",
      "ok": true,
      "error": "",
      "detect_sec": 31.953,
      "n_scenes": 7
    },
    "samples_per_segment": 16,
    "si_ti_agg": "mean"
  },
  "cut_times_sec": [
    5.0,
    9.2,
    9.766667,
    15.0,
    19.966667,
    24.966667
  ],
  "global": {
    "mean_motion": 0.058314811504708894,
    "mean_texture": 5.070891517857943,
    "mean_noise": 0.021462464227480885,
    "mean_edge": 0.10835229735035098,
    "mean_entropy": 0.8580130085025865,
    "mean_hf_energy": 5.0,
    "mean_flatness": 0.44883384489353173,
    "mean_luma": 0.27230667479401627,
    "mean_difficulty": 0.49025689453058113,
    "motion_p90": 0.09743908103364804,
    "motion_level": 0.40191160855012686,
    "texture_level": 0.5457917045001791,
    "noise_level_norm": 0.30897930941801893,
    "edge_level": 0.6952242552240245,
    "segment_count": 7,
    "cut_count": 6,
    "cut_rate": 0.20022246941045607,
    "hard_fraction": 0.6585094549499445,
    "worst_difficulty": 0.57426619977237,
    "volatility": 0.5424617625991731,
    "duration": 29.966666666666665,
    "fps": 30.0,
    "width": 3840,
    "height": 2160,
    "n_segments": 7
  },
  "segments": [
    {
      "index": 0,
      "start_sec": 0.0,
      "end_sec": 5.0,
      "duration": 5.0,
      "frame_count": 150,
      "motion": 0.06229429021801622,
      "motion_p90": 0.08619023465867828,
      "motion_max": 0.08905808974824499,
      "texture": 5.5970088796764035,
      "edge": 0.18363908179012345,
      "noise": 0.015625441417796537,
      "entropy": 0.9389362372457981,
      "hf_energy": 5.0,
      "flatness": 0.20237630208333335,
      "si": 113.38485710063827,
      "ti": 38.2110218855695,
      "luma_mean": 0.38485063770878725,
      "sat_mean": 0.36820082484189665,
      "difficulty": 0.5542884793109886
    },
    {
      "index": 1,
      "start_sec": 5.0,
      "end_sec": 9.2,
      "duration": 4.199999999999999,
      "frame_count": 126,
      "motion": 0.08107025623713991,
      "motion_p90": 0.07624418270394577,
      "motion_max": 0.32091448801742917,
      "texture": 5.507088330365393,
      "edge": 0.12292884355709877,
      "noise": 0.03343117670738138,
      "entropy": 0.7761201038956642,
      "hf_energy": 5.0,
      "flatness": 0.4757659384645062,
      "si": 97.54246245944475,
      "ti": 35.09423716047466,
      "luma_mean": 0.15633201895727428,
      "sat_mean": 0.6344949268866497,
      "difficulty": 0.5257765599615809
    },
    {
      "index": 2,
      "start_sec": 9.2,
      "end_sec": 9.766666666666667,
      "duration": 0.5666666666666682,
      "frame_count": 17,
      "motion": 0.05985282770515613,
      "motion_p90": 0.0637006551077221,
      "motion_max": 0.06486247276688453,
      "texture": 5.619706338190297,
      "edge": 0.12511123971193416,
      "noise": 0.0019380392817159493,
      "entropy": 0.7638213038444519,
      "hf_energy": 5.0,
      "flatness": 0.48011509773662553,
      "si": 97.07394104214784,
      "ti": 31.097976865546684,
      "luma_mean": 0.13183715227346082,
      "sat_mean": 0.6535566146211571,
      "difficulty": 0.45945166599224796
    },
    {
      "index": 3,
      "start_sec": 9.766666666666667,
      "end_sec": 15.0,
      "duration": 5.2333333333333325,
      "frame_count": 157,
      "motion": 0.018143953491890585,
      "motion_p90": 0.019866489651416123,
      "motion_max": 0.06302360959816025,
      "texture": 4.115103685235383,
      "edge": 0.03135850694444445,
      "noise": 0.005450735479826108,
      "entropy": 0.8466494679450989,
      "hf_energy": 5.0,
      "flatness": 0.680248722029321,
      "si": 68.85440099517828,
      "ti": 28.21997906888865,
      "luma_mean": 0.25426671810699586,
      "sat_mean": 0.46531303236958366,
      "difficulty": 0.3769637196191442
    },
    {
      "index": 4,
      "start_sec": 15.0,
      "end_sec": 19.966666666666665,
      "duration": 4.966666666666665,
      "frame_count": 149,
      "motion": 0.07592291704490439,
      "motion_p90": 0.08228223341805858,
      "motion_max": 0.24313458454369402,
      "texture": 5.7071608710162405,
      "edge": 0.17194528838734568,
      "noise": 0.03270441188942641,
      "entropy": 0.9317412488162518,
      "hf_energy": 5.0,
      "flatness": 0.20344991801697532,
      "si": 107.22778208165084,
      "ti": 36.11325288323532,
      "luma_mean": 0.3747197007950557,
      "sat_mean": 0.3946392723273723,
      "difficulty": 0.57426619977237
    },
    {
      "index": 5,
      "start_sec": 19.966666666666665,
      "end_sec": 24.966666666666665,
      "duration": 5.0,
      "frame_count": 150,
      "motion": 0.08787099777217987,
      "motion_p90": 0.09743908103364804,
      "motion_max": 0.2845920857540547,
      "texture": 5.477205881314353,
      "edge": 0.11740041473765431,
      "noise": 0.02725367690436542,
      "entropy": 0.7923854067921638,
      "hf_energy": 5.0,
      "flatness": 0.4428446903935185,
      "si": 89.61675626076939,
      "ti": 41.30148091349429,
      "luma_mean": 0.20103000417952677,
      "sat_mean": 0.6015294150742859,
      "difficulty": 0.5357264963111478
    },
    {
      "index": 6,
      "start_sec": 24.966666666666665,
      "end_sec": 29.966666666666665,
      "duration": 5.0,
      "frame_count": 150,
      "motion": 0.030045044329460178,
      "motion_p90": 0.021474037763253448,
      "motion_max": 0.2421454399661099,
      "texture": 4.0782191644468515,
      "edge": 0.027291546103395063,
      "noise": 0.01925926544936374,
      "entropy": 0.8608396016061306,
      "hf_energy": 5.0,
      "flatness": 0.6766461709104938,
      "si": 68.67136621894642,
      "ti": 26.13182423930558,
      "luma_mean": 0.26152952145364317,
      "sat_mean": 0.4458432795668422,
      "difficulty": 0.4053251407465885
    }
  ],
  "distributions": {
    "thresholds": {
      "high_complexity": 0.45,
      "low_complexity": 0.2
    },
    "metrics": {
      "motion_mean": {
        "mean": 0.05931432668553533,
        "max": 0.08787099777217987,
        "min": 0.018143953491890585,
        "p95": 0.08583077531166787,
        "variance": 0.0005893585560681702,
        "std": 0.024276708097849063
      },
      "motion_p90": {
        "mean": 0.06388527347667462,
        "max": 0.09743908103364804,
        "min": 0.019866489651416123,
        "p95": 0.0940644271211571,
        "variance": 0.0008358514850586109,
        "std": 0.028911096227203333
      },
      "motion_max": {
        "mean": 0.18681868148493966,
        "max": 0.32091448801742917,
        "min": 0.06302360959816025,
        "p95": 0.3100177673384168,
        "variance": 0.010504217859767262,
        "std": 0.10249008664142724
      },
      "texture": {
        "mean": 5.157356164320703,
        "max": 5.7071608710162405,
        "min": 4.0782191644468515,
        "p95": 5.680924511168457,
        "variance": 0.45497010471213034,
        "std": 0.6745147179358878
      },
      "edge_density": {
        "mean": 0.11138213160457082,
        "max": 0.18363908179012345,
        "min": 0.027291546103395063,
        "p95": 0.18013094376929012,
        "variance": 0.0032460006544994314,
        "std": 0.0569736838768517
      },
      "noise_level": {
        "mean": 0.01938039244712508,
        "max": 0.03343117670738138,
        "min": 0.0019380392817159493,
        "p95": 0.03321314726199489,
        "variance": 0.0001356182852467762,
        "std": 0.011645526404880813
      },
      "high_freq_energy": {
        "mean": 5.0,
        "max": 5.0,