{
  "video": "7.mp4",
  "path": "/root/terry/videos/7.mp4",
  "extracted_at": "2026-07-17T18:20:23Z",
  "elapsed_sec": 19.467,
  "meta": {
    "path": "/root/terry/videos/7.mp4",
    "width": 3840,
    "height": 2160,
    "fps": 30.0,
    "frame_count": 900,
    "duration": 30.0,
    "detail_scale": 0.25,
    "texture_compensation": 16.0,
    "scene_spans_provided": false
  },
  "cut_times_sec": [
    6.0,
    10.0,
    16.0,
    20.0,
    26.0
  ],
  "global": {
    "mean_motion": 0.05289677142590576,
    "mean_texture": 4.633114984646912,
    "mean_noise": 0.046609843766782434,
    "mean_edge": 0.06031577932098766,
    "mean_entropy": 0.9000752155979475,
    "mean_hf_energy": 3.7874943455933416,
    "mean_flatness": 0.5402165316358024,
    "mean_luma": 0.3712156102487292,
    "mean_difficulty": 0.5096258576196835,
    "motion_p90": 0.12703513677075767,
    "motion_level": 0.46698061977857447,
    "texture_level": 0.52333161747946,
    "noise_level_norm": 0.4926532156810005,
    "edge_level": 0.559433690512187,
    "segment_count": 6,
    "cut_count": 5,
    "cut_rate": 0.16666666666666666,
    "hard_fraction": 0.8,
    "worst_difficulty": 0.6027567359422382,
    "volatility": 0.5193973089955383,
    "duration": 30.0,
    "fps": 30.0,
    "width": 3840,
    "height": 2160,
    "n_segments": 6
  },
  "segments": [
    {
      "index": 0,
      "start_sec": 0.0,
      "end_sec": 6.0,
      "duration": 6.0,
      "frame_count": 180,
      "motion": 0.015478958635923506,
      "motion_p90": 0.02766181917211329,
      "motion_max": 0.029611103546356814,
      "texture": 3.8384117007830953,
      "edge": 0.018509355709876545,
      "noise": 0.008721176767721772,
      "entropy": 0.9134571775794029,
      "hf_energy": 3.848339953698464,
      "flatness": 0.6351396122685186,
      "luma_mean": 0.3906076823862261,
      "difficulty": 0.3852235574903605
    },
    {
      "index": 1,
      "start_sec": 6.0,
      "end_sec": 10.0,
      "duration": 4.0,
      "frame_count": 120,
      "motion": 0.07695645821986202,
      "motion_p90": 0.1110190518336964,
      "motion_max": 0.23115349642943597,
      "texture": 5.858114361831439,
      "edge": 0.15958574459876543,
      "noise": 0.037791766226291656,
      "entropy": 0.9199919626116753,
      "hf_energy": 5.0,
      "flatness": 0.2314747299382716,
      "luma_mean": 0.3582647229030501,
      "difficulty": 0.5942767616422479
    },
    {
      "index": 2,
      "start_sec": 10.0,
      "end_sec": 16.0,
      "duration": 6.0,
      "frame_count": 180,
      "motion": 0.047768226329883805,
      "motion_p90": 0.10832828083393845,
      "motion_max": 0.34014506929314936,
      "texture": 4.1609099101807345,
      "edge": 0.005402440200617284,
      "noise": 0.07122294057626277,
      "entropy": 0.8705024346709251,
      "hf_energy": 2.692113676268831,
      "flatness": 0.7361873070987653,
      "luma_mean": 0.3710721374969741,
      "difficulty": 0.4848309229347182
    },
    {
      "index": 3,
      "start_sec": 16.0,
      "end_sec": 20.0,
      "duration": 4.0,
      "frame_count": 120,
      "motion": 0.058298041863350275,
      "motion_p90": 0.11812490392762037,
      "motion_max": 0.31434228243766643,
      "texture": 3.8039757923016326,
      "edge": 0.014915605709876541,
      "noise": 0.06613558967364952,
      "entropy": 0.9202224537730217,
      "hf_energy": 3.256633770046963,
      "flatness": 0.683712143132716,
      "luma_mean": 0.3884409608750907,
      "difficulty": 0.5112005603882851
    },
    {
      "index": 4,
      "start_sec": 20.0,
      "end_sec": 26.0,
      "duration": 6.0,
      "frame_count": 180,
      "motion": 0.0808958144214476,
      "motion_p90": 0.12703513677075767,
      "motion_max": 0.2748313740619705,
      "texture": 5.865649584607434,
      "edge": 0.1577611400462963,
      "noise": 0.039245294115971774,
      "entropy": 0.9125749096274376,
      "hf_energy": 5.0,
      "flatness": 0.2314850983796296,
      "luma_mean": 0.3490866429133382,
      "difficulty": 0.6027567359422382
    },
    {
      "index": 5,
      "start_sec": 26.0,
      "end_sec": 30.0,
      "duration": 4.0,
      "frame_count": 120,
      "motion": 0.0452567865301985,
      "motion_p90": 0.09947437363834417,
      "motion_max": 0.30903628056160737,
      "texture": 4.288815437361873,
      "edge": 0.005357590663580247,
      "noise": 0.06686235516099259,
      "entropy": 0.8655479177832603,
      "hf_energy": 2.838893376952157,
      "flatness": 0.7322190875771606,
      "luma_mean": 0.37126169889252,
      "difficulty": 0.479466607320251
    }
  ],
  "distributions": {
    "thresholds": {
      "high_complexity": 0.45,
      "low_complexity": 0.2
    },
    "metrics": {
      "motion_mean": {
        "mean": 0.05410904766677762,
        "max": 0.0808958144214476,
        "min": 0.015478958635923506,
        "p95": 0.0799109753710512,
        "variance": 0.0004779891725862528,
        "std": 0.021862963490484378
      },
      "motion_p90": {
        "mean": 0.09860726102941174,
        "max": 0.12703513677075767,
        "min": 0.02766181917211329,
        "p95": 0.12480757855997335,
        "variance": 0.0010786068141801013,
        "std": 0.0328421499628161
      },
      "motion_max": {
        "mean": 0.24985326772169777,
        "max": 0.34014506929314936,
        "min": 0.029611103546356814,
        "p95": 0.33369437257927864,
        "variance": 0.01088237826370507,
        "std": 0.10431863814153763
      },
      "texture": {
        "mean": 4.635979464511034,
        "max": 5.865649584607434,
        "min": 3.8039757923016326,
        "p95": 5.863765778913435,
        "variance": 0.7800434505020296,
        "std": 0.8832006852930027
      },
      "edge_density": {
        "mean": 0.060255312821502066,
        "max": 0.15958574459876543,
        "min": 0.005357590663580247,
        "p95": 0.15912959346064814,
        "variance": 0.0048658220881456745,
        "std": 0.06975544486379306
      },
      "noise_level": {
        "mean": 0.04832985375348168,
        "max": 0.07122294057626277,
        "min": 0.008721176767721772,
        "p95": 0.07013279422244523,
        "variance": 0.0004911698449090003,
        "std": 0.022162351971507902
      },
      "high_freq_energy": {
        "mean": 3.7726634628277362,
        "max": 5.0,
        "min": 2.692113676268831,
        "p95": 5.0,
        "variance": 0.8873729900944193,
        "std": 0.9420047718002384
      },
      "flatness": {
        "mean": 0.541702996399177,
        "max": 0.7361873070987653,
        "min": 0.2314747299382716,
        "p95": 0.7351952522183641,
        "variance": 0.04924904143502321,
        "std": 0.221921250525999
      },
      "entropy": {
        "mean": 0.9003828093409538,
        "max": 0.9202224537730217,
        "min": 0.8655479177832603,
        "p95": 0.9201648309826851,
        "variance": 0.0005340038762788879,
        "std": 0.023108523887926894
      },
      "difficulty": {
        "mean": 0.5096258576196835,
        "max": 0.6027567359422382,
        "min": 0.3852235574903605,
        "p95": 0.6006367423672406,
        "variance": 0.0054736528633165015,
        "std": 0.07398413926860609
      }
    },
    "high_complexity_ratio": 0.8,
    "low_complexity_ratio": 0.0,
    "high_complexity_segment_ratio": 0.8333333333333334,
    "low_complexity_segment_ratio": 0.0,
    "scene_complexity_histogram": {
      "bins": [
        0.0,
        0.2,
        0.4,
        0.6,
        0.8,
        1.0
      ],
      "counts": [
        0,
        1,
        4,
        1,
        0
      ],
      "fractions": [
        0.0,
        0.16666666666666666,
        0.6666666666666666,
        0.16666666666666666,
        0.0
      ]
    },
    "worst_segment_index": 4
  },
  "summary_raw": {
    "segment_count": 6.0,
    "cut_count": 5.0,
    "cut_rate": 0.16666666666666666,
    "hard_fraction": 0.8,
    "worst_difficulty": 0.6027567359422382,
    "difficulty_mean": 0.5096258576196835,