{
  "video": "70.mp4",
  "path": "/root/terry/videos/70.mp4",
  "extracted_at": "2026-07-17T18:38:48Z",
  "elapsed_sec": 15.737,
  "meta": {
    "path": "/root/terry/videos/70.mp4",
    "width": 3840,
    "height": 2160,
    "fps": 30.0,
    "frame_count": 900,
    "duration": 30.0,
    "detail_scale": 0.25,
    "texture_compensation": 16.0,
    "scene_spans_provided": false
  },
  "cut_times_sec": [
    4.0,
    10.0,
    14.0,
    20.0,
    24.0
  ],
  "global": {
    "mean_motion": 0.048302282349410953,
    "mean_texture": 4.093093646081431,
    "mean_noise": 0.049856060553186886,
    "mean_edge": 0.031051199202674896,
    "mean_entropy": 0.8371664692958196,
    "mean_hf_energy": 4.985346105967029,
    "mean_flatness": 0.7627276234567901,
    "mean_luma": 0.3888421909671791,
    "mean_difficulty": 0.47911733553497754,
    "motion_p90": 0.15138593939118847,
    "motion_level": 0.5107730133964957,
    "texture_level": 0.4923670802157757,
    "noise_level_norm": 0.5094836259639641,
    "edge_level": 0.3952988562600775,
    "segment_count": 6,
    "cut_count": 5,
    "cut_rate": 0.16666666666666666,
    "hard_fraction": 0.5333333333333333,
    "worst_difficulty": 0.5576701442039095,
    "volatility": 0.4982500081024811,
    "duration": 30.0,
    "fps": 30.0,
    "width": 3840,
    "height": 2160,
    "n_segments": 6
  },
  "segments": [
    {
      "index": 0,
      "start_sec": 0.0,
      "end_sec": 4.0,
      "duration": 4.0,
      "frame_count": 120,
      "motion": 0.008317728190813362,
      "motion_p90": 0.011864663519728877,
      "motion_max": 0.012011990135560396,
      "texture": 4.318671603920926,
      "edge": 0.014501350308641976,
      "noise": 0.001453529461286962,
      "entropy": 0.8868264183402061,
      "hf_energy": 4.955355933641961,
      "flatness": 0.8097750289351853,
      "luma_mean": 0.599467903693113,
      "difficulty": 0.3402232393882734
    },
    {
      "index": 1,
      "start_sec": 4.0,
      "end_sec": 10.0,
      "duration": 6.0,
      "frame_count": 180,
      "motion": 0.05566697682159283,
      "motion_p90": 0.11115811395545865,
      "motion_max": 0.3219999546114742,
      "texture": 4.949359646463835,
      "edge": 0.05057653356481481,
      "noise": 0.054507353401277214,
      "entropy": 0.9213590398430824,
      "hf_energy": 5.0,
      "flatness": 0.616698013117284,
      "luma_mean": 0.3843203399222343,
      "difficulty": 0.5551887321447233
    },
    {
      "index": 2,
      "start_sec": 10.0,
      "end_sec": 14.0,
      "duration": 4.0,
      "frame_count": 120,
      "motion": 0.045668659979423876,
      "motion_p90": 0.08884593394456544,
      "motion_max": 0.25518203068264345,
      "texture": 3.0653730867740006,
      "edge": 0.02769097222222222,
      "noise": 0.028343824669718742,
      "entropy": 0.7083219513297081,
      "hf_energy": 5.0,
      "flatness": 0.8558024691358024,
      "luma_mean": 0.17777430177317838,
      "difficulty": 0.43516040406765283
    },
    {
      "index": 3,
      "start_sec": 14.0,
      "end_sec": 20.0,
      "duration": 6.0,
      "frame_count": 180,
      "motion": 0.06601912559005083,
      "motion_p90": 0.15138593939118847,
      "motion_max": 0.4780074739772452,
      "texture": 4.171651299564156,
      "edge": 0.014555844907407408,
      "noise": 0.10538088844623417,
      "entropy": 0.8661185055971146,
      "hf_energy": 4.956493240740503,
      "flatness": 0.8259102527006172,
      "luma_mean": 0.6051908086344105,
      "difficulty": 0.542085007830648
    },
    {
      "index": 4,
      "start_sec": 20.0,
      "end_sec": 24.0,
      "duration": 4.0,
      "frame_count": 120,
      "motion": 0.05849350093046478,
      "motion_p90": 0.11463822924231415,
      "motion_max": 0.32572518004115225,
      "texture": 5.02187006339656,
      "edge": 0.049690875771604935,
      "noise": 0.05741441290592775,
      "entropy": 0.9084571227431297,
      "hf_energy": 5.0,
      "flatness": 0.6106573109567901,
      "luma_mean": 0.37287435983266765,
      "difficulty": 0.5576701442039095
    },
    {
      "index": 5,
      "start_sec": 24.0,
      "end_sec": 30.0,
      "duration": 6.0,
      "frame_count": 180,
      "motion": 0.04483871660160978,
      "motion_p90": 0.09096289790607595,
      "motion_max": 0.2681960330428467,
      "texture": 3.0738474483181726,
      "edge": 0.02886815200617284,
      "noise": 0.031250882893800735,
      "entropy": 0.7292844727635384,
      "hf_energy": 5.0,
      "flatness": 0.8535399787808642,
      "luma_mean": 0.18795542941327767,
      "difficulty": 0.444376485574658
    }
  ],
  "distributions": {
    "thresholds": {
      "high_complexity": 0.45,
      "low_complexity": 0.2
    },
    "metrics": {
      "motion_mean": {
        "mean": 0.04650078468565924,
        "max": 0.06601912559005083,
        "min": 0.008317728190813362,
        "p95": 0.06413771942515431,
        "variance": 0.0003450351096654424,
        "std": 0.018575120717385457
      },
      "motion_p90": {
        "mean": 0.09480929632655526,
        "max": 0.15138593939118847,
        "min": 0.011864663519728877,
        "p95": 0.14219901185396988,
        "variance": 0.0017985925903451622,
        "std": 0.0424098171458586
      },
      "motion_max": {
        "mean": 0.27685377708182035,
        "max": 0.4780074739772452,
        "min": 0.012011990135560396,
        "p95": 0.439936900493222,
        "variance": 0.019262532397361937,
        "std": 0.13878952553187124
      },
      "texture": {
        "mean": 4.100128858072941,
        "max": 5.02187006339656,
        "min": 3.0653730867740006,
        "p95": 5.003742459163378,
        "variance": 0.6246082018644663,
        "std": 0.7903215812974275
      },
      "edge_density": {
        "mean": 0.030980621463477367,
        "max": 0.05057653356481481,
        "min": 0.014501350308641976,
        "p95": 0.050355119116512345,
        "variance": 0.0002151162282346833,
        "std": 0.014666841113023734
      },
      "noise_level": {
        "mean": 0.04639181529637426,
        "max": 0.10538088844623417,
        "min": 0.001453529461286962,
        "p95": 0.09338926956115756,
        "variance": 0.0010402496168914904,
        "std": 0.032252900906608234
      },
      "high_freq_energy": {
        "mean": 4.98530819573041,
        "max": 5.0,
        "min": 4.955355933641961,
        "p95": 5.0,
        "variance": 0.00043180601434487806,
        "std": 0.020779942597246946
      },
      "flatness": {
        "mean": 0.7620638422710905,
        "max": 0.8558024691358024,
        "min": 0.6106573109567901,
        "p95": 0.8552368465470679,
        "variance": 0.011260449530844999,
        "std": 0.10611526530544509
      },
      "entropy": {
        "mean": 0.8367279184361299,
        "max": 0.9213590398430824,
        "min": 0.7083219513297081,
        "p95": 0.9181335605680943,
        "variance": 0.007285559695659072,
        "std": 0.08535549013191285
      },
      "difficulty": {
        "mean": 0.47911733553497754,
        "max": 0.5576701442039095,
        "min": 0.3402232393882734,
        "p95": 0.5570497911891129,
        "variance": 0.006392172885111402,
        "std": 0.07995106556582847
      }
    },
    "high_complexity_ratio": 0.5333333333333333,
    "low_complexity_ratio": 0.0,
    "high_complexity_segment_ratio": 0.5,
    "low_complexity_segment_ratio": 0.0,
    "scene_complexity_histogram": {
      "bins": [
        0.0,
        0.2,
        0.4,
        0.6,
        0.8,
        1.0
      ],
      "counts": [
        0,
        1,
        5,
        0,
        0
      ],
      "fractions": [
        0.0,
        0.16666666666666666,
        0.8333333333333334,
        0.0,
        0.0
      ]
    },
    "worst_segment_index": 4
  },
  "summary_raw": {
    "segment_count": 6.0,
    "cut_count": 5.0,
    "cut_rate": 0.16666666666666666,
    "hard_fraction": 0.5333333333333333,
    "worst_difficulty": 0.5576701442039095,
    "difficulty_mean": 0.47911733553497754,