{
  "video": "70dfb7d7-5dd8-4693-b483-06ab61e7384d.mp4",
  "path": "/root/workspace/raw videos/70dfb7d7-5dd8-4693-b483-06ab61e7384d.mp4",
  "extracted_at": "2026-07-21T16:07:26Z",
  "elapsed_sec": 88.567,
  "meta": {
    "path": "../raw videos/70dfb7d7-5dd8-4693-b483-06ab61e7384d.mp4",
    "width": 3840,
    "height": 2160,
    "fps": 30.0,
    "frame_count": 899,
    "duration": 29.966666666666665,
    "detail_scale": 0.25,
    "texture_compensation": 16.0,
    "scene_spans_provided": true,
    "scene_detect": {
      "detector": "content",
      "ok": true,
      "error": "",
      "detect_sec": 34.282,
      "n_scenes": 6
    },
    "samples_per_segment": 16,
    "si_ti_agg": "mean"
  },
  "cut_times_sec": [
    7.0,
    10.0,
    17.0,
    19.966667,
    26.966667
  ],
  "global": {
    "mean_motion": 0.04301876363044188,
    "mean_texture": 4.279562159692283,
    "mean_noise": 0.021042628058629137,
    "mean_edge": 0.0688209550392068,
    "mean_entropy": 0.7940467596551335,
    "mean_hf_energy": 4.284743688115509,
    "mean_flatness": 0.6464659886317015,
    "mean_luma": 0.3643181824931214,
    "mean_difficulty": 0.4089534232585253,
    "motion_p90": 0.08207868100944082,
    "motion_level": 0.36145480784269834,
    "texture_level": 0.5035038369373158,
    "noise_level_norm": 0.30477733322608036,
    "edge_level": 0.591647094162958,
    "segment_count": 6,
    "cut_count": 5,
    "cut_rate": 0.16685205784204674,
    "hard_fraction": 0.33370411568409347,
    "worst_difficulty": 0.5550890186150763,
    "volatility": 0.5392601721788455,
    "duration": 29.966666666666665,
    "fps": 30.0,
    "width": 3840,
    "height": 2160,
    "n_segments": 6
  },
  "segments": [
    {
      "index": 0,
      "start_sec": 0.0,
      "end_sec": 7.0,
      "duration": 7.0,
      "frame_count": 210,
      "motion": 0.005845834089808763,
      "motion_p90": 0.009631116103848947,
      "motion_max": 0.010686471193415637,
      "texture": 3.7588991530225515,
      "edge": 0.010578221450617284,
      "noise": 0.004360588383860886,
      "entropy": 0.9080007001757622,
      "hf_energy": 2.9560211884749994,
      "flatness": 0.8501774691358025,
      "si": 38.3943175946587,
      "ti": 19.11462586795655,
      "luma_mean": 0.4571345651590112,
      "sat_mean": 0.30051959791439725,
      "difficulty": 0.3213903639442729
    },
    {
      "index": 1,
      "start_sec": 7.0,
      "end_sec": 10.0,
      "duration": 3.0,
      "frame_count": 90,
      "motion": 0.03456988603697652,
      "motion_p90": 0.016968693264342773,
      "motion_max": 0.34664273934882595,
      "texture": 2.71457439761994,
      "edge": 0.01885597511574074,
      "noise": 0.034884706139564514,
      "entropy": 0.5531186945736408,
      "hf_energy": 5.0,
      "flatness": 0.8186372733410494,
      "si": 66.57426383345864,
      "ti": 24.325305356748753,
      "luma_mean": 0.18114047465050837,
      "sat_mean": 0.21664437664533406,
      "difficulty": 0.3381170631233004
    },
    {
      "index": 2,
      "start_sec": 10.0,
      "end_sec": 17.0,
      "duration": 7.0,
      "frame_count": 210,
      "motion": 0.08729423537354758,
      "motion_p90": 0.08207868100944082,
      "motion_max": 0.37908357540547083,
      "texture": 6.432922561564295,
      "edge": 0.18389081790123457,
      "noise": 0.011991618201136589,
      "entropy": 0.9180434048175812,
      "hf_energy": 5.0,
      "flatness": 0.25909794560185184,
      "si": 99.44347868642328,
      "ti": 39.35908699639811,
      "luma_mean": 0.45224385363713393,
      "sat_mean": 0.21792844404351247,
      "difficulty": 0.5453934744848192
    },
    {
      "index": 3,
      "start_sec": 17.0,
      "end_sec": 19.966666666666665,
      "duration": 2.966666666666665,
      "frame_count": 89,
      "motion": 0.022199530796114746,
      "motion_p90": 0.004334834937061244,
      "motion_max": 0.31116135620915036,
      "texture": 3.6564847036539896,
      "edge": 0.01033251350308642,
      "noise": 0.029433971270918846,
      "entropy": 0.903556726872921,
      "hf_energy": 2.5979789442257637,
      "flatness": 0.8509947675540124,
      "si": 36.972702440692416,
      "ti": 8.015006358909776,
      "luma_mean": 0.45293005297219197,
      "sat_mean": 0.2926240274562757,
      "difficulty": 0.3522081888650181
    },
    {
      "index": 4,
      "start_sec": 19.966666666666665,
      "end_sec": 26.966666666666665,
      "duration": 7.0,
      "frame_count": 210,
      "motion": 0.036125625983418064,
      "motion_p90": 0.01916226019728879,
      "motion_max": 0.345530561607359,
      "texture": 2.7388339048248227,
      "edge": 0.01900824652777778,
      "noise": 0.03415794298052788,
      "entropy": 0.5574767217040062,
      "hf_energy": 5.0,
      "flatness": 0.8198107156635802,
      "si": 66.42173067944249,
      "ti": 38.24409615245864,
      "luma_mean": 0.18387182043920963,
      "sat_mean": 0.21743800305616073,
      "difficulty": 0.3415224305186651
    },
    {
      "index": 5,
      "start_sec": 26.966666666666665,
      "end_sec": 29.966666666666665,
      "duration": 3.0,
      "frame_count": 90,
      "motion": 0.07156693861958363,
      "motion_p90": 0.06716137512103607,
      "motion_max": 0.3803512164124909,
      "texture": 6.2461096341768005,
      "edge": 0.16025752314814817,
      "noise": 0.028343824669718742,
      "entropy": 0.9234603568911552,
      "hf_energy": 5.0,
      "flatness": 0.2960994164737654,
      "si": 93.77429182443782,
      "ti": 30.500046422543825,
      "luma_mean": 0.4591786487646756,
      "sat_mean": 0.20910990216881506,
      "difficulty": 0.5550890186150763
    }
  ],
  "distributions": {
    "thresholds": {
      "high_complexity": 0.45,
      "low_complexity": 0.2
    },
    "metrics": {
      "motion_mean": {
        "mean": 0.04293367514990822,
        "max": 0.08729423537354758,
        "min": 0.005845834089808763,
        "p95": 0.08336241118505659,
        "variance": 0.0007849063797735117,
        "std": 0.028016180677842433
      },
      "motion_p90": {
        "mean": 0.033222826772169776,
        "max": 0.08207868100944082,
        "min": 0.004334834937061244,
        "p95": 0.07834935453733963,
        "variance": 0.0008986168050502992,
        "std": 0.02997693788648699
      },
      "motion_max": {
        "mean": 0.2955759866961188,
        "max": 0.3803512164124909,
        "min": 0.010686471193415637,
        "p95": 0.3800343061607359,
        "variance": 0.016778094918798687,
        "std": 0.12953028572036226
      },
      "texture": {
        "mean": 4.2579707258104,
        "max": 6.432922561564295,
        "min": 2.71457439761994,
        "p95": 6.386219329717422,
        "variance": 2.3306364305283362,
        "std": 1.5266422077645883
      },
      "edge_density": {
        "mean": 0.06715388294110082,
        "max": 0.18389081790123457,
        "min": 0.01033251350308642,
        "p95": 0.17798249421296297,
        "variance": 0.005562660584589633,
        "std": 0.07458324600464661
      },
      "noise_level": {
        "mean": 0.02386210860762124,
        "max": 0.034884706139564514,
        "min": 0.004360588383860886,
        "p95": 0.034703015349805355,
        "variance": 0.0001333085212856031,
        "std": 0.011545930940621596
      },
      "high_freq_energy": {
        "mean": 4.259000022116794,
        "max": 5.0,
        "min": 2.5979789442257637,
        "p95": 5.0,
        "variance": 1.1088447885014097,
        "std": 1.0530169934532916
      },
      "flatness": {
        "mean": 0.6491362646283436,
        "max": 0.8509947675540124,
        "min": 0.25909794560185184,
        "p95": 0.8507904429494599,
        "variance": 0.06929828129465605,
        "std": 0.2632456671906606
      },
      "entropy": {
        "mean": 0.7939427675058445,
        "max": 0.9234603568911552,
        "min": 0.5531186945736408,
        "p95": 0.9221061188727617,
        "variance": 0.028518771859206028,
        "std": 0.16887501845804792
      },