{
  "video": "70e19e06-6d0c-4e03-99ed-ad4bad8844ff.mp4",
  "path": "/root/workspace/raw videos/70e19e06-6d0c-4e03-99ed-ad4bad8844ff.mp4",
  "extracted_at": "2026-07-21T16:07:50Z",
  "elapsed_sec": 67.382,
  "meta": {
    "path": "../raw videos/70e19e06-6d0c-4e03-99ed-ad4bad8844ff.mp4",
    "width": 3840,
    "height": 2160,
    "fps": 30.0,
    "frame_count": 899,
    "duration": 29.966666666666665,
    "detail_scale": 0.25,
    "texture_compensation": 16.0,
    "scene_spans_provided": true,
    "scene_detect": {
      "detector": "content",
      "ok": true,
      "error": "",
      "detect_sec": 14.593,
      "n_scenes": 6
    },
    "samples_per_segment": 16,
    "si_ti_agg": "mean"
  },
  "cut_times_sec": [
    2.0,
    9.966667,
    11.966667,
    19.966667,
    21.966667
  ],
  "global": {
    "mean_motion": 0.0327803147688583,
    "mean_texture": 4.38237757076149,
    "mean_noise": 0.011894607938391243,
    "mean_edge": 0.0625501202575049,
    "mean_entropy": 0.9038474394694318,
    "mean_hf_energy": 4.545367494591076,
    "mean_flatness": 0.6357427233963664,
    "mean_luma": 0.44216947308269827,
    "mean_difficulty": 0.41524898829256435,
    "motion_p90": 0.046453374636891795,
    "motion_level": 0.2426354443999471,
    "texture_level": 0.5094379472085364,
    "noise_level_norm": 0.19859229983818022,
    "edge_level": 0.5683784816513117,
    "segment_count": 6,
    "cut_count": 5,
    "cut_rate": 0.16685205784204674,
    "hard_fraction": 0.33259176863181317,
    "worst_difficulty": 0.47692586762675676,
    "volatility": 0.43096821268537994,
    "duration": 29.966666666666665,
    "fps": 30.0,
    "width": 3840,
    "height": 2160,
    "n_segments": 6
  },
  "segments": [
    {
      "index": 0,
      "start_sec": 0.0,
      "end_sec": 2.0,
      "duration": 2.0,
      "frame_count": 60,
      "motion": 0.005124936172385621,
      "motion_p90": 0.0067058785705640285,
      "motion_max": 0.008367616799806342,
      "texture": 3.865433864510735,
      "edge": 0.008066888503086421,
      "noise": 0.004723970749182627,
      "entropy": 0.9568460211157799,
      "hf_energy": 3.188849811078879,
      "flatness": 0.7028080391589506,
      "si": 42.99704317947834,
      "ti": 9.131160651015925,
      "luma_mean": 0.45208515833030744,
      "sat_mean": 0.18794519240952554,
      "difficulty": 0.3319981825571809
    },
    {
      "index": 1,
      "start_sec": 2.0,
      "end_sec": 9.966666666666667,
      "duration": 7.966666666666667,
      "frame_count": 239,
      "motion": 0.04968439797794118,
      "motion_p90": 0.046453374636891795,
      "motion_max": 0.18118683430162189,
      "texture": 4.895584582171051,
      "edge": 0.09822169174382717,
      "noise": 0.011991617473540828,
      "entropy": 0.9255378991365433,
      "hf_energy": 5.0,
      "flatness": 0.5482378472222222,
      "si": 97.09797812254953,
      "ti": 38.7373982481539,
      "luma_mean": 0.4729613729461692,
      "sat_mean": 0.32882315448362986,
      "difficulty": 0.47692586762675676
    },
    {
      "index": 2,
      "start_sec": 9.966666666666667,
      "end_sec": 11.966666666666667,
      "duration": 2.0,
      "frame_count": 60,
      "motion": 0.04115904281272694,
      "motion_p90": 0.032070427862503026,
      "motion_max": 0.2196649645969499,
      "texture": 4.445640000118145,
      "edge": 0.079838565779321,
      "noise": 0.008721176534891129,
      "entropy": 0.8675270527601242,
      "hf_energy": 5.0,
      "flatness": 0.6381876929012346,
      "si": 99.63304889575042,
      "ti": 28.631737194137497,
      "luma_mean": 0.42470362805616074,
      "sat_mean": 0.31800015555026023,
      "difficulty": 0.43191391799977563
    },
    {
      "index": 3,
      "start_sec": 11.966666666666667,
      "end_sec": 19.966666666666665,
      "duration": 7.999999999999998,
      "frame_count": 240,
      "motion": 0.018205651627935124,
      "motion_p90": 0.008946433974824497,
      "motion_max": 0.20908659374243524,
      "texture": 3.8035179851307905,
      "edge": 0.008951943479938272,
      "noise": 0.019259264663560316,
      "entropy": 0.9362542629241943,
      "hf_energy": 3.7498099540526897,
      "flatness": 0.7260628858024691,
      "si": 43.19977515290467,
      "ti": 15.78422340016054,
      "luma_mean": 0.43773630259395424,
      "sat_mean": 0.164415811376634,
      "difficulty": 0.36518683777906524
    },
    {
      "index": 4,
      "start_sec": 19.966666666666665,
      "end_sec": 21.966666666666665,
      "duration": 2.0,
      "frame_count": 60,
      "motion": 0.03383515738471314,
      "motion_p90": 0.03414706260590655,
      "motion_max": 0.16782365801258775,
      "texture": 4.827178968458601,
      "edge": 0.0948828125,
      "noise": 0.012355000420939177,
      "entropy": 0.9201722927391529,
      "hf_energy": 5.0,
      "flatness": 0.552205222800926,
      "si": 94.68284331305645,
      "ti": 22.02935689475211,
      "luma_mean": 0.46416305449649,
      "sat_mean": 0.3088728695760712,
      "difficulty": 0.4621742193499316
    },
    {
      "index": 5,
      "start_sec": 21.966666666666665,
      "end_sec": 29.966666666666665,
      "duration": 8.0,
      "frame_count": 240,
      "motion": 0.035076780364923746,
      "motion_p90": 0.030964252753570565,
      "motion_max": 0.21976378298232874,
      "texture": 4.452388477329417,
      "edge": 0.0818408805941358,
      "noise": 0.006904264912009239,
      "entropy": 0.8415897712111473,
      "hf_energy": 5.0,
      "flatness": 0.6360696373456791,
      "si": 99.75068855468322,
      "ti": 36.23476361422245,
      "luma_mean": 0.4123281878820201,
      "sat_mean": 0.29425321927575043,
      "difficulty": 0.42329490444267626
    }
  ],
  "distributions": {
    "thresholds": {
      "high_complexity": 0.45,
      "low_complexity": 0.2
    },
    "metrics": {
      "motion_mean": {
        "mean": 0.030514327723437623,
        "max": 0.04968439797794118,
        "min": 0.005124936172385621,
        "p95": 0.04755305918663762,
        "variance": 0.00021812835786606368,
        "std": 0.014769169166410943
      },
      "motion_p90": {
        "mean": 0.026547905067376743,
        "max": 0.046453374636891795,
        "min": 0.0067058785705640285,
        "p95": 0.04337679662914548,
        "variance": 0.00020124918318474886,
        "std": 0.014186232170127093
      },
      "motion_max": {
        "mean": 0.16764890840595495,
        "max": 0.21976378298232874,
        "min": 0.008367616799806342,
        "p95": 0.21973907838598403,
        "variance": 0.0054487579750875995,
        "std": 0.07381570276768758
      },
      "texture": {
        "mean": 4.38162397961979,
        "max": 4.895584582171051,
        "min": 3.8035179851307905,
        "p95": 4.878483178742939,
        "variance": 0.17873986497849417,
        "std": 0.4227763770345904
      },
      "edge_density": {
        "mean": 0.06196713043338478,
        "max": 0.09822169174382717,
        "min": 0.008066888503086421,
        "p95": 0.09738697193287038,
        "variance": 0.0014713392693921047,
        "std": 0.03835804047904565
      },
      "noise_level": {
        "mean": 0.010659215792353885,
        "max": 0.019259264663560316,
        "min": 0.004723970749182627,
        "p95": 0.01753319860290503,
        "variance": 2.1949101055578625e-05,
        "std": 0.0046849867721882234
      },
      "high_freq_energy": {
        "mean": 4.489776627521928,
        "max": 5.0,
        "min": 3.188849811078879,
        "p95": 5.0,
        "variance": 0.5468788031462278,
        "std": 0.7395125442791541
      },
      "flatness": {
        "mean": 0.633928554205247,
        "max": 0.7260628858024691,
        "min": 0.5482378472222222,
        "p95": 0.7202491741415895,
        "variance": 0.004546240527478561,
        "std": 0.06742581499306152
      },
      "entropy": {
        "mean": 0.9079878833144903,
        "max": 0.9568460211157799,
        "min": 0.8415897712111473,
        "p95": 0.9516980815678835,