{
  "video": "71.mp4",
  "path": "/root/terry/videos/71.mp4",
  "extracted_at": "2026-07-17T18:39:03Z",
  "elapsed_sec": 15.297,
  "meta": {
    "path": "/root/terry/videos/71.mp4",
    "width": 3840,
    "height": 2160,
    "fps": 30.0,
    "frame_count": 899,
    "duration": 29.966666666666665,
    "detail_scale": 0.25,
    "texture_compensation": 16.0,
    "scene_spans_provided": false
  },
  "cut_times_sec": [
    6.0,
    10.0,
    16.0,
    20.0,
    26.0
  ],
  "global": {
    "mean_motion": 0.04805250972903975,
    "mean_texture": 4.997253997226422,
    "mean_noise": 0.047599451176061285,
    "mean_edge": 0.0670483031986844,
    "mean_entropy": 0.795970863442002,
    "mean_hf_energy": 4.999999999999999,
    "mean_flatness": 0.5597111588321729,
    "mean_luma": 0.341556009633298,
    "mean_difficulty": 0.5121070578986268,
    "motion_p90": 0.1451206358932461,
    "motion_level": 0.5002079064332579,
    "texture_level": 0.5421629911392432,
    "noise_level_norm": 0.49790506734604034,
    "edge_level": 0.5853277728818811,
    "segment_count": 6,
    "cut_count": 5,
    "cut_rate": 0.16685205784204674,
    "hard_fraction": 0.7997775305895439,
    "worst_difficulty": 0.5715390043010427,
    "volatility": 0.4971355385565386,
    "duration": 29.966666666666665,
    "fps": 30.0,
    "width": 3840,
    "height": 2160,
    "n_segments": 6
  },
  "segments": [
    {
      "index": 0,
      "start_sec": 0.0,
      "end_sec": 6.0,
      "duration": 6.0,
      "frame_count": 180,
      "motion": 0.010717655947409827,
      "motion_p90": 0.0140515727124183,
      "motion_max": 0.015499924352457032,
      "texture": 3.9303177424144122,
      "edge": 0.04856312692901235,
      "noise": 0.0,
      "entropy": 0.5988803803920746,
      "hf_energy": 5.0,
      "flatness": 0.7551044077932099,
      "luma_mean": 0.09671687204974583,
      "difficulty": 0.321212493716781
    },
    {
      "index": 1,
      "start_sec": 6.0,
      "end_sec": 10.0,
      "duration": 4.0,
      "frame_count": 120,
      "motion": 0.060515752655228766,
      "motion_p90": 0.1323283761498426,
      "motion_max": 0.397991587993222,
      "texture": 5.193584367725643,
      "edge": 0.0209032600308642,
      "noise": 0.08357794367475435,
      "entropy": 0.8580827564001083,
      "hf_energy": 5.0,
      "flatness": 0.6018798225308641,
      "luma_mean": 0.48371971923414425,
      "difficulty": 0.5541377834979421
    },
    {
      "index": 2,
      "start_sec": 10.0,
      "end_sec": 16.0,
      "duration": 6.0,
      "frame_count": 180,
      "motion": 0.05638113879811184,
      "motion_p90": 0.09338557098765429,
      "motion_max": 0.22609881838537885,
      "texture": 6.003160762250121,
      "edge": 0.12944396219135804,
      "noise": 0.02761705976445228,
      "entropy": 0.9181947559118271,
      "hf_energy": 5.0,
      "flatness": 0.3014937789351852,
      "luma_mean": 0.4372919030652384,
      "difficulty": 0.5660210983041672
    },
    {
      "index": 3,
      "start_sec": 16.0,
      "end_sec": 20.0,
      "duration": 4.0,
      "frame_count": 120,
      "motion": 0.05451769301470588,
      "motion_p90": 0.12076089022028558,
      "motion_max": 0.35780414094650204,
      "texture": 3.928221508873531,
      "edge": 0.048602189429012344,
      "noise": 0.06976941227912903,
      "entropy": 0.6076870039105415,
      "hf_energy": 5.0,
      "flatness": 0.751358024691358,
      "luma_mean": 0.10241087773844106,
      "difficulty": 0.5030905351193102
    },
    {
      "index": 4,
      "start_sec": 20.0,
      "end_sec": 26.0,
      "duration": 6.0,
      "frame_count": 180,
      "motion": 0.06393727873093681,
      "motion_p90": 0.1451206358932461,
      "motion_max": 0.43618642580488987,
      "texture": 4.937372899870416,
      "edge": 0.018268470293209875,
      "noise": 0.08866529481019825,
      "entropy": 0.8720374554395676,
      "hf_energy": 5.0,
      "flatness": 0.643870563271605,
      "luma_mean": 0.49075426841261194,
      "difficulty": 0.5566414324525177
    },
    {
      "index": 5,
      "start_sec": 26.0,
      "end_sec": 29.966666666666665,
      "duration": 3.966666666666665,
      "frame_count": 119,
      "motion": 0.04881260117858872,
      "motion_p90": 0.09471520666908734,
      "motion_max": 0.23187109658678284,
      "texture": 6.060179710070263,
      "edge": 0.13954764660493826,
      "noise": 0.029070588818285614,
      "entropy": 0.9213879704475403,
      "hf_energy": 5.0,
      "flatness": 0.291658950617284,
      "luma_mean": 0.43920868225762527,
      "difficulty": 0.5715390043010427
    }
  ],
  "distributions": {
    "thresholds": {
      "high_complexity": 0.45,
      "low_complexity": 0.2
    },
    "metrics": {
      "motion_mean": {
        "mean": 0.04914702005416364,
        "max": 0.06393727873093681,
        "min": 0.010717655947409827,
        "p95": 0.0630818972120098,
        "variance": 0.00031768404939413775,
        "std": 0.017823693483510587
      },
      "motion_p90": {
        "mean": 0.10006037543875572,
        "max": 0.1451206358932461,
        "min": 0.0140515727124183,
        "p95": 0.14192257095739524,
        "variance": 0.0018284667073987099,
        "std": 0.04276057421736418
      },
      "motion_max": {
        "mean": 0.27757533234487214,
        "max": 0.43618642580488987,
        "min": 0.015499924352457032,
        "p95": 0.4266377163519729,
        "variance": 0.019919407242105322,
        "std": 0.14113613017971452
      },
      "texture": {
        "mean": 5.00880616520073,
        "max": 6.060179710070263,
        "min": 3.928221508873531,
        "p95": 6.045924973115227,
        "variance": 0.744028928103794,
        "std": 0.8625711148095524
      },
      "edge_density": {
        "mean": 0.06755477591306584,
        "max": 0.13954764660493826,
        "min": 0.018268470293209875,
        "p95": 0.1370217255015432,
        "variance": 0.0023897719883293335,
        "std": 0.04888529419293018
      },
      "noise_level": {
        "mean": 0.04978338322446992,
        "max": 0.08866529481019825,
        "min": 0.0,
        "p95": 0.08739345702633727,
        "variance": 0.0010753446191805705,
        "std": 0.03279244759362391
      },
      "high_freq_energy": {
        "mean": 5.0,
        "max": 5.0,
        "min": 5.0,
        "p95": 5.0,
        "variance": 0.0,
        "std": 0.0
      },
      "flatness": {
        "mean": 0.5575609246399177,
        "max": 0.7551044077932099,
        "min": 0.291658950617284,
        "p95": 0.7541678120177469,
        "variance": 0.03704475084236428,
        "std": 0.1924701297406023
      },
      "entropy": {
        "mean": 0.7960450537502766,
        "max": 0.9213879704475403,
        "min": 0.5988803803920746,
        "p95": 0.920589666813612,
        "variance": 0.019101263588130465,
        "std": 0.13820732103666022
      },
      "difficulty": {
        "mean": 0.5121070578986268,
        "max": 0.5715390043010427,
        "min": 0.321212493716781,
        "p95": 0.5701595278018238,
        "variance": 0.007785134122424639,
        "std": 0.08823340706571768
      }
    },
    "high_complexity_ratio": 0.7997775305895439,
    "low_complexity_ratio": 0.0,
    "high_complexity_segment_ratio": 0.8333333333333334,
    "low_complexity_segment_ratio": 0.0,
    "scene_complexity_histogram": {
      "bins": [
        0.0,
        0.2,
        0.4,
        0.6,
        0.8,
        1.0
      ],
      "counts": [
        0,
        1,
        5,
        0,
        0
      ],
      "fractions": [
        0.0,
        0.16666666666666666,
        0.8333333333333334,
        0.0,
        0.0
      ]
    },
    "worst_segment_index": 5
  },
  "summary_raw": {
    "segment_count": 6.0,
    "cut_count": 5.0,
    "cut_rate": 0.16685205784204674,
    "hard_fraction": 0.7997775305895439,
    "worst_difficulty": 0.5715390043010427,
    "difficulty_mean": 0.5121070578986268,
    "difficulty_p90": 0.5687800513026049,
    "duration_weighted_difficulty": 0.5058710168533017,