{
  "video": "72.mp4",
  "path": "/root/terry/videos/72.mp4",
  "extracted_at": "2026-07-17T18:39:19Z",
  "elapsed_sec": 15.374,
  "meta": {
    "path": "/root/terry/videos/72.mp4",
    "width": 3840,
    "height": 2160,
    "fps": 30.0,
    "frame_count": 899,
    "duration": 29.966666666666665,
    "detail_scale": 0.25,
    "texture_compensation": 16.0,
    "scene_spans_provided": false
  },
  "cut_times_sec": [
    7.0,
    10.0,
    17.0,
    20.0,
    27.0
  ],
  "global": {
    "mean_motion": 0.055542783984662884,
    "mean_texture": 4.973078195856648,
    "mean_noise": 0.046751422480989804,
    "mean_edge": 0.063711547692309,
    "mean_entropy": 0.7936750377494183,
    "mean_hf_energy": 4.975668181465529,
    "mean_flatness": 0.5699276250231738,
    "mean_luma": 0.3397408529740524,
    "mean_difficulty": 0.5174545844371176,
    "motion_p90": 0.14585219907407398,
    "motion_level": 0.5014650036630064,
    "texture_level": 0.5409589791260594,
    "noise_level_norm": 0.4934112993434969,
    "edge_level": 0.5728860807564776,
    "segment_count": 6,
    "cut_count": 5,
    "cut_rate": 0.16685205784204674,
    "hard_fraction": 0.7664071190211346,
    "worst_difficulty": 0.5857239110444323,
    "volatility": 0.5001226784893574,
    "duration": 29.966666666666665,
    "fps": 30.0,
    "width": 3840,
    "height": 2160,
    "n_segments": 6
  },
  "segments": [
    {
      "index": 0,
      "start_sec": 0.0,
      "end_sec": 7.0,
      "duration": 7.0,
      "frame_count": 210,
      "motion": 0.01899817216624304,
      "motion_p90": 0.023775633926410068,
      "motion_max": 0.024140757383200193,
      "texture": 4.023883403097047,
      "edge": 0.04840108989197531,
      "noise": 0.0,
      "entropy": 0.5848944038152695,
      "hf_energy": 5.0,
      "flatness": 0.7521421682098766,
      "luma_mean": 0.08795588424412976,
      "difficulty": 0.33348578089941805
    },
    {
      "index": 1,
      "start_sec": 7.0,
      "end_sec": 10.0,
      "duration": 3.0,
      "frame_count": 90,
      "motion": 0.06651606753812636,
      "motion_p90": 0.14585219907407398,
      "motion_max": 0.4366372624667151,
      "texture": 5.073472965134591,
      "edge": 0.022899064429012343,
      "noise": 0.08793853007955477,
      "entropy": 0.8579699024558067,
      "hf_energy": 5.0,
      "flatness": 0.6170170235339506,
      "luma_mean": 0.48858960356905107,
      "difficulty": 0.5620069056698291
    },
    {
      "index": 2,
      "start_sec": 10.0,
      "end_sec": 17.0,
      "duration": 7.0,
      "frame_count": 210,
      "motion": 0.06954456774993949,
      "motion_p90": 0.11249911794964895,
      "motion_max": 0.24567602426773177,
      "texture": 6.034768643985441,
      "edge": 0.12508656442901234,
      "noise": 0.03561147069558501,
      "entropy": 0.9157740697264671,
      "hf_energy": 5.0,
      "flatness": 0.2995377604166667,
      "luma_mean": 0.43540231349098285,
      "difficulty": 0.5857239110444323
    },
    {
      "index": 3,
      "start_sec": 17.0,
      "end_sec": 20.0,
      "duration": 3.0,
      "frame_count": 90,
      "motion": 0.06418866118978456,
      "motion_p90": 0.12347792226458479,
      "motion_max": 0.356995718349068,
      "texture": 3.9810578786631883,
      "edge": 0.04833887924382716,
      "noise": 0.06613558530807495,
      "entropy": 0.5923070088028908,
      "hf_energy": 5.0,
      "flatness": 0.7523191550925925,
      "luma_mean": 0.08799400020424837,
      "difficulty": 0.500700961324478
    },
    {
      "index": 4,
      "start_sec": 20.0,
      "end_sec": 27.0,
      "duration": 7.0,
      "frame_count": 210,
      "motion": 0.06328080084271363,
      "motion_p90": 0.139807755386105,
      "motion_max": 0.43631809035342534,
      "texture": 4.821127614821259,
      "edge": 0.014486882716049384,
      "noise": 0.0864849963109009,
      "entropy": 0.8848499655723572,
      "hf_energy": 4.895836643511954,
      "flatness": 0.6759379822530864,
      "luma_mean": 0.4973331120642701,
      "difficulty": 0.5476576305417432
    },
    {
      "index": 5,
      "start_sec": 27.0,
      "end_sec": 29.966666666666665,
      "duration": 2.966666666666665,
      "frame_count": 89,
      "motion": 0.07063588379024449,
      "motion_p90": 0.10649296856088111,
      "motion_max": 0.22566223372064875,
      "texture": 5.967817900376858,
      "edge": 0.12798442322530865,
      "noise": 0.028343824204057455,
      "entropy": 0.9216861203312874,
      "hf_energy": 5.0,
      "flatness": 0.29578559027777773,
      "luma_mean": 0.44032952164276207,
      "difficulty": 0.5751523171428043
    }
  ],
  "distributions": {
    "thresholds": {
      "high_complexity": 0.45,
      "low_complexity": 0.2
    },
    "metrics": {
      "motion_mean": {
        "mean": 0.05886069221284193,
        "max": 0.07063588379024449,
        "min": 0.01899817216624304,
        "p95": 0.07036305478016824,
        "variance": 0.00032472503712205423,
        "std": 0.0180201286655244
      },
      "motion_p90": {
        "mean": 0.10865093286028399,
        "max": 0.14585219907407398,
        "min": 0.023775633926410068,
        "p95": 0.14434108815208174,
        "variance": 0.001632967186687333,
        "std": 0.040409988699421
      },
      "motion_max": {
        "mean": 0.2875716810901315,
        "max": 0.4366372624667151,
        "min": 0.024140757383200193,
        "p95": 0.43655746943839263,
        "variance": 0.020691602678075748,
        "std": 0.14384576002814872
      },
      "texture": {
        "mean": 4.98368806767973,
        "max": 6.034768643985441,
        "min": 3.9810578786631883,
        "p95": 6.018030958083295,
        "variance": 0.6723769040363625,
        "std": 0.8199859169744091
      },
      "edge_density": {
        "mean": 0.06453281732253086,
        "max": 0.12798442322530865,
        "min": 0.014486882716049384,
        "p95": 0.12725995852623456,
        "variance": 0.0020755506318837578,
        "std": 0.04555821146493525
      },
      "noise_level": {
        "mean": 0.05075240109969551,
        "max": 0.08793853007955477,
        "min": 0.0,
        "p95": 0.0875751466373913,
        "variance": 0.0010339112024662894,
        "std": 0.03215448961601303
      },
      "high_freq_energy": {
        "mean": 4.982639440585326,
        "max": 5.0,
        "min": 4.895836643511954,
        "p95": 5.0,
        "variance": 0.0015069451159521877,
        "std": 0.038819390978635765
      },
      "flatness": {
        "mean": 0.565456613297325,
        "max": 0.7523191550925925,
        "min": 0.29578559027777773,
        "p95": 0.7522749083719136,
        "variance": 0.038011501950513005,
        "std": 0.19496538654467108
      },
      "entropy": {
        "mean": 0.7929135784506798,
        "max": 0.9216861203312874,
        "min": 0.5848944038152695,
        "p95": 0.9202081076800823,
        "variance": 0.0213127775384697,
        "std": 0.14598896375572265
      },
      "difficulty": {
        "mean": 0.5174545844371176,
        "max": 0.5857239110444323,
        "min": 0.33348578089941805,
        "p95": 0.5830810125690253,
        "variance": 0.007502011199751167,
        "std": 0.08661415126727945
      }
    },
    "high_complexity_ratio": 0.7664071190211346,
    "low_complexity_ratio": 0.0,
    "high_complexity_segment_ratio": 0.8333333333333334,
    "low_complexity_segment_ratio": 0.0,
    "scene_complexity_histogram": {
      "bins": [
        0.0,
        0.2,
        0.4,
        0.6,
        0.8,
        1.0
      ],
      "counts": [
        0,
        1,
        5,
        0,
        0
      ],
      "fractions": [
        0.0,
        0.16666666666666666,
        0.8333333333333334,
        0.0,
        0.0
      ]
    },
    "worst_segment_index": 2
  },
  "summary_raw": {
    "segment_count": 6.0,
    "cut_count": 5.0,
    "cut_rate": 0.16685205784204674,
    "hard_fraction": 0.7664071190211346,
    "worst_difficulty": 0.5857239110444323,
    "difficulty_mean": 0.5174545844371176,