{
  "video": "73.mp4",
  "path": "/root/terry/videos/73.mp4",
  "extracted_at": "2026-07-17T18:39:34Z",
  "elapsed_sec": 15.484,
  "meta": {
    "path": "/root/terry/videos/73.mp4",
    "width": 3840,
    "height": 2160,
    "fps": 30.0,
    "frame_count": 898,
    "duration": 29.933333333333334,
    "detail_scale": 0.25,
    "texture_compensation": 16.0,
    "scene_spans_provided": false
  },
  "cut_times_sec": [
    2.0,
    10.0,
    12.0,
    20.0,
    22.0
  ],
  "global": {
    "mean_motion": 0.051815569698108,
    "mean_texture": 4.120198461060029,
    "mean_noise": 0.054510591650445986,
    "mean_edge": 0.030840841015012783,
    "mean_entropy": 0.8448099830501062,
    "mean_hf_energy": 4.996758858162167,
    "mean_flatness": 0.7617918113425926,
    "mean_luma": 0.3955567358235999,
    "mean_difficulty": 0.480760463241678,
    "motion_p90": 0.14877920146453633,
    "motion_level": 0.5064320439392858,
    "texture_level": 0.4940168366852456,
    "noise_level_norm": 0.5317557022431724,
    "edge_level": 0.3936751331161051,
    "segment_count": 6,
    "cut_count": 5,
    "cut_rate": 0.16703786191536749,
    "hard_fraction": 0.6013363028953229,
    "worst_difficulty": 0.558697234927152,
    "volatility": 0.49977988694250886,
    "duration": 29.933333333333334,
    "fps": 30.0,
    "width": 3840,
    "height": 2160,
    "n_segments": 6
  },
  "segments": [
    {
      "index": 0,
      "start_sec": 0.0,
      "end_sec": 2.0,
      "duration": 2.0,
      "frame_count": 60,
      "motion": 0.008896008268276447,
      "motion_p90": 0.01186284797869765,
      "motion_max": 0.012005938332122972,
      "texture": 4.323652914282937,
      "edge": 0.014576581790123458,
      "noise": 0.003633823653217405,
      "entropy": 0.8914494663476944,
      "hf_energy": 4.951490910493767,
      "flatness": 0.805022907021605,
      "luma_mean": 0.5985118246565602,
      "difficulty": 0.34743034555765895
    },
    {
      "index": 1,
      "start_sec": 2.0,
      "end_sec": 10.0,
      "duration": 8.0,
      "frame_count": 240,
      "motion": 0.05683334940843622,
      "motion_p90": 0.11009225596102634,
      "motion_max": 0.3195572954490438,
      "texture": 5.012428455323642,
      "edge": 0.04990788966049383,
      "noise": 0.04723970533814281,
      "entropy": 0.916262149810791,
      "hf_energy": 5.0,
      "flatness": 0.612757282021605,
      "luma_mean": 0.3867778732828008,
      "difficulty": 0.5489664174729367
    },
    {
      "index": 2,
      "start_sec": 10.0,
      "end_sec": 12.0,
      "duration": 2.0,
      "frame_count": 60,
      "motion": 0.04307177911673929,
      "motion_p90": 0.08894184822076975,
      "motion_max": 0.2614041469983055,
      "texture": 3.0704827152705585,
      "edge": 0.027530864197530862,
      "noise": 0.029797352850437164,
      "entropy": 0.7258838936686516,
      "hf_energy": 5.0,
      "flatness": 0.8540805844907406,
      "luma_mean": 0.18544805850580973,
      "difficulty": 0.4396527816029696
    },
    {
      "index": 3,
      "start_sec": 12.0,
      "end_sec": 20.0,
      "duration": 8.0,
      "frame_count": 240,
      "motion": 0.0661008220996732,
      "motion_p90": 0.14877920146453633,
      "motion_max": 0.46826865468409584,
      "texture": 4.203031668751592,
      "edge": 0.014616608796296296,
      "noise": 0.10247382835950702,
      "entropy": 0.8699044957756996,
      "hf_energy": 5.0,
      "flatness": 0.8237873746141975,
      "luma_mean": 0.6039375018911886,
      "difficulty": 0.5414349815325165
    },
    {
      "index": 4,
      "start_sec": 20.0,
      "end_sec": 22.0,
      "duration": 2.0,
      "frame_count": 60,
      "motion": 0.06075162169420237,
      "motion_p90": 0.11514729786976513,
      "motion_max": 0.3288402172597434,
      "texture": 5.031295967619236,
      "edge": 0.04894434799382716,
      "noise": 0.05959470826201141,
      "entropy": 0.9068228453397751,
      "hf_energy": 5.0,
      "flatness": 0.6126531153549383,
      "luma_mean": 0.3833697670812152,
      "difficulty": 0.558697234927152
    },
    {
      "index": 5,
      "start_sec": 22.0,
      "end_sec": 29.933333333333334,
      "duration": 7.933333333333334,
      "frame_count": 238,
      "motion": 0.04312191547143549,
      "motion_p90": 0.09181976670297745,
      "motion_max": 0.2671482994432341,
      "texture": 3.1205961866533034,
      "edge": 0.02834490740740741,
      "noise": 0.031250882893800735,
      "entropy": 0.7500420063734055,
      "hf_energy": 5.0,
      "flatness": 0.8529955150462962,
      "luma_mean": 0.19915327610596706,
      "difficulty": 0.4483810183568342
    }
  ],
  "distributions": {
    "thresholds": {
      "high_complexity": 0.45,
      "low_complexity": 0.2
    },
    "metrics": {
      "motion_mean": {
        "mean": 0.0464625826764605,
        "max": 0.0661008220996732,
        "min": 0.008896008268276447,
        "p95": 0.0647635219983055,
        "variance": 0.00035521583420400105,
        "std": 0.018847170456171958
      },
      "motion_p90": {
        "mean": 0.09444053636629544,
        "max": 0.14877920146453633,
        "min": 0.01186284797869765,
        "p95": 0.14037122556584353,
        "variance": 0.0017471025745469263,
        "std": 0.04179835612254298
      },
      "motion_max": {
        "mean": 0.2762040920277576,
        "max": 0.46826865468409584,
        "min": 0.012005938332122972,
        "p95": 0.43341154532800774,
        "variance": 0.018606761387181012,
        "std": 0.13640660316561296
      },
      "texture": {
        "mean": 4.126914651316878,
        "max": 5.031295967619236,
        "min": 3.0704827152705585,
        "p95": 5.026579089545338,
        "variance": 0.6292108824404673,
        "std": 0.7932281402222612
      },
      "edge_density": {
        "mean": 0.030653533307613168,
        "max": 0.04990788966049383,
        "min": 0.014576581790123458,
        "p95": 0.04966700424382716,
        "variance": 0.00020600271237411518,
        "std": 0.01435279458412595
      },
      "noise_level": {
        "mean": 0.04566505022618609,
        "max": 0.10247382835950702,
        "min": 0.003633823653217405,
        "p95": 0.09175404833513312,
        "variance": 0.0009416547053066851,
        "std": 0.030686392836348247
      },
      "high_freq_energy": {
        "mean": 4.9919151517489615,
        "max": 5.0,
        "min": 4.951490910493767,
        "p95": 5.0,
        "variance": 0.0003268238562116255,
        "std": 0.018078270277093036
      },
      "flatness": {
        "mean": 0.7602161297582306,
        "max": 0.8540805844907406,
        "min": 0.6126531153549383,
        "p95": 0.8538093171296295,
        "variance": 0.011164409275588214,
        "std": 0.10566176827778444
      },
      "entropy": {
        "mean": 0.8433941428860029,
        "max": 0.916262149810791,
        "min": 0.7258838936686516,
        "p95": 0.913902323693037,
        "variance": 0.005811389952349138,
        "std": 0.07623247308299225
      },
      "difficulty": {
        "mean": 0.480760463241678,
        "max": 0.558697234927152,
        "min": 0.34743034555765895,
        "p95": 0.5562645305635981,
        "variance": 0.005820463327594993,
        "std": 0.07629196109417423
      }
    },
    "high_complexity_ratio": 0.6013363028953229,
    "low_complexity_ratio": 0.0,
    "high_complexity_segment_ratio": 0.5,
    "low_complexity_segment_ratio": 0.0,
    "scene_complexity_histogram": {
      "bins": [
        0.0,
        0.2,
        0.4,
        0.6,
        0.8,
        1.0
      ],
      "counts": [
        0,
        1,
        5,
        0,
        0
      ],
      "fractions": [
        0.0,
        0.16666666666666666,
        0.8333333333333334,
        0.0,
        0.0
      ]
    },
    "worst_segment_index": 4
  },
  "summary_raw": {
    "segment_count": 6.0,
    "cut_count": 5.0,
    "cut_rate": 0.16703786191536749,
    "hard_fraction": 0.6013363028953229,
    "worst_difficulty": 0.558697234927152,