{
  "video": "74.mp4",
  "path": "/root/terry/videos/74.mp4",
  "extracted_at": "2026-07-17T18:39:50Z",
  "elapsed_sec": 15.583,
  "meta": {
    "path": "/root/terry/videos/74.mp4",
    "width": 3840,
    "height": 2160,
    "fps": 30.0,
    "frame_count": 900,
    "duration": 30.0,
    "detail_scale": 0.25,
    "texture_compensation": 16.0,
    "scene_spans_provided": false
  },
  "cut_times_sec": [
    4.0,
    10.0,
    14.0,
    20.0,
    24.0
  ],
  "global": {
    "mean_motion": 0.05650072703592754,
    "mean_texture": 4.393954460880692,
    "mean_noise": 0.05523411907876532,
    "mean_edge": 0.06431576324588477,
    "mean_entropy": 0.8135961691538494,
    "mean_hf_energy": 4.986398604922927,
    "mean_flatness": 0.6935293370627572,
    "mean_luma": 0.3776671286840354,
    "mean_difficulty": 0.502502605383602,
    "motion_p90": 0.14791509244129747,
    "motion_level": 0.5049760024603064,
    "texture_level": 0.5100972475342589,
    "noise_level_norm": 0.5350374427724125,
    "edge_level": 0.5751940636889747,
    "segment_count": 6,
    "cut_count": 5,
    "cut_rate": 0.16666666666666666,
    "hard_fraction": 0.8666666666666667,
    "worst_difficulty": 0.6201239061132349,
    "volatility": 0.5409950816749741,
    "duration": 30.0,
    "fps": 30.0,
    "width": 3840,
    "height": 2160,
    "n_segments": 6
  },
  "segments": [
    {
      "index": 0,
      "start_sec": 0.0,
      "end_sec": 4.0,
      "duration": 4.0,
      "frame_count": 120,
      "motion": 0.006997939550048415,
      "motion_p90": 0.009956914941902687,
      "motion_max": 0.010246489954006293,
      "texture": 3.3129563114228935,
      "edge": 0.013146701388888888,
      "noise": 0.0,
      "entropy": 0.7107023447751999,
      "hf_energy": 4.897989536921951,
      "flatness": 0.8595138888888889,
      "luma_mean": 0.21704169881687244,
      "difficulty": 0.2888649143952282
    },
    {
      "index": 1,
      "start_sec": 4.0,
      "end_sec": 10.0,
      "duration": 6.0,
      "frame_count": 180,
      "motion": 0.08611049458363593,
      "motion_p90": 0.1409069391491164,
      "motion_max": 0.3474771393125151,
      "texture": 5.2993851990001,
      "edge": 0.10488353587962965,
      "noise": 0.07485676754731685,
      "entropy": 0.955453135073185,
      "hf_energy": 5.0,
      "flatness": 0.5728959297839507,
      "luma_mean": 0.4468906997019487,
      "difficulty": 0.6094963517163894
    },
    {
      "index": 2,
      "start_sec": 10.0,
      "end_sec": 14.0,
      "duration": 4.0,
      "frame_count": 120,
      "motion": 0.049289792498789634,
      "motion_p90": 0.08665354862624057,
      "motion_max": 0.2301799352457032,
      "texture": 4.537590185361193,
      "edge": 0.07370418595679012,
      "noise": 0.03851853095693514,
      "entropy": 0.8275531232357025,
      "hf_energy": 5.0,
      "flatness": 0.6594837480709876,
      "luma_mean": 0.505581171704793,
      "difficulty": 0.515942374777082
    },
    {
      "index": 3,
      "start_sec": 14.0,
      "end_sec": 20.0,
      "duration": 6.0,
      "frame_count": 180,
      "motion": 0.054140300661159525,
      "motion_p90": 0.12523605286250297,
      "motion_max": 0.40372524812394095,
      "texture": 3.3513606416332666,
      "edge": 0.014169560185185186,
      "noise": 0.07994411885738373,
      "entropy": 0.6174091845750809,
      "hf_energy": 5.0,
      "flatness": 0.8413404224537038,
      "luma_mean": 0.1523565609114016,
      "difficulty": 0.47168174460772416
    },
    {
      "index": 4,
      "start_sec": 20.0,
      "end_sec": 24.0,
      "duration": 4.0,
      "frame_count": 120,
      "motion": 0.08298907744038973,
      "motion_p90": 0.14791509244129747,
      "motion_max": 0.3856736943234084,
      "texture": 5.261333563793748,
      "edge": 0.10578534915123457,
      "noise": 0.09665970818605274,
      "entropy": 0.948712944984436,
      "hf_energy": 5.0,
      "flatness": 0.574002700617284,
      "luma_mean": 0.43733071403715806,
      "difficulty": 0.6201239061132349
    },
    {
      "index": 5,
      "start_sec": 24.0,
      "end_sec": 30.0,
      "duration": 6.0,
      "frame_count": 180,
      "motion": 0.04940163360869039,
      "motion_p90": 0.08448162142943594,
      "motion_max": 0.2193073181433067,
      "texture": 4.5777730900515365,
      "edge": 0.0741015625,
      "noise": 0.031250882893800735,
      "entropy": 0.8371395841240883,
      "hf_energy": 5.0,
      "flatness": 0.6580767746913581,
      "luma_mean": 0.5157859931009441,
      "difficulty": 0.5089063406919534
    }
  ],
  "distributions": {
    "thresholds": {
      "high_complexity": 0.45,
      "low_complexity": 0.2
    },
    "metrics": {
      "motion_mean": {
        "mean": 0.054821539723785596,
        "max": 0.08611049458363593,
        "min": 0.006997939550048415,
        "p95": 0.08533014029782438,
        "variance": 0.000686657551188948,
        "std": 0.026204151411349845
      },
      "motion_p90": {
        "mean": 0.09919169490841599,
        "max": 0.14791509244129747,
        "min": 0.009956914941902687,
        "p95": 0.1461630541182522,
        "variance": 0.0021881461633452277,
        "std": 0.04677762460135431
      },
      "motion_max": {
        "mean": 0.26610163751714677,
        "max": 0.40372524812394095,
        "min": 0.010246489954006293,
        "p95": 0.3992123596738078,
        "variance": 0.018133606802012325,
        "std": 0.1346610812447766
      },
      "texture": {
        "mean": 4.390066498543789,
        "max": 5.2993851990001,
        "min": 3.3129563114228935,
        "p95": 5.289872290198512,
        "variance": 0.6470066688393866,
        "std": 0.8043672474929512
      },
      "edge_density": {
        "mean": 0.06429848251028807,
        "max": 0.10578534915123457,
        "min": 0.013146701388888888,
        "p95": 0.10555989583333333,
        "variance": 0.0014470479767753237,
        "std": 0.03804008381661801
      },
      "noise_level": {
        "mean": 0.053538334740248196,
        "max": 0.09665970818605274,
        "min": 0.0,
        "p95": 0.09248081085388549,
        "variance": 0.0010999786937164354,
        "std": 0.03316592669768833
      },
      "high_freq_energy": {
        "mean": 4.9829982561536585,
        "max": 5.0,
        "min": 4.897989536921951,
        "p95": 5.0,
        "variance": 0.0014452964690830478,
        "std": 0.038017054976458235
      },
      "flatness": {
        "mean": 0.6942189107510289,
        "max": 0.8595138888888889,
        "min": 0.5728959297839507,
        "p95": 0.8549705222800926,
        "variance": 0.013441859569716559,
        "std": 0.11593903384846951
      },
      "entropy": {
        "mean": 0.8161617194612821,
        "max": 0.955453135073185,
        "min": 0.6174091845750809,
        "p95": 0.9537680875509977,
        "variance": 0.014694335094915148,
        "std": 0.12122019260385271
      },
      "difficulty": {
        "mean": 0.502502605383602,
        "max": 0.6201239061132349,
        "min": 0.2888649143952282,
        "p95": 0.6174670175140236,
        "variance": 0.012015842639452478,
        "std": 0.10961679907501623
      }
    },
    "high_complexity_ratio": 0.8666666666666667,
    "low_complexity_ratio": 0.0,
    "high_complexity_segment_ratio": 0.8333333333333334,
    "low_complexity_segment_ratio": 0.0,
    "scene_complexity_histogram": {
      "bins": [
        0.0,
        0.2,
        0.4,
        0.6,
        0.8,
        1.0
      ],
      "counts": [
        0,
        1,
        3,
        2,
        0
      ],
      "fractions": [
        0.0,
        0.16666666666666666,
        0.5,
        0.3333333333333333,
        0.0
      ]
    },
    "worst_segment_index": 4
  },
  "summary_raw": {
    "segment_count": 6.0,
    "cut_count": 5.0,
    "cut_rate": 0.16666666666666666,
    "hard_fraction": 0.8666666666666667,
    "worst_difficulty": 0.6201239061132349,
    "difficulty_mean": 0.502502605383602,
    "difficulty_p90": 0.6148101289148121,