{
  "video": "75.mp4",
  "path": "/root/terry/videos/75.mp4",
  "extracted_at": "2026-07-17T18:40:06Z",
  "elapsed_sec": 15.696,
  "meta": {
    "path": "/root/terry/videos/75.mp4",
    "width": 3840,
    "height": 2160,
    "fps": 30.0,
    "frame_count": 899,
    "duration": 29.966666666666665,
    "detail_scale": 0.25,
    "texture_compensation": 16.0,
    "scene_spans_provided": false
  },
  "cut_times_sec": [
    1.0,
    10.0,
    11.0,
    20.0,
    21.0
  ],
  "global": {
    "mean_motion": 0.049595464491817474,
    "mean_texture": 4.122055159408612,
    "mean_noise": 0.05340063260327942,
    "mean_edge": 0.03086496838479655,
    "mean_entropy": 0.8414886087527265,
    "mean_hf_energy": 4.987398929365963,
    "mean_flatness": 0.7600555755108556,
    "mean_luma": 0.3843449392136651,
    "mean_difficulty": 0.47724404316657637,
    "motion_p90": 0.1389923626240619,
    "motion_level": 0.4894228891924625,
    "texture_level": 0.49412945379047746,
    "noise_level_norm": 0.5266301721430521,
    "edge_level": 0.3938618112271785,
    "segment_count": 6,
    "cut_count": 5,
    "cut_rate": 0.16685205784204674,
    "hard_fraction": 0.6340378197997776,
    "worst_difficulty": 0.5550631052343684,
    "volatility": 0.49093037448772026,
    "duration": 29.966666666666665,
    "fps": 30.0,
    "width": 3840,
    "height": 2160,
    "n_segments": 6
  },
  "segments": [
    {
      "index": 0,
      "start_sec": 0.0,
      "end_sec": 1.0,
      "duration": 1.0,
      "frame_count": 30,
      "motion": 0.008897027618917938,
      "motion_p90": 0.012258544389978213,
      "motion_max": 0.012458469498910675,
      "texture": 4.432051050822777,
      "edge": 0.01498167438271605,
      "noise": 0.003633823653217405,
      "entropy": 0.8670180290937424,
      "hf_energy": 5.0,
      "flatness": 0.7863110050154322,
      "luma_mean": 0.5626805990528928,
      "difficulty": 0.3472601937496805
    },
    {
      "index": 1,
      "start_sec": 1.0,
      "end_sec": 10.0,
      "duration": 9.0,
      "frame_count": 270,
      "motion": 0.049456334347010404,
      "motion_p90": 0.1052626777717259,
      "motion_max": 0.3087955095618494,
      "texture": 4.932331915089521,
      "edge": 0.04946855709876543,
      "noise": 0.05378058867063373,
      "entropy": 0.9155698195099831,
      "hf_energy": 5.0,
      "flatness": 0.6205054012345679,
      "luma_mean": 0.372341855974643,
      "difficulty": 0.5495701556293899
    },
    {
      "index": 2,
      "start_sec": 10.0,
      "end_sec": 11.0,
      "duration": 1.0,
      "frame_count": 30,
      "motion": 0.04413651639282257,
      "motion_p90": 0.0880432053376906,
      "motion_max": 0.25792144759138225,
      "texture": 3.06209411960271,
      "edge": 0.028550829475308643,
      "noise": 0.031250882893800735,
      "entropy": 0.7438935041427612,
      "hf_energy": 5.0,
      "flatness": 0.8530191454475309,
      "luma_mean": 0.1929237274192084,
      "difficulty": 0.444222886179606
    },
    {
      "index": 3,
      "start_sec": 11.0,
      "end_sec": 20.0,
      "duration": 9.0,
      "frame_count": 270,
      "motion": 0.06139486220800048,
      "motion_p90": 0.1389923626240619,
      "motion_max": 0.4346657286371338,
      "texture": 4.303921376037737,
      "edge": 0.014758632330246914,
      "noise": 0.08939205424394459,
      "entropy": 0.8746699169278145,
      "hf_energy": 4.958043101851851,
      "flatness": 0.8086610243055555,
      "luma_mean": 0.5894077761891794,
      "difficulty": 0.5352476609259218
    },
    {
      "index": 4,
      "start_sec": 20.0,
      "end_sec": 21.0,
      "duration": 1.0,
      "frame_count": 30,
      "motion": 0.05666985521060276,
      "motion_p90": 0.11269204944323405,
      "motion_max": 0.3298243690994917,
      "texture": 4.944738404338031,
      "edge": 0.0503858024691358,
      "noise": 0.055234118131920695,
      "entropy": 0.9133815243840218,
      "hf_energy": 5.0,
      "flatness": 0.6191994598765431,
      "luma_mean": 0.37197124258654074,
      "difficulty": 0.5550631052343684
    },
    {
      "index": 5,
      "start_sec": 21.0,
      "end_sec": 29.966666666666665,
      "duration": 8.966666666666665,
      "frame_count": 269,
      "motion": 0.042250548444686516,
      "motion_p90": 0.08361854499515853,
      "motion_max": 0.24058429405712903,
      "texture": 3.1181140983683173,
      "edge": 0.028210841049382714,
      "noise": 0.024710001423954964,
      "entropy": 0.7338466122746468,
      "hf_energy": 5.0,
      "flatness": 0.8537514467592593,
      "luma_mean": 0.19340681262860082,
      "difficulty": 0.4321002572804918
    }
  ],
  "distributions": {
    "thresholds": {
      "high_complexity": 0.45,
      "low_complexity": 0.2
    },
    "metrics": {
      "motion_mean": {
        "mean": 0.04380085737034011,
        "max": 0.06139486220800048,
        "min": 0.008897027618917938,
        "p95": 0.06021361045865105,
        "variance": 0.0002879896645890913,
        "std": 0.016970258235780952
      },
      "motion_p90": {
        "mean": 0.09014456409364154,
        "max": 0.1389923626240619,
        "min": 0.012258544389978213,
        "p95": 0.13241728432885494,
        "variance": 0.0015393817628694196,
        "std": 0.03923495587953961
      },
      "motion_max": {
        "mean": 0.2640416364076495,
        "max": 0.4346657286371338,
        "min": 0.012458469498910675,
        "p95": 0.4084553887527233,
        "variance": 0.016554108570828462,
        "std": 0.12866277072575602
      },
      "texture": {
        "mean": 4.132208494043183,
        "max": 4.944738404338031,
        "min": 3.06209411960271,
        "p95": 4.9416367820259035,
        "variance": 0.598887572408824,
        "std": 0.7738782671769663
      },
      "edge_density": {
        "mean": 0.031059389467592586,
        "max": 0.0503858024691358,
        "min": 0.014758632330246914,
        "p95": 0.050156491126543204,
        "variance": 0.00020850373321763444,
        "std": 0.01443965834836941
      },
      "noise_level": {
        "mean": 0.04300024483624535,
        "max": 0.08939205424394459,
        "min": 0.003633823653217405,
        "p95": 0.08085257021593861,
        "variance": 0.0007400631793362525,
        "std": 0.02720410225198127
      },
      "high_freq_energy": {
        "mean": 4.993007183641975,
        "max": 5.0,
        "min": 4.958043101851851,
        "p95": 5.0,
        "variance": 0.0002444974030852941,
        "std": 0.015636412730715893
      },
      "flatness": {
        "mean": 0.7569079137731481,
        "max": 0.8537514467592593,
        "min": 0.6191994598765431,
        "p95": 0.8535683714313271,
        "variance": 0.009954704776835244,
        "std": 0.09977326684455734
      },
      "entropy": {
        "mean": 0.8413965677221616,
        "max": 0.9155698195099831,
        "min": 0.7338466122746468,
        "p95": 0.9150227457284927,
        "variance": 0.005586820106782866,
        "std": 0.07474503399412476
      },
      "difficulty": {
        "mean": 0.47724404316657637,
        "max": 0.5550631052343684,
        "min": 0.3472601937496805,
        "p95": 0.5536898678331238,
        "variance": 0.005779241993397956,
        "std": 0.07602132591186474
      }
    },
    "high_complexity_ratio": 0.6340378197997776,
    "low_complexity_ratio": 0.0,
    "high_complexity_segment_ratio": 0.5,
    "low_complexity_segment_ratio": 0.0,
    "scene_complexity_histogram": {
      "bins": [
        0.0,
        0.2,
        0.4,
        0.6,
        0.8,
        1.0
      ],
      "counts": [
        0,
        1,
        5,
        0,
        0
      ],
      "fractions": [
        0.0,
        0.16666666666666666,
        0.8333333333333334,
        0.0,
        0.0
      ]
    },
    "worst_segment_index": 4
  },
  "summary_raw": {
    "segment_count": 6.0,
    "cut_count": 5.0,
    "cut_rate": 0.16685205784204674,
    "hard_fraction": 0.6340378197997776,
    "worst_difficulty": 0.5550631052343684,