{
  "video": "7adc1f92-96fe-4e57-80db-e39c8d3e29f9.mp4",
  "path": "/root/workspace/raw videos/7adc1f92-96fe-4e57-80db-e39c8d3e29f9.mp4",
  "extracted_at": "2026-07-21T16:08:24Z",
  "elapsed_sec": 69.547,
  "meta": {
    "path": "../raw videos/7adc1f92-96fe-4e57-80db-e39c8d3e29f9.mp4",
    "width": 3840,
    "height": 2160,
    "fps": 30.0,
    "frame_count": 899,
    "duration": 29.966666666666665,
    "detail_scale": 0.25,
    "texture_compensation": 16.0,
    "scene_spans_provided": true,
    "scene_detect": {
      "detector": "content",
      "ok": true,
      "error": "",
      "detect_sec": 17.711,
      "n_scenes": 8
    },
    "samples_per_segment": 16,
    "si_ti_agg": "mean"
  },
  "cut_times_sec": [
    6.0,
    9.966667,
    15.966667,
    19.966667,
    22.633333,
    23.2,
    25.966667
  ],
  "global": {
    "mean_motion": 0.04539355130676376,
    "mean_texture": 4.828292368232321,
    "mean_noise": 0.019024501451480463,
    "mean_edge": 0.0908358429805408,
    "mean_entropy": 0.8422318627657959,
    "mean_hf_energy": 4.9657507363668785,
    "mean_flatness": 0.5094768765545823,
    "mean_luma": 0.2641153270869962,
    "mean_difficulty": 0.46100090569527463,
    "motion_p90": 0.07618905077463084,
    "motion_level": 0.3444521801952111,
    "texture_level": 0.5336136556754055,
    "noise_level_norm": 0.2838439830134722,
    "edge_level": 0.656632735402627,
    "segment_count": 8,
    "cut_count": 7,
    "cut_rate": 0.2335928809788654,
    "hard_fraction": 0.44160177975528364,
    "worst_difficulty": 0.5540645558669051,
    "volatility": 0.531458814720346,
    "duration": 29.966666666666665,
    "fps": 30.0,
    "width": 3840,
    "height": 2160,
    "n_segments": 8
  },
  "segments": [
    {
      "index": 0,
      "start_sec": 0.0,
      "end_sec": 6.0,
      "duration": 6.0,
      "frame_count": 180,
      "motion": 0.05771882848432582,
      "motion_p90": 0.07104125816993465,
      "motion_max": 0.07914156681190995,
      "texture": 5.756674312734652,
      "edge": 0.1727750048225309,
      "noise": 0.013808529794914648,
      "entropy": 0.9314588382840157,
      "hf_energy": 5.0,
      "flatness": 0.1944240692515432,
      "si": 105.10009935596325,
      "ti": 35.862596781436054,
      "luma_mean": 0.3790921292513919,
      "sat_mean": 0.41669918092622854,
      "difficulty": 0.5396055891694693
    },
    {
      "index": 1,
      "start_sec": 6.0,
      "end_sec": 9.966666666666667,
      "duration": 3.966666666666667,
      "frame_count": 119,
      "motion": 0.03312097602351126,
      "motion_p90": 0.02361829006293876,
      "motion_max": 0.32529999546114746,
      "texture": 3.8042772929368605,
      "edge": 0.01832935474537037,
      "noise": 0.030160735914250836,
      "entropy": 0.6818240433931351,
      "hf_energy": 4.741259764653982,
      "flatness": 0.8293366608796295,
      "si": 56.707966773907714,
      "ti": 18.315618562937853,
      "luma_mean": 0.13121323009334906,
      "sat_mean": 0.8086248770727427,
      "difficulty": 0.3750911818081374
    },
    {
      "index": 2,
      "start_sec": 9.966666666666667,
      "end_sec": 15.966666666666667,
      "duration": 6.0,
      "frame_count": 180,
      "motion": 0.02947522779366376,
      "motion_p90": 0.020534529320987656,
      "motion_max": 0.23793007897603485,
      "texture": 4.037375583929972,
      "edge": 0.025786434220679014,
      "noise": 0.013445147138554603,
      "entropy": 0.8551487550139427,
      "hf_energy": 5.0,
      "flatness": 0.6910487798996914,
      "si": 67.30937638273062,
      "ti": 28.60707592325549,
      "luma_mean": 0.26416838622987776,
      "sat_mean": 0.4503520286779836,
      "difficulty": 0.3905788668648774
    },
    {
      "index": 3,
      "start_sec": 15.966666666666667,
      "end_sec": 19.966666666666665,
      "duration": 3.9999999999999982,
      "frame_count": 120,
      "motion": 0.05258949482570806,
      "motion_p90": 0.06019882443718228,
      "motion_max": 0.24978553921568628,
      "texture": 5.703888586205679,
      "edge": 0.17492332175925926,
      "noise": 0.02907058864366263,
      "entropy": 0.9332701712846756,
      "hf_energy": 5.0,
      "flatness": 0.1898851032021605,
      "si": 106.68677894546481,
      "ti": 30.33174368569436,
      "luma_mean": 0.39085435814950975,
      "sat_mean": 0.40894013017050956,
      "difficulty": 0.5540645558669051
    },
    {
      "index": 4,
      "start_sec": 19.966666666666665,
      "end_sec": 22.633333333333333,
      "duration": 2.666666666666668,
      "frame_count": 80,
      "motion": 0.08715585095921084,
      "motion_p90": 0.07618905077463084,
      "motion_max": 0.3382502723311547,
      "texture": 5.668658385065024,
      "edge": 0.1370113570601852,
      "noise": 0.033067795127863064,
      "entropy": 0.80350212007761,
      "hf_energy": 5.0,
      "flatness": 0.4472853973765432,
      "si": 101.4726007693925,
      "ti": 34.64752709667702,
      "luma_mean": 0.17414976605997337,
      "sat_mean": 0.6328517648571774,
      "difficulty": 0.5344156132339001
    },
    {
      "index": 5,
      "start_sec": 22.633333333333333,
      "end_sec": 23.2,
      "duration": 0.5666666666666664,
      "frame_count": 17,
      "motion": 0.05951151053013798,
      "motion_p90": 0.06264060306221253,
      "motion_max": 0.06401932794722827,
      "texture": 5.608587764795049,
      "edge": 0.12384413580246914,
      "noise": 0.003488470707088709,
      "entropy": 0.7611961722373962,
      "hf_energy": 5.0,
      "flatness": 0.48197376543209874,
      "si": 97.41649009235532,
      "ti": 30.998794358575033,
      "luma_mean": 0.130287102093924,
      "sat_mean": 0.6547547143548778,
      "difficulty": 0.4621192206773692
    },
    {
      "index": 6,
      "start_sec": 23.2,
      "end_sec": 25.966666666666665,
      "duration": 2.7666666666666657,
      "frame_count": 83,
      "motion": 0.04279437153912491,
      "motion_p90": 0.062439614348825945,
      "motion_max": 0.06304830852093925,
      "texture": 4.85764809012819,
      "edge": 0.07739354263117285,
      "noise": 0.000726764730643481,
      "entropy": 0.749444305896759,
      "hf_energy": 5.0,
      "flatness": 0.6277205102237655,
      "si": 84.00731777082484,
      "ti": 30.864790389822524,
      "luma_mean": 0.14339787203461635,
      "sat_mean": 0.7309450453696139,
      "difficulty": 0.42756027083235804
    },
    {
      "index": 7,
      "start_sec": 25.966666666666665,
      "end_sec": 29.966666666666665,
      "duration": 4.0,
      "frame_count": 120,
      "motion": 0.027713669794692572,
      "motion_p90": 0.02084699527959332,
      "motion_max": 0.22833190359477123,
      "texture": 4.070889792914162,
      "edge": 0.027153742283950618,
      "noise": 0.01962264717440121,
      "entropy": 0.8585267849266529,
      "hf_energy": 5.0,
      "flatness": 0.6756677999614198,
      "si": 68.38657763697228,
      "ti": 25.848503196919616,
      "luma_mean": 0.25905836255219683,
      "sat_mean": 0.4406697710527112,
      "difficulty": 0.40457194710918093
    }
  ],
  "distributions": {
    "thresholds": {
      "high_complexity": 0.45,
      "low_complexity": 0.2
    },
    "metrics": {
      "motion_mean": {
        "mean": 0.0487599912437969,
        "max": 0.08715585095921084,
        "min": 0.027713669794692572,
        "p95": 0.07748033180903532,
        "variance": 0.0003474725295030233,
        "std": 0.01864061505162915
      },
      "motion_p90": {
        "mean": 0.04968864568203825,
        "max": 0.07618905077463084,
        "min": 0.020534529320987656,
        "p95": 0.07438732336298717,
        "variance": 0.000495059566293869,
        "std": 0.022249934073921857
      },
      "motion_max": {
        "mean": 0.19822587410735898,
        "max": 0.3382502723311547,
        "min": 0.06304830852093925,
        "p95": 0.33371767542665215,
        "variance": 0.011420162986468264,
        "std": 0.10686516264184631
      },
      "texture": {
        "mean": 4.938499976088698,