{
  "video": "8.mp4",
  "path": "/root/terry/videos/8.mp4",
  "extracted_at": "2026-07-17T18:20:42Z",
  "elapsed_sec": 18.861,
  "meta": {
    "path": "/root/terry/videos/8.mp4",
    "width": 3840,
    "height": 2160,
    "fps": 30.0,
    "frame_count": 900,
    "duration": 30.0,
    "detail_scale": 0.25,
    "texture_compensation": 16.0,
    "scene_spans_provided": false
  },
  "cut_times_sec": [
    6.0,
    10.0,
    16.0,
    20.0,
    26.0
  ],
  "global": {
    "mean_motion": 0.05327229150276366,
    "mean_texture": 3.9797467584894157,
    "mean_noise": 0.05528256791100527,
    "mean_edge": 0.05604248649691359,
    "mean_entropy": 0.8799006685614587,
    "mean_hf_energy": 4.485999893954241,
    "mean_flatness": 0.6673405671296296,
    "mean_luma": 0.38176227337256924,
    "mean_difficulty": 0.5139670547633752,
    "motion_p90": 0.14600709649600574,
    "motion_level": 0.5017303641528542,
    "texture_level": 0.4853499596641907,
    "noise_level_norm": 0.5352555521144691,
    "edge_level": 0.5412511172269764,
    "segment_count": 6,
    "cut_count": 5,
    "cut_rate": 0.16666666666666666,
    "hard_fraction": 0.8,
    "worst_difficulty": 0.6158343391442932,
    "volatility": 0.5002318330039774,
    "duration": 30.0,
    "fps": 30.0,
    "width": 3840,
    "height": 2160,
    "n_segments": 6
  },
  "segments": [
    {
      "index": 0,
      "start_sec": 0.0,
      "end_sec": 6.0,
      "duration": 6.0,
      "frame_count": 180,
      "motion": 0.02054158439996369,
      "motion_p90": 0.04149924730694747,
      "motion_max": 0.05199816176470588,
      "texture": 3.3821133593459756,
      "edge": 0.020962336033950618,
      "noise": 0.022529706126078963,
      "entropy": 0.8383394926786423,
      "hf_energy": 4.603388083345896,
      "flatness": 0.8253216628086419,
      "luma_mean": 0.2817305954596344,
      "difficulty": 0.4056114731955839
    },
    {
      "index": 1,
      "start_sec": 6.0,
      "end_sec": 10.0,
      "duration": 4.0,
      "frame_count": 120,
      "motion": 0.05886952595467199,
      "motion_p90": 0.10323379629629625,
      "motion_max": 0.2650489061365287,
      "texture": 5.074174155434188,
      "edge": 0.14048273533950617,
      "noise": 0.04869323596358299,
      "entropy": 0.9445711597800255,
      "hf_energy": 5.0,
      "flatness": 0.4132923418209877,
      "luma_mean": 0.44529439092380774,
      "difficulty": 0.5844992754240771
    },
    {
      "index": 2,
      "start_sec": 10.0,
      "end_sec": 16.0,
      "duration": 6.0,
      "frame_count": 180,
      "motion": 0.058617158186577104,
      "motion_p90": 0.11665659495279587,
      "motion_max": 0.3050840746792544,
      "texture": 3.583830583714149,
      "edge": 0.01689429012345679,
      "noise": 0.06468205858254805,
      "entropy": 0.9026112854480743,
      "hf_energy": 4.096853809676051,
      "flatness": 0.7346918402777778,
      "luma_mean": 0.528884298028625,
      "difficulty": 0.5093893250922846
    },
    {
      "index": 3,
      "start_sec": 16.0,
      "end_sec": 20.0,
      "duration": 4.0,
      "frame_count": 120,
      "motion": 0.048614801765613655,
      "motion_p90": 0.10055406302953276,
      "motion_max": 0.27565429829339144,
      "texture": 3.1883851262208145,
      "edge": 0.015504436728395063,
      "noise": 0.0545073525281623,
      "entropy": 0.7444577440619469,
      "hf_energy": 4.367789953087521,
      "flatness": 0.860618007330247,
      "luma_mean": 0.14320027876119584,
      "difficulty": 0.4581325300807332
    },
    {
      "index": 4,
      "start_sec": 20.0,
      "end_sec": 26.0,
      "duration": 6.0,
      "frame_count": 180,
      "motion": 0.07714202353395062,
      "motion_p90": 0.14600709649600574,
      "motion_max": 0.37003726397966596,
      "texture": 4.959433677425375,
      "edge": 0.12693479938271607,
      "noise": 0.07631029072217643,
      "entropy": 0.9312567189335823,
      "hf_energy": 5.0,
      "flatness": 0.4448350694444445,
      "luma_mean": 0.45145532350671747,
      "difficulty": 0.6158343391442932
    },
    {
      "index": 5,
      "start_sec": 26.0,
      "end_sec": 30.0,
      "duration": 4.0,
      "frame_count": 120,
      "motion": 0.05760670936970467,
      "motion_p90": 0.11701410448438629,
      "motion_max": 0.32257977033405955,
      "texture": 3.6974749762873635,
      "edge": 0.017144338348765432,
      "noise": 0.06613558769458905,
      "entropy": 0.9019148647785187,
      "hf_energy": 3.726846412036367,
      "flatness": 0.7238710455246914,
      "luma_mean": 0.3816170551167998,
      "difficulty": 0.5103353856432797
    }
  ],
  "distributions": {
    "thresholds": {
      "high_complexity": 0.45,
      "low_complexity": 0.2
    },
    "metrics": {
      "motion_mean": {
        "mean": 0.053565300535080296,
        "max": 0.07714202353395062,
        "min": 0.02054158439996369,
        "p95": 0.07257389913913097,
        "variance": 0.000290154031867687,
        "std": 0.017033908296914334
      },
      "motion_p90": {
        "mean": 0.1041608170943274,
        "max": 0.14600709649600574,
        "min": 0.04149924730694747,
        "p95": 0.13875884849310088,
        "variance": 0.001002133821907591,
        "std": 0.03165649730951912
      },
      "motion_max": {
        "mean": 0.2650670791979343,
        "max": 0.37003726397966596,
        "min": 0.05199816176470588,
        "p95": 0.35817289056826435,
        "variance": 0.010239710396130915,
        "std": 0.101191454165512
      },
      "texture": {
        "mean": 3.9809019797379785,
        "max": 5.074174155434188,
        "min": 3.1883851262208145,
        "p95": 5.045489035931985,
        "variance": 0.5628992780625858,
        "std": 0.7502661381553787
      },
      "edge_density": {
        "mean": 0.056320489326131686,
        "max": 0.14048273533950617,
        "min": 0.015504436728395063,
        "p95": 0.13709575135030866,
        "variance": 0.003012501596941364,
        "std": 0.05488626054798563
      },
      "noise_level": {
        "mean": 0.05547637193618963,
        "max": 0.07631029072217643,
        "min": 0.022529706126078963,
        "p95": 0.07376661496527959,
        "variance": 0.0002941414065725441,
        "std": 0.017150551203169655
      },
      "high_freq_energy": {
        "mean": 4.465813043024306,
        "max": 5.0,
        "min": 3.726846412036367,
        "p95": 5.0,
        "variance": 0.2135749042454572,
        "std": 0.46214164954638876
      },
      "flatness": {
        "mean": 0.667104994534465,
        "max": 0.860618007330247,
        "min": 0.4132923418209877,
        "p95": 0.8517939211998458,
        "variance": 0.030682491463435393,
        "std": 0.17516418430556913
      },
      "entropy": {
        "mean": 0.877191877613465,
        "max": 0.9445711597800255,
        "min": 0.7444577440619469,
        "p95": 0.9412425495684147,
        "variance": 0.004641367524345324,
        "std": 0.06812758269853206
      },
      "difficulty": {
        "mean": 0.5139670547633752,
        "max": 0.6158343391442932,
        "min": 0.4056114731955839,
        "p95": 0.6080005732142392,
        "variance": 0.005040718101907172,
        "std": 0.07099801477440881
      }
    },
    "high_complexity_ratio": 0.8,
    "low_complexity_ratio": 0.0,
    "high_complexity_segment_ratio": 0.8333333333333334,
    "low_complexity_segment_ratio": 0.0,
    "scene_complexity_histogram": {
      "bins": [
        0.0,
        0.2,
        0.4,
        0.6,
        0.8,
        1.0
      ],
      "counts": [
        0,
        0,
        5,
        1,
        0
      ],
      "fractions": [
        0.0,
        0.0,
        0.8333333333333334,
        0.16666666666666666,
        0.0
      ]
    },
    "worst_segment_index": 4
  },
  "summary_raw": {
    "segment_count": 6.0,
    "cut_count": 5.0,
    "cut_rate": 0.16666666666666666,
    "hard_fraction": 0.8,
    "worst_difficulty": 0.6158343391442932,
    "difficulty_mean": 0.5139670547633752,
    "difficulty_p90": 0.6001668072841851,