{
  "video": "83a672ff-4307-4f00-9e12-de19b18a260f.mp4",
  "path": "/root/workspace/raw videos/83a672ff-4307-4f00-9e12-de19b18a260f.mp4",
  "extracted_at": "2026-07-21T16:09:54Z",
  "elapsed_sec": 90.655,
  "meta": {
    "path": "../raw videos/83a672ff-4307-4f00-9e12-de19b18a260f.mp4",
    "width": 3840,
    "height": 2160,
    "fps": 30.0,
    "frame_count": 898,
    "duration": 29.933333333333334,
    "detail_scale": 0.25,
    "texture_compensation": 16.0,
    "scene_spans_provided": true,
    "scene_detect": {
      "detector": "content",
      "ok": true,
      "error": "",
      "detect_sec": 29.427,
      "n_scenes": 8
    },
    "samples_per_segment": 16,
    "si_ti_agg": "mean"
  },
  "cut_times_sec": [
    3.0,
    6.1,
    6.666667,
    9.966667,
    12.966667,
    19.933333,
    22.933333
  ],
  "global": {
    "mean_motion": 0.057381063198304876,
    "mean_texture": 4.965295510025991,
    "mean_noise": 0.024691655984054692,
    "mean_edge": 0.104757807586174,
    "mean_entropy": 0.8541626029073328,
    "mean_hf_energy": 4.999999999999999,
    "mean_flatness": 0.4651681941773614,
    "mean_luma": 0.2628906906694874,
    "mean_difficulty": 0.48581972293445863,
    "motion_p90": 0.09425283678286128,
    "motion_level": 0.3939465799036788,
    "texture_level": 0.5405700344214555,
    "noise_level_norm": 0.33967661968618434,
    "edge_level": 0.6880291345774421,
    "segment_count": 8,
    "cut_count": 7,
    "cut_rate": 0.23385300668151449,
    "hard_fraction": 0.5556792873051224,
    "worst_difficulty": 0.580845148214283,
    "volatility": 0.5474322553729619,
    "duration": 29.933333333333334,
    "fps": 30.0,
    "width": 3840,
    "height": 2160,
    "n_segments": 8
  },
  "segments": [
    {
      "index": 0,
      "start_sec": 0.0,
      "end_sec": 3.0,
      "duration": 3.0,
      "frame_count": 90,
      "motion": 0.07737937053679497,
      "motion_p90": 0.09425283678286128,
      "motion_max": 0.09788170993706123,
      "texture": 5.493388651773493,
      "edge": 0.19022798514660494,
      "noise": 0.01816911782952957,
      "entropy": 0.9402796551585197,
      "hf_energy": 5.0,
      "flatness": 0.2013228202160494,
      "si": 116.86605203098425,
      "ti": 38.498629600137505,
      "luma_mean": 0.3959848473243464,
      "sat_mean": 0.33927716692386833,
      "difficulty": 0.5638292158896443
    },
    {
      "index": 1,
      "start_sec": 3.0,
      "end_sec": 6.1,
      "duration": 3.0999999999999996,
      "frame_count": 93,
      "motion": 0.08512939559504357,
      "motion_p90": 0.07617474960663279,
      "motion_max": 0.331695223614137,
      "texture": 5.595298547933165,
      "edge": 0.13156864872685187,
      "noise": 0.03379456014954485,
      "entropy": 0.7943579740822315,
      "hf_energy": 5.0,
      "flatness": 0.45877688560956786,
      "si": 99.98332100406472,
      "ti": 35.050417941981756,
      "luma_mean": 0.16905480948166302,
      "sat_mean": 0.6302963766718107,
      "difficulty": 0.5318275816814001
    },
    {
      "index": 2,
      "start_sec": 6.1,
      "end_sec": 6.666666666666667,
      "duration": 0.5666666666666673,
      "frame_count": 17,
      "motion": 0.05979358685346567,
      "motion_p90": 0.06352570503510047,
      "motion_max": 0.06454515401839749,
      "texture": 5.609180123639372,
      "edge": 0.12532310956790124,
      "noise": 0.0019380392817159493,
      "entropy": 0.7631132900714874,
      "hf_energy": 5.0,
      "flatness": 0.48049447016460906,
      "si": 97.10957028754466,
      "ti": 31.106109187885313,
      "luma_mean": 0.13181735783305093,
      "sat_mean": 0.6536014244432341,
      "difficulty": 0.45912264697910043
    },
    {
      "index": 3,
      "start_sec": 6.666666666666667,
      "end_sec": 9.966666666666667,
      "duration": 3.3,
      "frame_count": 99,
      "motion": 0.039744779846738076,
      "motion_p90": 0.06106549564270153,
      "motion_max": 0.06304003267973855,
      "texture": 4.737913521888149,
      "edge": 0.07084346064814814,
      "noise": 0.0010901470959652215,
      "entropy": 0.7431915923953056,
      "hf_energy": 5.0,
      "flatness": 0.6502076099537037,
      "si": 81.1505824493567,
      "ti": 31.883827431158227,
      "luma_mean": 0.13909691537687607,
      "sat_mean": 0.7450260761808581,
      "difficulty": 0.42207874293940634
    },
    {
      "index": 4,
      "start_sec": 9.966666666666667,
      "end_sec": 12.966666666666667,
      "duration": 3.0,
      "frame_count": 90,
      "motion": 0.0287742582758412,
      "motion_p90": 0.018545717592592593,
      "motion_max": 0.24498552862503026,
      "texture": 4.116344113576593,
      "edge": 0.02951364776234568,
      "noise": 0.0250733828288503,
      "entropy": 0.8680899366736412,
      "hf_energy": 5.0,
      "flatness": 0.6557028838734569,
      "si": 69.51935510145174,
      "ti": 20.915809093774342,
      "luma_mean": 0.2596017166318688,
      "sat_mean": 0.4501363546961995,
      "difficulty": 0.4143759453472658
    },
    {
      "index": 5,
      "start_sec": 12.966666666666667,
      "end_sec": 19.933333333333334,
      "duration": 6.966666666666667,
      "frame_count": 209,
      "motion": 0.07849900334362139,
      "motion_p90": 0.08665033436213992,
      "motion_max": 0.26477214960058093,
      "texture": 5.586650632460225,
      "edge": 0.17970654899691357,
      "noise": 0.035611471510492265,
      "entropy": 0.9372560158371925,
      "hf_energy": 5.0,
      "flatness": 0.2044947193287037,
      "si": 112.03692233267395,
      "ti": 39.574956745612646,
      "luma_mean": 0.38175001985748,
      "sat_mean": 0.3727895130756778,
      "difficulty": 0.580845148214283
    },
    {
      "index": 6,
      "start_sec": 19.933333333333334,
      "end_sec": 22.933333333333334,
      "duration": 3.0,
      "frame_count": 90,
      "motion": 0.07052059031560154,
      "motion_p90": 0.059951445624546115,
      "motion_max": 0.29864383623819896,
      "texture": 5.264059794981598,
      "edge": 0.09753677179783951,
      "noise": 0.033067795127863064,
      "entropy": 0.720231257379055,
      "hf_energy": 5.0,
      "flatness": 0.5204108796296296,
      "si": 89.46880509033893,
      "ti": 31.329935472974928,
      "luma_mean": 0.12196280504871701,
      "sat_mean": 0.6298739480263557,
      "difficulty": 0.49463674049614353
    },
    {
      "index": 7,
      "start_sec": 22.933333333333334,
      "end_sec": 29.933333333333334,
      "duration": 7.0,
      "frame_count": 210,
      "motion": 0.030252216000211815,
      "motion_p90": 0.024200034797869766,
      "motion_max": 0.2386130325587025,
      "texture": 4.132437093632004,
      "edge": 0.031328125,
      "noise": 0.021802940871566534,
      "entropy": 0.8721583262085915,
      "hf_energy": 5.0,
      "flatness": 0.6467006655092592,
      "si": 70.48820652115896,
      "ti": 28.40316997430256,
      "luma_mean": 0.2598907422536916,
      "sat_mean": 0.45562790486564997,
      "difficulty": 0.41984176192842554
    }
  ],
  "distributions": {
    "thresholds": {
      "high_complexity": 0.45,
      "low_complexity": 0.2
    },
    "metrics": {
      "motion_mean": {
        "mean": 0.05876165009591478,
        "max": 0.08512939559504357,
        "min": 0.0287742582758412,
        "p95": 0.0828087583070458,
        "variance": 0.0004555563817012462,
        "std": 0.021343766811442778
      },
      "motion_p90": {
        "mean": 0.06054578993055556,
        "max": 0.09425283678286128,
        "min": 0.018545717592592593,
        "p95": 0.0915919609356088,
        "variance": 0.0006445499817264298,
        "std": 0.02538798892638859
      },
      "motion_max": {
        "mean": 0.20052208340898087,
        "max": 0.331695223614137,
        "min": 0.06304003267973855,
        "p95": 0.32012723803255866,
        "variance": 0.0102895432910571,
        "std": 0.10143738606183177
      },
      "texture": {
        "mean": 5.066909059985575,
        "max": 5.609180123639372,
        "min": 4.116344113576593,