{
  "video": "8506a71f-aa63-47cd-bf1a-07b01d8be370.mp4",
  "path": "/root/workspace/vidaio-mining/s3_videos/compression/8506a71f-aa63-47cd-bf1a-07b01d8be370.mp4",
  "extracted_at": "2026-07-21T07:54:27Z",
  "elapsed_sec": 22.832,
  "meta": {
    "path": "s3_videos/compression/8506a71f-aa63-47cd-bf1a-07b01d8be370.mp4",
    "width": 3840,
    "height": 2160,
    "fps": 30.0,
    "frame_count": 899,
    "duration": 29.966666666666665,
    "detail_scale": 0.25,
    "texture_compensation": 16.0,
    "scene_spans_provided": false
  },
  "cut_times_sec": [
    2.0,
    10.0,
    12.0,
    20.0,
    22.0
  ],
  "global": {
    "mean_motion": 0.046000225224992114,
    "mean_texture": 4.399538758593723,
    "mean_noise": 0.024946057068565244,
    "mean_edge": 0.06294755902691948,
    "mean_entropy": 0.9039267695553443,
    "mean_hf_energy": 4.423742890751211,
    "mean_flatness": 0.6288000794886122,
    "mean_luma": 0.44221967386981054,
    "mean_difficulty": 0.47705658398446443,
    "motion_p90": 0.10620785599733715,
    "motion_level": 0.42278875226920837,
    "texture_level": 0.5104146383943526,
    "noise_level_norm": 0.3419795129586968,
    "edge_level": 0.5699316452215772,
    "segment_count": 6,
    "cut_count": 5,
    "cut_rate": 0.16685205784204674,
    "hard_fraction": 0.9332591768631813,
    "worst_difficulty": 0.524732815804398,
    "volatility": 0.4521494928113785,
    "duration": 29.966666666666665,
    "fps": 30.0,
    "width": 3840,
    "height": 2160,
    "n_segments": 6
  },
  "segments": [
    {
      "index": 0,
      "start_sec": 0.0,
      "end_sec": 2.0,
      "duration": 2.0,
      "frame_count": 60,
      "motion": 0.00550999871399177,
      "motion_p90": 0.007221778171145001,
      "motion_max": 0.007818355119825707,
      "texture": 3.895856221273196,
      "edge": 0.008669704861111112,
      "noise": 0.005087353114504367,
      "entropy": 0.9400982782244682,
      "hf_energy": 3.1732646218033613,
      "flatness": 0.7074216338734567,
      "luma_mean": 0.4425180012784435,
      "difficulty": 0.3321921364414
    },
    {
      "index": 1,
      "start_sec": 2.0,
      "end_sec": 10.0,
      "duration": 8.0,
      "frame_count": 240,
      "motion": 0.04937464918451948,
      "motion_p90": 0.08519246626119581,
      "motion_max": 0.1807908496732026,
      "texture": 4.897683077393507,
      "edge": 0.10176818094135803,
      "noise": 0.02034941129386425,
      "entropy": 0.9262125492095947,
      "hf_energy": 5.0,
      "flatness": 0.5408367091049383,
      "luma_mean": 0.47485260832728154,
      "difficulty": 0.524732815804398
    },
    {
      "index": 2,
      "start_sec": 10.0,
      "end_sec": 12.0,
      "duration": 2.0,
      "frame_count": 60,
      "motion": 0.05609202429042605,
      "motion_p90": 0.09775279215081091,
      "motion_max": 0.25147953733962725,
      "texture": 4.441126953067696,
      "edge": 0.07871238425925926,
      "noise": 0.02689029462635517,
      "entropy": 0.8272673115134239,
      "hf_energy": 5.0,
      "flatness": 0.6358273051697532,
      "luma_mean": 0.4045982661583152,
      "difficulty": 0.5117974047119639
    },
    {
      "index": 3,
      "start_sec": 12.0,
      "end_sec": 20.0,
      "duration": 8.0,
      "frame_count": 240,
      "motion": 0.03489574161068749,
      "motion_p90": 0.07878524721617036,
      "motion_max": 0.25101556826434274,
      "texture": 3.853529788827848,
      "edge": 0.008617621527777779,
      "noise": 0.02979735325789079,
      "entropy": 0.9433988332748413,
      "hf_energy": 3.2981207561547397,
      "flatness": 0.7057062596450617,
      "luma_mean": 0.4429456935744977,
      "difficulty": 0.45230126736317816
    },
    {
      "index": 4,
      "start_sec": 20.0,
      "end_sec": 22.0,
      "duration": 2.0,
      "frame_count": 60,
      "motion": 0.04882085905349794,
      "motion_p90": 0.07749630915637859,
      "motion_max": 0.1601612351730816,
      "texture": 4.9005385525341065,
      "edge": 0.0987082851080247,
      "noise": 0.019622646272182465,
      "entropy": 0.9255524724721909,
      "hf_energy": 5.0,
      "flatness": 0.545100067515432,
      "luma_mean": 0.46990797381838534,
      "difficulty": 0.5172043657575139
    },
    {
      "index": 5,
      "start_sec": 22.0,
      "end_sec": 29.966666666666665,
      "duration": 7.966666666666665,
      "frame_count": 239,
      "motion": 0.06068592369432341,
      "motion_p90": 0.10620785599733715,
      "motion_max": 0.2716562651295086,
      "texture": 4.4378366212139415,
      "edge": 0.07921272183641975,
      "noise": 0.03052411787211895,
      "entropy": 0.8466458171606064,
      "hf_energy": 5.0,
      "flatness": 0.6394143036265433,
      "luma_mean": 0.41113991580428466,
      "difficulty": 0.5241115138283322
    }
  ],
  "distributions": {
    "thresholds": {
      "high_complexity": 0.45,
      "low_complexity": 0.2
    },
    "metrics": {
      "motion_mean": {
        "mean": 0.04256319942457435,
        "max": 0.06068592369432341,
        "min": 0.00550999871399177,
        "p95": 0.059537448843349064,
        "variance": 0.00033812433021640124,
        "std": 0.018388157336079142
      },
      "motion_p90": {
        "mean": 0.07544274149217296,
        "max": 0.10620785599733715,
        "min": 0.007221778171145001,
        "p95": 0.10409409003570559,
        "variance": 0.0010347961808490037,
        "std": 0.032168248022685406
      },
      "motion_max": {
        "mean": 0.18715363511659808,
        "max": 0.2716562651295086,
        "min": 0.007818355119825707,
        "p95": 0.2666120831820382,
        "variance": 0.008047846671017123,
        "std": 0.08970979138877273
      },
      "texture": {
        "mean": 4.404428535718382,
        "max": 4.9005385525341065,
        "min": 3.853529788827848,
        "p95": 4.899824683748957,
        "variance": 0.17567054900435888,
        "std": 0.4191307063486984
      },
      "edge_density": {
        "mean": 0.06261481642232511,
        "max": 0.10176818094135803,
        "min": 0.008617621527777779,
        "p95": 0.1010032069830247,
        "variance": 0.0015326864511928872,
        "std": 0.0391495396038432
      },
      "noise_level": {
        "mean": 0.022045196072819333,
        "max": 0.03052411787211895,
        "min": 0.005087353114504367,
        "p95": 0.03034242671856191,
        "variance": 7.529598454102372e-05,
        "std": 0.008677325886528852
      },
      "high_freq_energy": {
        "mean": 4.411897562993016,
        "max": 5.0,
        "min": 3.1732646218033613,
        "p95": 5.0,
        "variance": 0.6930280406842027,
        "std": 0.832483057295584
      },
      "flatness": {
        "mean": 0.6290510464891975,
        "max": 0.7074216338734567,
        "min": 0.5408367091049383,
        "p95": 0.706992790316358,
        "variance": 0.004500136940320477,
        "std": 0.06708306001011341
      },
      "entropy": {
        "mean": 0.9015292103091875,
        "max": 0.9433988332748413,
        "min": 0.8272673115134239,
        "p95": 0.942573694512248,
        "variance": 0.0021590065212697064,
        "std": 0.04646511079584021
      },
      "difficulty": {
        "mean": 0.47705658398446443,
        "max": 0.524732815804398,
        "min": 0.3321921364414,
        "p95": 0.5245774903103816,
        "variance": 0.00481741539537557,
        "std": 0.06940760329658106
      }
    },
    "high_complexity_ratio": 0.9332591768631813,
    "low_complexity_ratio": 0.0,
    "high_complexity_segment_ratio": 0.8333333333333334,
    "low_complexity_segment_ratio": 0.0,
    "scene_complexity_histogram": {
      "bins": [
        0.0,
        0.2,
        0.4,
        0.6,
        0.8,
        1.0
      ],
      "counts": [
        0,
        1,
        5,
        0,
        0
      ],
      "fractions": [
        0.0,
        0.16666666666666666,
        0.8333333333333334,
        0.0,
        0.0
      ]
    },
    "worst_segment_index": 1
  },
  "summary_raw": {
    "segment_count": 6.0,