{
  "video": "8506a71f-aa63-47cd-bf1a-07b01d8be370.mp4",
  "path": "/root/workspace/raw videos/8506a71f-aa63-47cd-bf1a-07b01d8be370.mp4",
  "extracted_at": "2026-07-21T16:09:59Z",
  "elapsed_sec": 83.859,
  "meta": {
    "path": "../raw videos/8506a71f-aa63-47cd-bf1a-07b01d8be370.mp4",
    "width": 3840,
    "height": 2160,
    "fps": 30.0,
    "frame_count": 899,
    "duration": 29.966666666666665,
    "detail_scale": 0.25,
    "texture_compensation": 16.0,
    "scene_spans_provided": true,
    "scene_detect": {
      "detector": "content",
      "ok": true,
      "error": "",
      "detect_sec": 29.149,
      "n_scenes": 6
    },
    "samples_per_segment": 16,
    "si_ti_agg": "mean"
  },
  "cut_times_sec": [
    2.0,
    9.966667,
    11.966667,
    19.966667,
    21.966667
  ],
  "global": {
    "mean_motion": 0.03496116126400161,
    "mean_texture": 4.3998403363660845,
    "mean_noise": 0.013254361251014042,
    "mean_edge": 0.06280683231926076,
    "mean_entropy": 0.9042394579086738,
    "mean_hf_energy": 4.419731449375522,
    "mean_flatness": 0.628969251350094,
    "mean_luma": 0.4418955970872767,
    "mean_difficulty": 0.4188577144473035,
    "motion_p90": 0.04436249924352457,
    "motion_level": 0.23427288624065618,
    "texture_level": 0.5104317672571822,
    "noise_level_norm": 0.21638232740194677,
    "edge_level": 0.5693829747325091,
    "segment_count": 6,
    "cut_count": 5,
    "cut_rate": 0.16685205784204674,
    "hard_fraction": 0.33259176863181317,
    "worst_difficulty": 0.47305784564891856,
    "volatility": 0.43238404002244,
    "duration": 29.966666666666665,
    "fps": 30.0,
    "width": 3840,
    "height": 2160,
    "n_segments": 6
  },
  "segments": [
    {
      "index": 0,
      "start_sec": 0.0,
      "end_sec": 2.0,
      "duration": 2.0,
      "frame_count": 60,
      "motion": 0.00588688659298596,
      "motion_p90": 0.007824683036794965,
      "motion_max": 0.009215519849915275,
      "texture": 3.900941416308661,
      "edge": 0.008641493055555555,
      "noise": 0.005450735479826108,
      "entropy": 0.94007308781147,
      "hf_energy": 3.207928721013114,
      "flatness": 0.7077958622685185,
      "si": 43.10821238630442,
      "ti": 10.136427697685354,
      "luma_mean": 0.4424321309156378,
      "sat_mean": 0.17083632282967198,
      "difficulty": 0.33431226365753397
    },
    {
      "index": 1,
      "start_sec": 2.0,
      "end_sec": 9.966666666666667,
      "duration": 7.966666666666667,
      "frame_count": 239,
      "motion": 0.04349173172355362,
      "motion_p90": 0.04436249924352457,
      "motion_max": 0.1807908496732026,
      "texture": 4.905830032089366,
      "edge": 0.10145809220679011,
      "noise": 0.010538088012253866,
      "entropy": 0.9257323890924454,
      "hf_energy": 5.0,
      "flatness": 0.5410108024691358,
      "si": 107.24682157667165,
      "ti": 38.46079744683273,
      "luma_mean": 0.47337231734900753,
      "sat_mean": 0.3419453082448257,
      "difficulty": 0.47305784564891856
    },
    {
      "index": 2,
      "start_sec": 9.966666666666667,
      "end_sec": 11.966666666666667,
      "duration": 2.0,
      "frame_count": 60,
      "motion": 0.04251989341261196,
      "motion_p90": 0.03280754886831276,
      "motion_max": 0.25147953733962725,
      "texture": 4.447942306386176,
      "edge": 0.07891191647376543,
      "noise": 0.013445147313177586,
      "entropy": 0.8275580294430256,
      "hf_energy": 5.0,
      "flatness": 0.635227020640432,
      "si": 97.64447445008811,
      "ti": 27.993851721019954,
      "luma_mean": 0.404644047105725,
      "sat_mean": 0.2651263512542362,
      "difficulty": 0.43642675625840116
    },
    {
      "index": 3,
      "start_sec": 11.966666666666667,
      "end_sec": 19.966666666666665,
      "duration": 7.999999999999998,
      "frame_count": 240,
      "motion": 0.0193507525984931,
      "motion_p90": 0.006085375816993464,
      "motion_max": 0.25101556826434274,
      "texture": 3.8383923141662284,
      "edge": 0.008556737075617285,
      "noise": 0.016352206090232357,
      "entropy": 0.9439870454370975,
      "hf_energy": 3.274428540532531,
      "flatness": 0.7053903838734568,
      "si": 42.428287272447506,
      "ti": 14.268577290441614,
      "luma_mean": 0.44317215347751754,
      "sat_mean": 0.17558622023269183,
      "difficulty": 0.35466333435493747
    },
    {
      "index": 4,
      "start_sec": 19.966666666666665,
      "end_sec": 21.966666666666665,
      "duration": 2.0,
      "frame_count": 60,
      "motion": 0.041116052314058335,
      "motion_p90": 0.04223029003267974,
      "motion_max": 0.1601612351730816,
      "texture": 4.907038756304268,
      "edge": 0.09872480227623456,
      "noise": 0.009811323136091232,
      "entropy": 0.9255880601704121,
      "hf_energy": 5.0,
      "flatness": 0.5453995466820988,
      "si": 97.65203761367168,
      "ti": 26.61732898533042,
      "luma_mean": 0.4697425803944263,
      "sat_mean": 0.3404591091934459,
      "difficulty": 0.4685066518006378
    },
    {
      "index": 5,
      "start_sec": 21.966666666666665,
      "end_sec": 29.966666666666665,
      "duration": 8.0,
      "frame_count": 240,
      "motion": 0.045916706381626725,
      "motion_p90": 0.03537221617041878,
      "motion_max": 0.2716562651295086,
      "texture": 4.443306585766293,
      "edge": 0.07910228587962963,
      "noise": 0.015625441301381215,
      "entropy": 0.8479632921516895,
      "hf_energy": 5.0,
      "flatness": 0.6397614052854939,
      "si": 98.6850160359406,
      "ti": 43.23078211979235,
      "luma_mean": 0.411490481647906,
      "sat_mean": 0.2934904310586117,
      "difficulty": 0.44617943496339196
    }
  ],
  "distributions": {
    "thresholds": {
      "high_complexity": 0.45,
      "low_complexity": 0.2
    },
    "metrics": {
      "motion_mean": {
        "mean": 0.03304700383722162,
        "max": 0.045916706381626725,
        "min": 0.00588688659298596,
        "p95": 0.04531046271710845,
        "variance": 0.00022580433852417803,
        "std": 0.015026787365374477
      },
      "motion_p90": {
        "mean": 0.028113768861454044,
        "max": 0.04436249924352457,
        "min": 0.006085375816993464,
        "p95": 0.04382944694081336,
        "variance": 0.00023915185680305174,
        "std": 0.01546453545383927
      },
      "motion_max": {
        "mean": 0.18738649590494635,
        "max": 0.2716562651295086,
        "min": 0.009215519849915275,
        "p95": 0.2666120831820382,
        "variance": 0.007964597482393464,
        "std": 0.08924459357514865
      },
      "texture": {
        "mean": 4.407241901836833,
        "max": 4.907038756304268,
        "min": 3.8383923141662284,
        "p95": 4.906736575250543,
        "variance": 0.18021237312679184,
        "std": 0.42451427906113104
      },
      "edge_density": {
        "mean": 0.0625658878279321,
        "max": 0.10145809220679011,
        "min": 0.008556737075617285,
        "p95": 0.10077476972415123,
        "variance": 0.0015309240808490812,
        "std": 0.03912702494247526
      },
      "noise_level": {
        "mean": 0.011870490222160393,
        "max": 0.016352206090232357,
        "min": 0.005450735479826108,
        "p95": 0.016170514893019572,
        "variance": 1.3982282562133049e-05,
        "std": 0.0037392890450101673
      },
      "high_freq_energy": {
        "mean": 4.413726210257607,
        "max": 5.0,
        "min": 3.207928721013114,
        "p95": 5.0,
        "variance": 0.6878024319108237,
        "std": 0.8293385508408636
      },
      "flatness": {
        "mean": 0.6290975035365226,
        "max": 0.7077958622685185,
        "min": 0.5410108024691358,
        "p95": 0.7071944926697531,
        "variance": 0.00448832332069911,
        "std": 0.0669949499641511
      },
      "entropy": {
        "mean": 0.9018169840176901,
        "max": 0.9439870454370975,
        "min": 0.8275580294430256,
        "p95": 0.9430085560306907,