{
  "video": "851b4b02-7883-47d5-b7d8-c2fa65973934.mp4",
  "path": "/root/workspace/raw videos/851b4b02-7883-47d5-b7d8-c2fa65973934.mp4",
  "extracted_at": "2026-07-21T16:10:01Z",
  "elapsed_sec": 73.479,
  "meta": {
    "path": "../raw videos/851b4b02-7883-47d5-b7d8-c2fa65973934.mp4",
    "width": 3840,
    "height": 2160,
    "fps": 30.0,
    "frame_count": 899,
    "duration": 29.966666666666665,
    "detail_scale": 0.25,
    "texture_compensation": 16.0,
    "scene_spans_provided": true,
    "scene_detect": {
      "detector": "content",
      "ok": true,
      "error": "",
      "detect_sec": 21.783,
      "n_scenes": 8
    },
    "samples_per_segment": 16,
    "si_ti_agg": "mean"
  },
  "cut_times_sec": [
    3.0,
    8.133333,
    8.666667,
    10.0,
    13.0,
    19.966667,
    22.966667
  ],
  "global": {
    "mean_motion": 0.05354896673256023,
    "mean_texture": 4.600172612380784,
    "mean_noise": 0.042361912851314916,
    "mean_edge": 0.08228570052503403,
    "mean_entropy": 0.8781928675694362,
    "mean_hf_energy": 3.411662468859855,
    "mean_flatness": 0.5290428748103009,
    "mean_luma": 0.3557230344227118,
    "mean_difficulty": 0.47472869616455193,
    "motion_p90": 0.1761907346889373,
    "motion_level": 0.5485548481327528,
    "texture_level": 0.5215513136243581,
    "noise_level_norm": 0.4688027456990523,
    "edge_level": 0.6340120690658225,
    "segment_count": 8,
    "cut_count": 7,
    "cut_rate": 0.2335928809788654,
    "hard_fraction": 0.5672969966629589,
    "worst_difficulty": 0.5764837508797463,
    "volatility": 0.6415465548543061,
    "duration": 29.966666666666665,
    "fps": 30.0,
    "width": 3840,
    "height": 2160,
    "n_segments": 8
  },
  "segments": [
    {
      "index": 0,
      "start_sec": 0.0,
      "end_sec": 3.0,
      "duration": 3.0,
      "frame_count": 90,
      "motion": 0.02047417487442508,
      "motion_p90": 0.02576532240982813,
      "motion_max": 0.026098220769789397,
      "texture": 3.7389748286914983,
      "edge": 0.015475139853395062,
      "noise": 0.008721176767721772,
      "entropy": 0.9043264240026474,
      "hf_energy": 2.2505266231382426,
      "flatness": 0.5978434847608025,
      "si": 37.82794085144195,
      "ti": 22.6366151323131,
      "luma_mean": 0.48265497061092955,
      "sat_mean": 0.3040445474196623,
      "difficulty": 0.36615240222006845
    },
    {
      "index": 1,
      "start_sec": 3.0,
      "end_sec": 8.133333333333333,
      "duration": 5.133333333333333,
      "frame_count": 154,
      "motion": 0.10661826642308157,
      "motion_p90": 0.16551144925562816,
      "motion_max": 0.3834264857177439,
      "texture": 3.2029097169931617,
      "edge": 0.014578751929012345,
      "noise": 0.07885397036443464,
      "entropy": 0.7683995142579079,
      "hf_energy": 2.9435181521571225,
      "flatness": 0.7877164110725309,
      "si": 54.46622774066534,
      "ti": 42.022776315262824,
      "luma_mean": 0.1339656233924897,
      "sat_mean": 0.6294954668209877,
      "difficulty": 0.4992576022250337
    },
    {
      "index": 2,
      "start_sec": 8.133333333333333,
      "end_sec": 8.666666666666666,
      "duration": 0.5333333333333332,
      "frame_count": 16,
      "motion": 0.09256453491890584,
      "motion_p90": 0.11388163580246916,
      "motion_max": 0.13110182159283468,
      "texture": 3.4652489776764446,
      "edge": 0.039589891975308635,
      "noise": 0.05000141188502312,
      "entropy": 0.8420990228652954,
      "hf_energy": 5.0,
      "flatness": 0.7200397376543209,
      "si": 93.27284271698883,
      "ti": 35.904193203370966,
      "luma_mean": 0.1860953264947955,
      "sat_mean": 0.5852630613047689,
      "difficulty": 0.5125070831458906
    },
    {
      "index": 3,
      "start_sec": 8.666666666666666,
      "end_sec": 10.0,
      "duration": 1.333333333333334,
      "frame_count": 40,
      "motion": 0.14448067787181346,
      "motion_p90": 0.1761907346889373,
      "motion_max": 0.1806357873396272,
      "texture": 3.5759855111569,
      "edge": 0.04375326448243115,
      "noise": 0.09078968402284843,
      "entropy": 0.8989476103049058,
      "hf_energy": 5.0,
      "flatness": 0.6671263651471985,
      "si": 83.92805772381713,
      "ti": 39.16379804967209,
      "luma_mean": 0.3077572243403534,
      "sat_mean": 0.4136527591568442,
      "difficulty": 0.5764837508797463
    },
    {
      "index": 4,
      "start_sec": 10.0,
      "end_sec": 13.0,
      "duration": 3.0,
      "frame_count": 90,
      "motion": 0.023662805805192446,
      "motion_p90": 0.00789304572137497,
      "motion_max": 0.27571887103606874,
      "texture": 6.947032243248048,
      "edge": 0.21608687789351852,
      "noise": 0.019259264692664146,
      "entropy": 0.9727804660797119,
      "hf_energy": 5.0,
      "flatness": 0.14393458236882717,
      "si": 133.31951216579228,
      "ti": 14.910483158682558,
      "luma_mean": 0.47339157343106997,
      "sat_mean": 0.2286185240975248,
      "difficulty": 0.501027857745999
    },
    {
      "index": 5,
      "start_sec": 13.0,
      "end_sec": 19.966666666666665,
      "duration": 6.966666666666665,
      "frame_count": 209,
      "motion": 0.03376582924836602,
      "motion_p90": 0.029712910009682885,
      "motion_max": 0.26612538580246914,
      "texture": 3.633034718538716,
      "edge": 0.011935643325617284,
      "noise": 0.03306779483682476,
      "entropy": 0.8896410241723061,
      "hf_energy": 2.099041905071397,
      "flatness": 0.6759250819830247,
      "si": 37.340794308416505,
      "ti": 28.716318391944082,
      "luma_mean": 0.4325545276945655,
      "sat_mean": 0.32247049178467685,
      "difficulty": 0.3955690298801415
    },
    {
      "index": 6,
      "start_sec": 19.966666666666665,
      "end_sec": 22.966666666666665,
      "duration": 3.0,
      "frame_count": 90,
      "motion": 0.07792104807779593,
      "motion_p90": 0.10804863002299685,
      "motion_max": 0.29226453945775843,
      "texture": 2.9648751022251885,
      "edge": 0.0079613956404321,
      "noise": 0.04942000046139583,
      "entropy": 0.694458857178688,
      "hf_energy": 2.139284553671658,
      "flatness": 0.8673741319444445,
      "si": 43.02794912906931,
      "ti": 38.14912259397815,
      "luma_mean": 0.0895570108251634,
      "sat_mean": 0.6098809827750544,
      "difficulty": 0.42053308657598026
    },
    {
      "index": 7,
      "start_sec": 22.966666666666665,
      "end_sec": 29.966666666666665,
      "duration": 7.0,
      "frame_count": 210,
      "motion": 0.030565559470315907,
      "motion_p90": 0.01025805646332607,
      "motion_max": 0.3667988153594771,
      "texture": 6.933047743689815,
      "edge": 0.2156880545910494,
      "noise": 0.03633823510608636,
      "entropy": 0.9731165841221809,
      "hf_energy": 5.0,
      "flatness": 0.1428737461419753,
      "si": 133.62398275703782,
      "ti": 20.11877178976994,
      "luma_mean": 0.4731822453325466,
      "sat_mean": 0.2311980637065783,
      "difficulty": 0.526298756643556
    }
  ],
  "distributions": {
    "thresholds": {
      "high_complexity": 0.45,
      "low_complexity": 0.2
    },
    "metrics": {
      "motion_mean": {
        "mean": 0.06625661208623704,
        "max": 0.14448067787181346,
        "min": 0.02047417487442508,
        "p95": 0.13122883386475728,
        "variance": 0.0018519999470518426,
        "std": 0.043034868967522635
      },
      "motion_p90": {
        "mean": 0.07965772304678044,
        "max": 0.1761907346889373,
        "min": 0.00789304572137497,
        "p95": 0.1724529847872791,
        "variance": 0.004254020284141044,
        "std": 0.0652228509353972
      },
      "motion_max": {
        "mean": 0.2402712408844711,
        "max": 0.3834264857177439,
        "min": 0.026098220769789397,
        "p95": 0.3776068010923505,
        "variance": 0.012809419698519372,
        "std": 0.11317870691309108
      },
      "texture": {
        "mean": 4.3076386052774716,
        "max": 6.947032243248048,