{
  "video": "8bee03d5-ab6c-4966-a1d3-72da7e79a019.mp4",
  "path": "/root/workspace/raw videos/8bee03d5-ab6c-4966-a1d3-72da7e79a019.mp4",
  "extracted_at": "2026-07-21T16:10:55Z",
  "elapsed_sec": 67.658,
  "meta": {
    "path": "../raw videos/8bee03d5-ab6c-4966-a1d3-72da7e79a019.mp4",
    "width": 3840,
    "height": 2160,
    "fps": 30.0,
    "frame_count": 898,
    "duration": 29.933333333333334,
    "detail_scale": 0.25,
    "texture_compensation": 16.0,
    "scene_spans_provided": true,
    "scene_detect": {
      "detector": "content",
      "ok": true,
      "error": "",
      "detect_sec": 10.959,
      "n_scenes": 8
    },
    "samples_per_segment": 16,
    "si_ti_agg": "mean"
  },
  "cut_times_sec": [
    3.0,
    5.0,
    5.433333,
    9.966667,
    12.966667,
    19.933333,
    22.933333
  ],
  "global": {
    "mean_motion": 0.06565361791545175,
    "mean_texture": 5.016958955671029,
    "mean_noise": 0.023286010683560843,
    "mean_edge": 0.11608733087846103,
    "mean_entropy": 0.8646798562540574,
    "mean_hf_energy": 4.999999999999999,
    "mean_flatness": 0.44207230976887935,
    "mean_luma": 0.28688272182014035,
    "mean_difficulty": 0.5033115727589654,
    "motion_p90": 0.10894205019970951,
    "motion_level": 0.4290035861096397,
    "texture_level": 0.5431396826323309,
    "noise_level_norm": 0.32665610630012143,
    "edge_level": 0.7096352159734751,
    "segment_count": 8,
    "cut_count": 7,
    "cut_rate": 0.23385300668151449,
    "hard_fraction": 0.665924276169265,
    "worst_difficulty": 0.5887117373227186,
    "volatility": 0.570637522402455,
    "duration": 29.933333333333334,
    "fps": 30.0,
    "width": 3840,
    "height": 2160,
    "n_segments": 8
  },
  "segments": [
    {
      "index": 0,
      "start_sec": 0.0,
      "end_sec": 3.0,
      "duration": 3.0,
      "frame_count": 90,
      "motion": 0.06641582366935972,
      "motion_p90": 0.09105702690026628,
      "motion_max": 0.09524621762285161,
      "texture": 5.460957858733596,
      "edge": 0.19188790027006172,
      "noise": 0.014535294467350468,
      "entropy": 0.945769265294075,
      "hf_energy": 5.0,
      "flatness": 0.19942479263117283,
      "si": 117.32691454391104,
      "ti": 37.58741100726102,
      "luma_mean": 0.3874363284086783,
      "sat_mean": 0.3460752664684701,
      "difficulty": 0.5562209020569868
    },
    {
      "index": 1,
      "start_sec": 3.0,
      "end_sec": 5.0,
      "duration": 2.0,
      "frame_count": 60,
      "motion": 0.08776198020682037,
      "motion_p90": 0.0882705647845558,
      "motion_max": 0.2787628752118131,
      "texture": 5.533313399999799,
      "edge": 0.12843267746913578,
      "noise": 0.027617059065960348,
      "entropy": 0.7811520658433437,
      "hf_energy": 5.0,
      "flatness": 0.45327690972222223,
      "si": 92.00989747198588,
      "ti": 38.92603819888748,
      "luma_mean": 0.20776829630386107,
      "sat_mean": 0.5485058919980028,
      "difficulty": 0.5304097994859301
    },
    {
      "index": 2,
      "start_sec": 5.0,
      "end_sec": 5.433333333333334,
      "duration": 0.43333333333333357,
      "frame_count": 13,
      "motion": 0.09241558641975309,
      "motion_p90": 0.0928733917332365,
      "motion_max": 0.09287819989106753,
      "texture": 5.713688831655569,
      "edge": 0.13709104938271605,
      "noise": 0.0,
      "entropy": 0.8543561458587646,
      "hf_energy": 5.0,
      "flatness": 0.3770385802469136,
      "si": 88.30277137112921,
      "ti": 40.778939544964636,
      "luma_mean": 0.2900440056886952,
      "sat_mean": 0.5447342486686032,
      "difficulty": 0.49626359008611837
    },
    {
      "index": 3,
      "start_sec": 5.433333333333334,
      "end_sec": 9.966666666666667,
      "duration": 4.533333333333333,
      "frame_count": 136,
      "motion": 0.06879341459770637,
      "motion_p90": 0.09533194141854273,
      "motion_max": 0.09832977033405955,
      "texture": 5.373645317944883,
      "edge": 0.10972776813271604,
      "noise": 0.004360588383860886,
      "entropy": 0.7766059972345829,
      "hf_energy": 5.0,
      "flatness": 0.46194143036265434,
      "si": 89.98162404231286,
      "ti": 37.386064679125035,
      "luma_mean": 0.17416830963674051,
      "sat_mean": 0.6216181293119099,
      "difficulty": 0.4869169731946188
    },
    {
      "index": 4,
      "start_sec": 9.966666666666667,
      "end_sec": 12.966666666666667,
      "duration": 3.0,
      "frame_count": 90,
      "motion": 0.027045050948620187,
      "motion_p90": 0.01871590187000726,
      "motion_max": 0.24178532740256597,
      "texture": 3.9609526834342272,
      "edge": 0.02367211612654321,
      "noise": 0.018169118062360212,
      "entropy": 0.8365436345338821,
      "hf_energy": 5.0,
      "flatness": 0.703361786265432,
      "si": 64.6790332467115,
      "ti": 20.146583240338735,
      "luma_mean": 0.2598194420804587,
      "sat_mean": 0.4477284272119342,
      "difficulty": 0.39022517457492345
    },
    {
      "index": 5,
      "start_sec": 12.966666666666667,
      "end_sec": 19.933333333333334,
      "duration": 6.966666666666667,
      "frame_count": 209,
      "motion": 0.08965401697909102,
      "motion_p90": 0.09724564648390221,
      "motion_max": 0.24182015553134834,
      "texture": 5.486764692619846,
      "edge": 0.1927141203703704,
      "noise": 0.03524808812653646,
      "entropy": 0.9432783611118793,
      "hf_energy": 5.0,
      "flatness": 0.19952811535493825,
      "si": 116.61786824562036,
      "ti": 40.99650603731682,
      "luma_mean": 0.39219454325904746,
      "sat_mean": 0.3454266204649298,
      "difficulty": 0.5887117373227186
    },
    {
      "index": 6,
      "start_sec": 19.933333333333334,
      "end_sec": 22.933333333333334,
      "duration": 3.0,
      "frame_count": 90,
      "motion": 0.10273392915229364,
      "motion_p90": 0.10894205019970951,
      "motion_max": 0.2836827190752844,
      "texture": 5.837359748733118,
      "edge": 0.16321590470679012,
      "noise": 0.028343824669718742,
      "entropy": 0.8420721292495728,
      "hf_energy": 5.0,
      "flatness": 0.37985689139660495,
      "si": 106.67102194371037,
      "ti": 41.850758407725834,
      "luma_mean": 0.24610788285221497,
      "sat_mean": 0.5408968905077463,
      "difficulty": 0.5638478949403974
    },
    {
      "index": 7,
      "start_sec": 22.933333333333334,
      "end_sec": 29.933333333333334,
      "duration": 7.0,
      "frame_count": 210,
      "motion": 0.032089053233175985,
      "motion_p90": 0.02136754493464052,
      "motion_max": 0.27189807250060516,
      "texture": 4.038421300961611,
      "edge": 0.026039134837962965,
      "noise": 0.027617058396572247,
      "entropy": 0.8549929112195969,
      "hf_energy": 5.0,
      "flatness": 0.6900928337191359,
      "si": 67.48783405361135,
      "ti": 29.057416960750572,
      "luma_mean": 0.263455885189724,
      "sat_mean": 0.4506838509516461,
      "difficulty": 0.4138965104100298
    }
  ],
  "distributions": {
    "thresholds": {
      "high_complexity": 0.45,
      "low_complexity": 0.2
    },
    "metrics": {
      "motion_mean": {
        "mean": 0.07086360690085255,
        "max": 0.10273392915229364,
        "min": 0.027045050948620187,
        "p95": 0.09912250919590444,
        "variance": 0.000695805015325353,
        "std": 0.026378116220180565
      },
      "motion_p90": {
        "mean": 0.07672550854060761,
        "max": 0.10894205019970951,
        "min": 0.01871590187000726,
        "p95": 0.10484830889917696,
        "variance": 0.0011042793045718596,
        "std": 0.03323069822576498
      },
      "motion_max": {
        "mean": 0.20055041719619948,
        "max": 0.2836827190752844,
        "min": 0.09287819989106753,
        "p95": 0.28196077372306944,
        "variance": 0.006831688339509479,
        "std": 0.08265402796905592
      },
      "texture": {
        "mean": 5.1756379792603315,
        "max": 5.837359748733118,
        "min": 3.9609526834342272,