{
  "video": "8cf02415-9955-497d-9b65-4d2052b303bd.mp4",
  "path": "/root/workspace/raw videos/8cf02415-9955-497d-9b65-4d2052b303bd.mp4",
  "extracted_at": "2026-07-21T16:12:16Z",
  "elapsed_sec": 81.396,
  "meta": {
    "path": "../raw videos/8cf02415-9955-497d-9b65-4d2052b303bd.mp4",
    "width": 3840,
    "height": 2160,
    "fps": 30.0,
    "frame_count": 898,
    "duration": 29.933333333333334,
    "detail_scale": 0.25,
    "texture_compensation": 16.0,
    "scene_spans_provided": true,
    "scene_detect": {
      "detector": "content",
      "ok": true,
      "error": "",
      "detect_sec": 21.322,
      "n_scenes": 7
    },
    "samples_per_segment": 16,
    "si_ti_agg": "mean"
  },
  "cut_times_sec": [
    4.0,
    9.2,
    9.766667,
    14.0,
    19.966667,
    23.966667
  ],
  "global": {
    "mean_motion": 0.06422624754075987,
    "mean_texture": 5.0247742357386045,
    "mean_noise": 0.0269820166761314,
    "mean_edge": 0.11388156966004416,
    "mean_entropy": 0.8663005427718051,
    "mean_hf_energy": 4.999999999999999,
    "mean_flatness": 0.438706804157845,
    "mean_luma": 0.27665601440205945,
    "mean_difficulty": 0.5032879098920421,
    "motion_p90": 0.0969304345194868,
    "motion_level": 0.40065415792769693,
    "texture_level": 0.5435258998877169,
    "noise_level_norm": 0.35984650549843683,
    "edge_level": 0.7056665138400848,
    "segment_count": 7,
    "cut_count": 6,
    "cut_rate": 0.20044543429844097,
    "hard_fraction": 0.6592427616926504,
    "worst_difficulty": 0.5902401166282557,
    "volatility": 0.547452856827034,
    "duration": 29.933333333333334,
    "fps": 30.0,
    "width": 3840,
    "height": 2160,
    "n_segments": 7
  },
  "segments": [
    {
      "index": 0,
      "start_sec": 0.0,
      "end_sec": 4.0,
      "duration": 4.0,
      "frame_count": 120,
      "motion": 0.06314369345346163,
      "motion_p90": 0.0848588114258049,
      "motion_max": 0.09864010681433066,
      "texture": 5.469525657107042,
      "edge": 0.19146351755401234,
      "noise": 0.014171911985613406,
      "entropy": 0.9468882754445076,
      "hf_energy": 5.0,
      "flatness": 0.20043680073302467,
      "si": 116.94722300893838,
      "ti": 38.618857896491456,
      "luma_mean": 0.38776277639721013,
      "sat_mean": 0.3516447496822803,
      "difficulty": 0.5515661446524848
    },
    {
      "index": 1,
      "start_sec": 4.0,
      "end_sec": 9.2,
      "duration": 5.199999999999999,
      "frame_count": 156,
      "motion": 0.07926142939814815,
      "motion_p90": 0.07511633835633019,
      "motion_max": 0.32633038307915757,
      "texture": 5.425243596533746,
      "edge": 0.11662278163580247,
      "noise": 0.03415794172906317,
      "entropy": 0.7602487616240978,
      "hf_energy": 5.0,
      "flatness": 0.4883985580632716,
      "si": 95.82765283648067,
      "ti": 35.37419933125524,
      "luma_mean": 0.1474855669215989,
      "sat_mean": 0.6289507960012708,
      "difficulty": 0.5208996992167464
    },
    {
      "index": 2,
      "start_sec": 9.2,
      "end_sec": 9.766666666666667,
      "duration": 0.5666666666666682,
      "frame_count": 17,
      "motion": 0.05985365226337449,
      "motion_p90": 0.06369549972766884,
      "motion_max": 0.06485515008472524,
      "texture": 5.6233223169264095,
      "edge": 0.12520318930041152,
      "noise": 0.0019380392817159493,
      "entropy": 0.7636717359224955,
      "hf_energy": 5.0,
      "flatness": 0.4801295653292181,
      "si": 97.0818664585429,
      "ti": 31.09887563784947,
      "luma_mean": 0.1318371031025579,
      "sat_mean": 0.653763128631082,
      "difficulty": 0.45947037762904785
    },
    {
      "index": 3,
      "start_sec": 9.766666666666667,
      "end_sec": 14.0,
      "duration": 4.2333333333333325,
      "frame_count": 127,
      "motion": 0.02707956939527354,
      "motion_p90": 0.0375708401416122,
      "motion_max": 0.2439238607480029,
      "texture": 4.13435088259329,
      "edge": 0.03381679205246913,
      "noise": 0.022166323324199766,
      "entropy": 0.8682933785021305,
      "hf_energy": 5.0,
      "flatness": 0.652700496720679,
      "si": 70.1482482757601,
      "ti": 21.963527515476432,
      "luma_mean": 0.25772982196350763,
      "sat_mean": 0.47638536749576377,
      "difficulty": 0.4370539146580237
    },
    {
      "index": 4,
      "start_sec": 14.0,
      "end_sec": 19.966666666666665,
      "duration": 5.966666666666665,
      "frame_count": 179,
      "motion": 0.09122079532044298,
      "motion_p90": 0.0969304345194868,
      "motion_max": 0.24322502118131203,
      "texture": 5.488181618287118,
      "edge": 0.19282877604166668,
      "noise": 0.0370650005643256,
      "entropy": 0.9420269913971424,
      "hf_energy": 5.0,
      "flatness": 0.19869586709104936,
      "si": 116.61642595811655,
      "ti": 41.155408536034706,
      "luma_mean": 0.39301860504039576,
      "sat_mean": 0.3415745402520576,
      "difficulty": 0.5902401166282557
    },
    {
      "index": 5,
      "start_sec": 19.966666666666665,
      "end_sec": 23.966666666666665,
      "duration": 4.0,
      "frame_count": 120,
      "motion": 0.09419902348477971,
      "motion_p90": 0.09632820442992011,
      "motion_max": 0.3076548505204551,
      "texture": 5.534625984743686,
      "edge": 0.12311234085648148,
      "noise": 0.031250882806489244,
      "entropy": 0.8145273439586163,
      "hf_energy": 5.0,
      "flatness": 0.41957778742283947,
      "si": 89.95455030499554,
      "ti": 42.26279812689829,
      "luma_mean": 0.22297259715035705,
      "sat_mean": 0.5962423255567658,
      "difficulty": 0.5458252203722468
    },
    {
      "index": 6,
      "start_sec": 23.966666666666665,
      "end_sec": 29.933333333333334,
      "duration": 5.966666666666669,
      "frame_count": 179,
      "motion": 0.03153140507746308,
      "motion_p90": 0.023158243312757204,
      "motion_max": 0.23714866255144032,
      "texture": 4.147304550063824,
      "edge": 0.03007740162037037,
      "noise": 0.022166323236888275,
      "entropy": 0.8720150627195835,
      "hf_energy": 5.0,
      "flatness": 0.65220703125,
      "si": 69.73922268982335,
      "ti": 27.252473737807414,
      "luma_mean": 0.26155228616330795,
      "sat_mean": 0.455511820874183,
      "difficulty": 0.4179598960874895
    }
  ],
  "distributions": {
    "thresholds": {
      "high_complexity": 0.45,
      "low_complexity": 0.2
    },
    "metrics": {
      "motion_mean": {
        "mean": 0.06375565262756337,
        "max": 0.09419902348477971,
        "min": 0.02707956939527354,
        "p95": 0.09330555503547869,
        "variance": 0.0006172427596934782,
        "std": 0.024844370784817195
      },
      "motion_p90": {
        "mean": 0.06823691027336862,
        "max": 0.0969304345194868,
        "min": 0.023158243312757204,
        "p95": 0.0967497654926168,
        "variance": 0.0007041673931055135,
        "std": 0.026536152567874522
      },
      "motion_max": {
        "mean": 0.21739686213991768,
        "max": 0.32633038307915757,
        "min": 0.06485515008472524,
        "p95": 0.3207277233115468,
        "variance": 0.00844943805386131,
        "std": 0.09192082491939087
      },
      "texture": {
        "mean": 5.117507800893589,
        "max": 5.6233223169264095,
        "min": 4.13435088259329,
        "p95": 5.596713417271593,
        "variance": 0.38482067825182725,
        "std": 0.6203391638868428
      },
      "edge_density": {
        "mean": 0.11616068558017344,
        "max": 0.19282877604166668,
        "min": 0.03007740162037037,
        "p95": 0.19241919849537037,
        "variance": 0.003695666727753383,
        "std": 0.060791995589496675
      },
      "noise_level": {
        "mean": 0.023273774704042204,
        "max": 0.0370650005643256,
        "min": 0.0019380392817159493,
        "p95": 0.036192882913746866,
        "variance": 0.00013040109492906817,
        "std": 0.011419329880911058
      },
      "high_freq_energy": {
        "mean": 5.0,