{
  "video": "8db2b7b2-de8b-4b40-877a-ad6c0c01679f.mp4",
  "path": "/root/workspace/raw videos/8db2b7b2-de8b-4b40-877a-ad6c0c01679f.mp4",
  "extracted_at": "2026-07-21T16:12:38Z",
  "elapsed_sec": 77.277,
  "meta": {
    "path": "../raw videos/8db2b7b2-de8b-4b40-877a-ad6c0c01679f.mp4",
    "width": 3840,
    "height": 2160,
    "fps": 30.0,
    "frame_count": 899,
    "duration": 29.966666666666665,
    "detail_scale": 0.25,
    "texture_compensation": 16.0,
    "scene_spans_provided": true,
    "scene_detect": {
      "detector": "content",
      "ok": true,
      "error": "",
      "detect_sec": 25.176,
      "n_scenes": 6
    },
    "samples_per_segment": 16,
    "si_ti_agg": "mean"
  },
  "cut_times_sec": [
    2.0,
    9.966667,
    11.966667,
    19.966667,
    21.966667
  ],
  "global": {
    "mean_motion": 0.04219400686832147,
    "mean_texture": 4.700951243575606,
    "mean_noise": 0.02215783572397702,
    "mean_edge": 0.07491388778383731,
    "mean_entropy": 0.8282371346607753,
    "mean_hf_energy": 4.930576179485634,
    "mean_flatness": 0.5506818342504188,
    "mean_luma": 0.2663562788581913,
    "mean_difficulty": 0.4454668000608222,
    "motion_p90": 0.08044063180827886,
    "motion_level": 0.35681514535803766,
    "texture_level": 0.5269562757627424,
    "noise_level_norm": 0.3158283817527227,
    "edge_level": 0.611972131104298,
    "segment_count": 6,
    "cut_count": 5,
    "cut_rate": 0.16685205784204674,
    "hard_fraction": 0.3337041156840934,
    "worst_difficulty": 0.5601101779282579,
    "volatility": 0.48051604734235104,
    "duration": 29.966666666666665,
    "fps": 30.0,
    "width": 3840,
    "height": 2160,
    "n_segments": 6
  },
  "segments": [
    {
      "index": 0,
      "start_sec": 0.0,
      "end_sec": 2.0,
      "duration": 2.0,
      "frame_count": 60,
      "motion": 0.0579826270689603,
      "motion_p90": 0.08044063180827886,
      "motion_max": 0.08253811123214717,
      "texture": 5.698113776684112,
      "edge": 0.17038628472222223,
      "noise": 0.014535294496454298,
      "entropy": 0.9319029785692692,
      "hf_energy": 5.0,
      "flatness": 0.20367296006944444,
      "si": 106.08102853525946,
      "ti": 30.950631298675702,
      "luma_mean": 0.3765269324164851,
      "sat_mean": 0.4045298784154866,
      "difficulty": 0.5468234649604363
    },
    {
      "index": 1,
      "start_sec": 2.0,
      "end_sec": 9.966666666666667,
      "duration": 7.966666666666667,
      "frame_count": 239,
      "motion": 0.03748893512844953,
      "motion_p90": 0.045758037551440325,
      "motion_max": 0.3188869750060518,
      "texture": 4.507388877554082,
      "edge": 0.02767529899691358,
      "noise": 0.029797353461617604,
      "entropy": 0.7073817625641823,
      "hf_energy": 4.738861863420858,
      "flatness": 0.7473825713734568,
      "si": 55.95010038131952,
      "ti": 22.326396832937963,
      "luma_mean": 0.15686333798565721,
      "sat_mean": 0.7895996486171629,
      "difficulty": 0.4249753085971612
    },
    {
      "index": 2,
      "start_sec": 9.966666666666667,
      "end_sec": 11.966666666666667,
      "duration": 2.0,
      "frame_count": 60,
      "motion": 0.024612525247367463,
      "motion_p90": 0.01938214491043331,
      "motion_max": 0.20474523420479304,
      "texture": 3.9482436464975477,
      "edge": 0.02361991222993827,
      "noise": 0.014898676687153056,
      "entropy": 0.8431266732513905,
      "hf_energy": 5.0,
      "flatness": 0.7045672984182099,
      "si": 64.34907013952233,
      "ti": 17.282846055112536,
      "luma_mean": 0.2641105555744675,
      "sat_mean": 0.455495793996611,
      "difficulty": 0.38618254013694997
    },
    {
      "index": 3,
      "start_sec": 11.966666666666667,
      "end_sec": 19.966666666666665,
      "duration": 7.999999999999998,
      "frame_count": 240,
      "motion": 0.06277684636740499,
      "motion_p90": 0.06967509002057612,
      "motion_max": 0.23575618796901476,
      "texture": 5.74334898238831,
      "edge": 0.17438428337191358,
      "noise": 0.027617060026386753,
      "entropy": 0.9317797422409058,
      "hf_energy": 5.0,
      "flatness": 0.19024727527006172,
      "si": 105.77293807400329,
      "ti": 35.57766252797214,
      "luma_mean": 0.3848138517270334,
      "sat_mean": 0.4151182456200072,
      "difficulty": 0.5601101779282579
    },
    {
      "index": 4,
      "start_sec": 19.966666666666665,
      "end_sec": 21.966666666666665,
      "duration": 2.0,
      "frame_count": 60,
      "motion": 0.033341348190510774,
      "motion_p90": 0.018287018125151294,
      "motion_max": 0.3405094635076253,
      "texture": 3.7712246236033264,
      "edge": 0.01756787712191358,
      "noise": 0.031250882806489244,
      "entropy": 0.6873567178845406,
      "hf_energy": 5.0,
      "flatness": 0.8388000337577161,
      "si": 58.60851385701439,
      "ti": 12.133899438816195,
      "luma_mean": 0.13906094591578916,
      "sat_mean": 0.8094381415857239,
      "difficulty": 0.36974456270408734
    },
    {
      "index": 5,
      "start_sec": 21.966666666666665,
      "end_sec": 29.966666666666665,
      "duration": 8.0,
      "frame_count": 240,
      "motion": 0.02895801466805858,
      "motion_p90": 0.02136732177438877,
      "motion_max": 0.2369563664972162,
      "texture": 4.022627281911461,
      "edge": 0.02577715084876543,
      "noise": 0.01053808830329217,
      "entropy": 0.8506275936961174,
      "hf_energy": 5.0,
      "flatness": 0.691486545138889,
      "si": 67.19873763873065,
      "ti": 29.74728193877833,
      "luma_mean": 0.26177802694187247,
      "sat_mean": 0.44751508742964774,
      "difficulty": 0.3849647460380406
    }
  ],
  "distributions": {
    "thresholds": {
      "high_complexity": 0.45,
      "low_complexity": 0.2
    },
    "metrics": {
      "motion_mean": {
        "mean": 0.04086004944512527,
        "max": 0.06277684636740499,
        "min": 0.024612525247367463,
        "p95": 0.06157829154279382,
        "variance": 0.000207844067750029,
        "std": 0.01441679811019177
      },
      "motion_p90": {
        "mean": 0.04248504069837811,
        "max": 0.08044063180827886,
        "min": 0.018287018125151294,
        "p95": 0.07774924636135318,
        "variance": 0.0006259807216402238,
        "std": 0.025019606744316022
      },
      "motion_max": {
        "mean": 0.23656538973614136,
        "max": 0.3405094635076253,
        "min": 0.08253811123214717,
        "p95": 0.3351038413822319,
        "variance": 0.007053157727546107,
        "std": 0.08398308000749977
      },
      "texture": {
        "mean": 4.61515786477314,
        "max": 5.74334898238831,
        "min": 3.7712246236033264,
        "p95": 5.732040180962261,
        "variance": 0.6608855402218076,
        "std": 0.8129486701027363
      },
      "edge_density": {
        "mean": 0.07323513454861111,
        "max": 0.17438428337191358,
        "min": 0.01756787712191358,
        "p95": 0.17338478370949073,
        "variance": 0.004926328159204703,
        "std": 0.07018780634273095
      },
      "noise_level": {
        "mean": 0.021439559296898853,
        "max": 0.031250882806489244,
        "min": 0.01053808830329217,
        "p95": 0.030887500470271334,
        "variance": 6.892839919100866e-05,
        "std": 0.008302312882023218
      },
      "high_freq_energy": {
        "mean": 4.95647697723681,
        "max": 5.0,
        "min": 4.738861863420858,
        "p95": 5.0,
        "variance": 0.00947126755222589,
        "std": 0.09732043748476417
      },
      "flatness": {
        "mean": 0.5626927806712964,
        "max": 0.8388000337577161,
        "min": 0.19024727527006172,
        "p95": 0.8159456681616513,
        "variance": 0.06911210543779267,
        "std": 0.2628918131813782
      },
      "entropy": {
        "mean": 0.8253625780344009,
        "max": 0.9319029785692692,
        "min": 0.6873567178845406,
        "p95": 0.9318721694871783,
        "variance": 0.009432407355645003,