{
  "video": "8ed34f86-fac4-43e5-a4ef-c75426a970e6.mp4",
  "path": "/root/workspace/raw videos/8ed34f86-fac4-43e5-a4ef-c75426a970e6.mp4",
  "extracted_at": "2026-07-21T16:12:42Z",
  "elapsed_sec": 75.315,
  "meta": {
    "path": "../raw videos/8ed34f86-fac4-43e5-a4ef-c75426a970e6.mp4",
    "width": 3840,
    "height": 2160,
    "fps": 30.0,
    "frame_count": 899,
    "duration": 29.966666666666665,
    "detail_scale": 0.25,
    "texture_compensation": 16.0,
    "scene_spans_provided": true,
    "scene_detect": {
      "detector": "content",
      "ok": true,
      "error": "",
      "detect_sec": 22.227,
      "n_scenes": 8
    },
    "samples_per_segment": 16,
    "si_ti_agg": "mean"
  },
  "cut_times_sec": [
    1.0,
    9.966667,
    10.966667,
    19.966667,
    20.966667,
    28.1,
    28.633333
  ],
  "global": {
    "mean_motion": 0.056740045486708884,
    "mean_texture": 4.586261483829484,
    "mean_noise": 0.05146732054039232,
    "mean_edge": 0.08177897037242586,
    "mean_entropy": 0.8724150053398355,
    "mean_hf_energy": 3.1866446868446205,
    "mean_flatness": 0.5493075148866704,
    "mean_luma": 0.34327545577948315,
    "mean_difficulty": 0.48587540192250883,
    "motion_p90": 0.17942836934156378,
    "motion_level": 0.5530600474481272,
    "texture_level": 0.5207955149016432,
    "noise_level_norm": 0.5174294457795527,
    "edge_level": 0.6325775192735341,
    "segment_count": 8,
    "cut_count": 7,
    "cut_rate": 0.2335928809788654,
    "hard_fraction": 0.6329254727474972,
    "worst_difficulty": 0.5850281046917672,
    "volatility": 0.6447881715070602,
    "duration": 29.966666666666665,
    "fps": 30.0,
    "width": 3840,
    "height": 2160,
    "n_segments": 8
  },
  "segments": [
    {
      "index": 0,
      "start_sec": 0.0,
      "end_sec": 1.0,
      "duration": 1.0,
      "frame_count": 30,
      "motion": 0.024576220951343503,
      "motion_p90": 0.030955806705398208,
      "motion_max": 0.03413411552892762,
      "texture": 3.6536987909227463,
      "edge": 0.013915509259259263,
      "noise": 0.017442353162914516,
      "entropy": 0.8847998023033142,
      "hf_energy": 2.2406042319727844,
      "flatness": 0.584310763888889,
      "si": 39.02134215743265,
      "ti": 18.51638304887037,
      "luma_mean": 0.4567832697893973,
      "sat_mean": 0.25271129947349313,
      "difficulty": 0.38391974338822304
    },
    {
      "index": 1,
      "start_sec": 1.0,
      "end_sec": 9.966666666666667,
      "duration": 8.966666666666667,
      "frame_count": 269,
      "motion": 0.02217623088008351,
      "motion_p90": 0.009748521090534978,
      "motion_max": 0.23570621520213023,
      "texture": 6.9355479789046655,
      "edge": 0.21608265817901234,
      "noise": 0.023256471380591393,
      "entropy": 0.9730882868170738,
      "hf_energy": 5.0,
      "flatness": 0.14396279417438274,
      "si": 133.6851653680584,
      "ti": 23.290547400818067,
      "luma_mean": 0.4733904320987654,
      "sat_mean": 0.23031789083303075,
      "difficulty": 0.5098423378182123
    },
    {
      "index": 2,
      "start_sec": 9.966666666666667,
      "end_sec": 10.966666666666667,
      "duration": 1.0,
      "frame_count": 30,
      "motion": 0.08935393745461147,
      "motion_p90": 0.11321156499636878,
      "motion_max": 0.40761987109658676,
      "texture": 2.9826572970792133,
      "edge": 0.00845042438271605,
      "noise": 0.08197905756533146,
      "entropy": 0.6968285262584686,
      "hf_energy": 2.3750965802466517,
      "flatness": 0.8662125771604939,
      "si": 45.383160545452114,
      "ti": 35.37413410839352,
      "luma_mean": 0.08915351836722343,
      "sat_mean": 0.591146186607359,
      "difficulty": 0.4456037989413959
    },
    {
      "index": 3,
      "start_sec": 10.966666666666667,
      "end_sec": 19.966666666666665,
      "duration": 8.999999999999998,
      "frame_count": 270,
      "motion": 0.039346566925381264,
      "motion_p90": 0.020872579278625028,
      "motion_max": 0.43727466109900753,
      "texture": 3.6436153290711237,
      "edge": 0.010008439429012346,
      "noise": 0.04832985342363827,
      "entropy": 0.8781732842326164,
      "hf_energy": 1.7187595846029093,
      "flatness": 0.7293336467978395,
      "si": 34.47190554141346,
      "ti": 25.121966753974434,
      "luma_mean": 0.40090806837781406,
      "sat_mean": 0.3804754665562213,
      "difficulty": 0.3876681741956628
    },
    {
      "index": 4,
      "start_sec": 19.966666666666665,
      "end_sec": 20.966666666666665,
      "duration": 1.0,
      "frame_count": 30,
      "motion": 0.03328403988138465,
      "motion_p90": 0.03466218001089316,
      "motion_max": 0.2475873502178649,
      "texture": 6.872091787996185,
      "edge": 0.21629726080246914,
      "noise": 0.045931529998779294,
      "entropy": 0.9729761123657227,
      "hf_energy": 5.0,
      "flatness": 0.14517110339506173,
      "si": 133.42876411356156,
      "ti": 14.367086025304395,
      "luma_mean": 0.473305776446381,
      "sat_mean": 0.23150338220164607,
      "difficulty": 0.5662222731451371
    },
    {
      "index": 5,
      "start_sec": 20.966666666666665,
      "end_sec": 28.1,
      "duration": 7.133333333333336,
      "frame_count": 214,
      "motion": 0.10531934137466714,
      "motion_p90": 0.16715573559670782,
      "motion_max": 0.42650379750665696,
      "texture": 3.1300876878383215,
      "edge": 0.015283805941358024,
      "noise": 0.07958073465852067,
      "entropy": 0.7432456091046333,
      "hf_energy": 2.276904024597877,
      "flatness": 0.8050371334876543,
      "si": 52.08712222796352,
      "ti": 41.43110531427543,
      "luma_mean": 0.1226063145840898,
      "sat_mean": 0.6314428099847191,
      "difficulty": 0.48951970401412676
    },
    {
      "index": 6,
      "start_sec": 28.1,
      "end_sec": 28.633333333333333,
      "duration": 0.5333333333333314,
      "frame_count": 16,
      "motion": 0.09150676919430324,
      "motion_p90": 0.1181018178104575,
      "motion_max": 0.14815227850399418,
      "texture": 3.4646964436216376,
      "edge": 0.04126125257201646,
      "noise": 0.05426509864628315,
      "entropy": 0.8419447938601176,
      "hf_energy": 5.0,
      "flatness": 0.7123013117283952,
      "si": 96.00534326572955,
      "ti": 35.56163697708583,
      "luma_mean": 0.1833278236706205,
      "sat_mean": 0.6013766264221738,
      "difficulty": 0.5191990791855458
    },
    {
      "index": 7,
      "start_sec": 28.633333333333333,
      "end_sec": 29.966666666666665,
      "duration": 1.3333333333333321,
      "frame_count": 40,
      "motion": 0.15003621015120197,
      "motion_p90": 0.17942836934156378,
      "motion_max": 0.180634660191237,
      "texture": 3.577079605321418,
      "edge": 0.03999925807217474,
      "noise": 0.11762407307441418,
      "entropy": 0.9067435906483576,
      "hf_energy": 5.0,
      "flatness": 0.6658944681861348,
      "si": 82.45403538046814,
      "ti": 43.95819701625032,
      "luma_mean": 0.3317289152840624,
      "sat_mean": 0.4026078152058544,
      "difficulty": 0.5850281046917672
    }
  ],
  "distributions": {
    "thresholds": {
      "high_complexity": 0.45,
      "low_complexity": 0.2
    },
    "metrics": {
      "motion_mean": {
        "mean": 0.0694499146016221,
        "max": 0.15003621015120197,
        "min": 0.02217623088008351,
        "p95": 0.13438530607941476,
        "variance": 0.0018907591697132175,
        "std": 0.043482860643168565
      },
      "motion_p90": {
        "mean": 0.08426707185381865,
        "max": 0.17942836934156378,
        "min": 0.009748521090534978,
        "p95": 0.1751329475308642,
        "variance": 0.004097923652132773,
        "std": 0.0640150267681954
      },
      "motion_max": {
        "mean": 0.26470161866830066,
        "max": 0.43727466109900753,
        "min": 0.03413411552892762,
        "p95": 0.4335048588416848,
        "variance": 0.018916629279848655,
        "std": 0.13753773765715596
      },