{
  "video": "9.mp4",
  "path": "/root/terry/videos/9.mp4",
  "extracted_at": "2026-07-17T18:21:00Z",
  "elapsed_sec": 18.638,
  "meta": {
    "path": "/root/terry/videos/9.mp4",
    "width": 3840,
    "height": 2160,
    "fps": 30.0,
    "frame_count": 900,
    "duration": 30.0,
    "detail_scale": 0.25,
    "texture_compensation": 16.0,
    "scene_spans_provided": false
  },
  "cut_times_sec": [
    5.0,
    10.0,
    15.0,
    20.0,
    25.0
  ],
  "global": {
    "mean_motion": 0.041853806395243276,
    "mean_texture": 4.015885749093778,
    "mean_noise": 0.03803401997235293,
    "mean_edge": 0.02681560249485596,
    "mean_entropy": 0.8069342610736687,
    "mean_hf_energy": 3.136317432536906,
    "mean_flatness": 0.719895150141461,
    "mean_luma": 0.26009564544374847,
    "mean_difficulty": 0.44521930131700077,
    "motion_p90": 0.13204849839627203,
    "motion_level": 0.47662593069679277,
    "texture_level": 0.487608239288125,
    "noise_level_norm": 0.44208116724727237,
    "edge_level": 0.3608340859069548,
    "segment_count": 6,
    "cut_count": 5,
    "cut_rate": 0.16666666666666666,
    "hard_fraction": 0.5,
    "worst_difficulty": 0.5493568839321182,
    "volatility": 0.48839239150962466,
    "duration": 30.0,
    "fps": 30.0,
    "width": 3840,
    "height": 2160,
    "n_segments": 6
  },
  "segments": [
    {
      "index": 0,
      "start_sec": 0.0,
      "end_sec": 5.0,
      "duration": 5.0,
      "frame_count": 150,
      "motion": 0.011895894796961995,
      "motion_p90": 0.017991112926652144,
      "motion_max": 0.01918136498426531,
      "texture": 4.4796835209082015,
      "edge": 0.06335985725308642,
      "noise": 0.0,
      "entropy": 0.7423670142889023,
      "hf_energy": 5.0,
      "flatness": 0.6065964988425926,
      "luma_mean": 0.18657039192992012,
      "difficulty": 0.36880860090427636
    },
    {
      "index": 1,
      "start_sec": 5.0,
      "end_sec": 10.0,
      "duration": 5.0,
      "frame_count": 150,
      "motion": 0.039928119704672,
      "motion_p90": 0.07925692553255868,
      "motion_max": 0.20087543875574923,
      "texture": 3.301113818396214,
      "edge": 0.012686873070987655,
      "noise": 0.038518530142027885,
      "entropy": 0.8021807074546814,
      "hf_energy": 1.8545943822892854,
      "flatness": 0.8206674382716049,
      "luma_mean": 0.2177630312348705,
      "difficulty": 0.42038708289773064
    },
    {
      "index": 2,
      "start_sec": 10.0,
      "end_sec": 15.0,
      "duration": 5.0,
      "frame_count": 150,
      "motion": 0.04451140859507384,
      "motion_p90": 0.09394785160977968,
      "motion_max": 0.28447363683127574,
      "texture": 4.27887791213066,
      "edge": 0.005258728780864198,
      "noise": 0.04069882439216599,
      "entropy": 0.8599440678954124,
      "hf_energy": 2.7646388528095707,
      "flatness": 0.7286979166666667,
      "luma_mean": 0.3609104134516461,
      "difficulty": 0.4559881025781234
    },
    {
      "index": 3,
      "start_sec": 15.0,
      "end_sec": 20.0,
      "duration": 5.0,
      "frame_count": 150,
      "motion": 0.06894239155924715,
      "motion_p90": 0.13204849839627203,
      "motion_max": 0.3597614606027596,
      "texture": 4.468098668439691,
      "edge": 0.06372540509259259,
      "noise": 0.05814117565751076,
      "entropy": 0.785103477537632,
      "hf_energy": 5.0,
      "flatness": 0.5986106288580247,
      "luma_mean": 0.21892104098583876,
      "difficulty": 0.5493568839321182
    },
    {
      "index": 4,
      "start_sec": 20.0,
      "end_sec": 25.0,
      "duration": 5.0,
      "frame_count": 150,
      "motion": 0.04063921701010651,
      "motion_p90": 0.08071398571774385,
      "motion_max": 0.21141694656257565,
      "texture": 3.286879449164273,
      "edge": 0.010579909336419753,
      "noise": 0.039972060825675726,
      "entropy": 0.7658115699887276,
      "hf_energy": 1.3878682582709976,
      "flatness": 0.8367103105709877,
      "luma_mean": 0.1921148887602881,
      "difficulty": 0.40813718613091404
    },
    {
      "index": 5,
      "start_sec": 25.0,
      "end_sec": 30.0,
      "duration": 5.0,
      "frame_count": 150,
      "motion": 0.045205806705398206,
      "motion_p90": 0.09376704944323402,
      "motion_max": 0.2851339339748245,
      "texture": 4.280661125523631,
      "edge": 0.0052828414351851856,
      "noise": 0.050873528816737235,
      "entropy": 0.8861987292766571,
      "hf_energy": 2.810803101851584,
      "flatness": 0.728088107638889,
      "luma_mean": 0.3842941062999274,
      "difficulty": 0.46863795145884224
    }
  ],
  "distributions": {
    "thresholds": {
      "high_complexity": 0.45,
      "low_complexity": 0.2
    },
    "metrics": {
      "motion_mean": {
        "mean": 0.04185380639524328,
        "max": 0.06894239155924715,
        "min": 0.011895894796961995,
        "p95": 0.06300824534578492,
        "variance": 0.00027579169427574676,
        "std": 0.016606977276908245
      },
      "motion_p90": {
        "mean": 0.08295423727104007,
        "max": 0.13204849839627203,
        "min": 0.017991112926652144,
        "p95": 0.12252333669964895,
        "variance": 0.0011478198840717522,
        "std": 0.033879490611161085
      },
      "motion_max": {
        "mean": 0.22680713028524166,
        "max": 0.3597614606027596,
        "min": 0.01918136498426531,
        "p95": 0.34110457894577584,
        "variance": 0.011403677458910147,
        "std": 0.10678800241089889
      },
      "texture": {
        "mean": 4.015885749093779,
        "max": 4.4796835209082015,
        "min": 3.286879449164273,
        "p95": 4.476787307791074,
        "variance": 0.266870812265966,
        "std": 0.5165954048053137
      },
      "edge_density": {
        "mean": 0.026815602494855966,
        "max": 0.06372540509259259,
        "min": 0.005258728780864198,
        "p95": 0.06363401813271605,
        "variance": 0.000681565569046662,
        "std": 0.026106810778926293
      },
      "noise_level": {
        "mean": 0.03803401997235293,
        "max": 0.05814117565751076,
        "min": 0.0,
        "p95": 0.05632426394731738,
        "variance": 0.00033780488456984346,
        "std": 0.018379469104678824
      },
      "high_freq_energy": {
        "mean": 3.136317432536906,
        "max": 5.0,
        "min": 1.3878682582709976,
        "p95": 5.0,
        "variance": 1.9817697438614175,
        "std": 1.407753438589804
      },
      "flatness": {
        "mean": 0.7198951501414609,
        "max": 0.8367103105709877,
        "min": 0.5986106288580247,
        "p95": 0.832699592496142,
        "variance": 0.008581994750217937,
        "std": 0.09263905628954743
      },
      "entropy": {
        "mean": 0.8069342610736688,
        "max": 0.8861987292766571,
        "min": 0.7423670142889023,
        "p95": 0.8796350639313459,
        "variance": 0.002575346666669909,
        "std": 0.050747873518699374
      },
      "difficulty": {
        "mean": 0.44521930131700077,
        "max": 0.5493568839321182,
        "min": 0.36880860090427636,
        "p95": 0.5291771508137992,
        "variance": 0.0032232256406412676,
        "std": 0.0567734589455431
      }
    },
    "high_complexity_ratio": 0.5,
    "low_complexity_ratio": 0.0,
    "high_complexity_segment_ratio": 0.5,
    "low_complexity_segment_ratio": 0.0,
    "scene_complexity_histogram": {
      "bins": [
        0.0,
        0.2,
        0.4,
        0.6,
        0.8,
        1.0
      ],
      "counts": [
        0,
        1,
        5,
        0,
        0
      ],
      "fractions": [
        0.0,
        0.16666666666666666,
        0.8333333333333334,
        0.0,
        0.0
      ]
    },
    "worst_segment_index": 3
  },
  "summary_raw": {
    "segment_count": 6.0,
    "cut_count": 5.0,
    "cut_rate": 0.16666666666666666,
    "hard_fraction": 0.5,
    "worst_difficulty": 0.5493568839321182,
    "difficulty_mean": 0.44521930131700077,
    "difficulty_p90": 0.5089974176954802,