{
  "video": "93c12a50-d444-4c89-94fc-325284e2d3e2.mp4",
  "path": "/root/workspace/raw videos/93c12a50-d444-4c89-94fc-325284e2d3e2.mp4",
  "extracted_at": "2026-07-21T16:13:38Z",
  "elapsed_sec": 70.161,
  "meta": {
    "path": "../raw videos/93c12a50-d444-4c89-94fc-325284e2d3e2.mp4",
    "width": 3840,
    "height": 2160,
    "fps": 30.0,
    "frame_count": 899,
    "duration": 29.966666666666665,
    "detail_scale": 0.25,
    "texture_compensation": 16.0,
    "scene_spans_provided": true,
    "scene_detect": {
      "detector": "content",
      "ok": true,
      "error": "",
      "detect_sec": 14.244,
      "n_scenes": 10
    },
    "samples_per_segment": 16,
    "si_ti_agg": "mean"
  },
  "cut_times_sec": [
    2.0,
    2.8,
    3.733333,
    4.8,
    10.0,
    12.0,
    20.0,
    21.233333,
    22.0
  ],
  "global": {
    "mean_motion": 0.07210790349926605,
    "mean_texture": 6.0072635716837235,
    "mean_noise": 0.019419953063481963,
    "mean_edge": 0.18477963694008864,
    "mean_entropy": 0.8875047077736782,
    "mean_hf_energy": 5.0,
    "mean_flatness": 0.339764978598477,
    "mean_luma": 0.3041344959017432,
    "mean_difficulty": 0.5289223880126278,
    "motion_p90": 0.12065683097312999,
    "motion_level": 0.4541830546240834,
    "texture_level": 0.587377408392609,
    "noise_level_norm": 0.2880445948278298,
    "edge_level": 0.795505104856645,
    "segment_count": 10,
    "cut_count": 9,
    "cut_rate": 0.3003337041156841,
    "hard_fraction": 1.0,
    "worst_difficulty": 0.5968588699603417,
    "volatility": 0.5158409947372518,
    "duration": 29.966666666666665,
    "fps": 30.0,
    "width": 3840,
    "height": 2160,
    "n_segments": 10
  },
  "segments": [
    {
      "index": 0,
      "start_sec": 0.0,
      "end_sec": 2.0,
      "duration": 2.0,
      "frame_count": 60,
      "motion": 0.06469122327750544,
      "motion_p90": 0.07451017459452917,
      "motion_max": 0.08281628237714839,
      "texture": 6.369196710578303,
      "edge": 0.2290503231095679,
      "noise": 0.0,
      "entropy": 0.8903725706040859,
      "hf_energy": 5.0,
      "flatness": 0.2130068479938272,
      "si": 97.86115966975261,
      "ti": 26.637437132663617,
      "luma_mean": 0.29922009227109053,
      "sat_mean": 0.495401783958182,
      "difficulty": 0.5109354128445643
    },
    {
      "index": 1,
      "start_sec": 2.0,
      "end_sec": 2.8,
      "duration": 0.7999999999999998,
      "frame_count": 24,
      "motion": 0.0891551805328613,
      "motion_p90": 0.12065683097312999,
      "motion_max": 0.20675037067296057,
      "texture": 6.332918693734907,
      "edge": 0.1912594039351852,
      "noise": 0.03706499934196472,
      "entropy": 0.8825014978647232,
      "hf_energy": 5.0,
      "flatness": 0.29197265625,
      "si": 122.42847991526395,
      "ti": 32.174520091141346,
      "luma_mean": 0.22430106965625757,
      "sat_mean": 0.5559512489409344,
      "difficulty": 0.5968588699603417
    },
    {
      "index": 2,
      "start_sec": 2.8,
      "end_sec": 3.7333333333333334,
      "duration": 0.9333333333333336,
      "frame_count": 28,
      "motion": 0.08483496126845799,
      "motion_p90": 0.08602913111232147,
      "motion_max": 0.08686681493585088,
      "texture": 6.264536866151847,
      "edge": 0.1868258101851852,
      "noise": 0.0,
      "entropy": 0.8751755118370056,
      "hf_energy": 5.0,
      "flatness": 0.310042824074074,
      "si": 123.82583386170856,
      "ti": 34.35953717145085,
      "luma_mean": 0.21921255522270636,
      "sat_mean": 0.5574580662975066,
      "difficulty": 0.5081471925886927
    },
    {
      "index": 3,
      "start_sec": 3.7333333333333334,
      "end_sec": 4.8,
      "duration": 1.0666666666666664,
      "frame_count": 32,
      "motion": 0.08178710663277658,
      "motion_p90": 0.0841958681312031,
      "motion_max": 0.084271385560397,
      "texture": 6.338831501906091,
      "edge": 0.1858371913580247,
      "noise": 0.0,
      "entropy": 0.8373358428478241,
      "hf_energy": 5.0,
      "flatness": 0.30620216049382715,
      "si": 123.4814723861883,
      "ti": 34.15991434557365,
      "luma_mean": 0.1989927408617768,
      "sat_mean": 0.5306573423505204,
      "difficulty": 0.5018887604050439
    },
    {
      "index": 4,
      "start_sec": 4.8,
      "end_sec": 10.0,
      "duration": 5.2,
      "frame_count": 156,
      "motion": 0.08319665571668482,
      "motion_p90": 0.08719323408375695,
      "motion_max": 0.0875787263979666,
      "texture": 6.3174662479292145,
      "edge": 0.1923118007330247,
      "noise": 0.0,
      "entropy": 0.8668483719229698,
      "hf_energy": 5.0,
      "flatness": 0.2888029272762346,
      "si": 123.27407267232022,
      "ti": 39.13673486074354,
      "luma_mean": 0.21392018191342896,
      "sat_mean": 0.5712926132065481,
      "difficulty": 0.509614838189834
    },
    {
      "index": 5,
      "start_sec": 10.0,
      "end_sec": 12.0,
      "duration": 2.0,
      "frame_count": 60,
      "motion": 0.05503421112851005,
      "motion_p90": 0.04446708575405471,
      "motion_max": 0.29541315662067297,
      "texture": 5.384883235042452,
      "edge": 0.14616126543209879,
      "noise": 0.038155145943164825,
      "entropy": 0.9144162908196449,
      "hf_energy": 5.0,
      "flatness": 0.513568431712963,
      "si": 99.48069380540245,
      "ti": 23.734607387349186,
      "luma_mean": 0.3867436801205822,
      "sat_mean": 0.4279866297695776,
      "difficulty": 0.5242384659163892
    },
    {
      "index": 6,
      "start_sec": 12.0,
      "end_sec": 20.0,
      "duration": 8.0,
      "frame_count": 240,
      "motion": 0.09010612215565239,
      "motion_p90": 0.09202637451585573,
      "motion_max": 0.24739390432098765,
      "texture": 6.392657072352215,
      "edge": 0.2251657744984568,
      "noise": 0.023983236402273178,
      "entropy": 0.889017179608345,
      "hf_energy": 5.0,
      "flatness": 0.2156125819830247,
      "si": 96.93220658237385,
      "ti": 33.32152389635795,
      "luma_mean": 0.30192295770545874,
      "sat_mean": 0.488542639210391,
      "difficulty": 0.5727138674122475
    },
    {
      "index": 7,
      "start_sec": 20.0,
      "end_sec": 21.233333333333334,
      "duration": 1.2333333333333343,
      "frame_count": 37,
      "motion": 0.0958224267033499,
      "motion_p90": 0.09023966351972888,
      "motion_max": 0.1851351519002663,
      "texture": 6.452816415649128,
      "edge": 0.19185155508072177,
      "noise": 0.012075475596178036,
      "entropy": 0.8732279951755817,
      "hf_energy": 5.0,
      "flatness": 0.28247492283950615,
      "si": 119.03338794681524,
      "ti": 33.551227296686044,
      "luma_mean": 0.22382910638139394,
      "sat_mean": 0.5560431074614081,
      "difficulty": 0.5440384084176934
    },
    {
      "index": 8,
      "start_sec": 21.233333333333334,
      "end_sec": 22.0,
      "duration": 0.7666666666666657,
      "frame_count": 23,
      "motion": 0.08239597274094823,
      "motion_p90": 0.084459477124183,
      "motion_max": 0.08594982298474944,
      "texture": 6.345622550230444,
      "edge": 0.19246307319223985,
      "noise": 0.0,
      "entropy": 0.8922999926975795,
      "hf_energy": 5.0,
      "flatness": 0.28613233024691354,
      "si": 121.10303431920741,
      "ti": 33.109032520066606,
      "luma_mean": 0.23282396924819307,
      "sat_mean": 0.5897586173358231,
      "difficulty": 0.511932045517963
    },
    {
      "index": 9,
      "start_sec": 22.0,
      "end_sec": 29.966666666666665,
      "duration": 7.966666666666665,
      "frame_count": 239,
      "motion": 0.043784534521756235,
      "motion_p90": 0.03810307355967078,
      "motion_max": 0.2871698060396998,
      "texture": 5.274391243379625,
      "edge": 0.13502290702160494,
      "noise": 0.03379455953836441,
      "entropy": 0.9024054333567619,
      "hf_energy": 5.0,
      "flatness": 0.5126957947530865,
      "si": 98.6054189428781,
      "ti": 29.815892316607133,
      "luma_mean": 0.397073029665184,