{
  "video": "95fe7029-a302-46c1-93de-6a1206369b6e.mp4",
  "path": "/root/workspace/raw videos/95fe7029-a302-46c1-93de-6a1206369b6e.mp4",
  "extracted_at": "2026-07-21T16:14:47Z",
  "elapsed_sec": 75.764,
  "meta": {
    "path": "../raw videos/95fe7029-a302-46c1-93de-6a1206369b6e.mp4",
    "width": 3840,
    "height": 2160,
    "fps": 30.0,
    "frame_count": 900,
    "duration": 30.0,
    "detail_scale": 0.25,
    "texture_compensation": 16.0,
    "scene_spans_provided": true,
    "scene_detect": {
      "detector": "content",
      "ok": true,
      "error": "",
      "detect_sec": 20.95,
      "n_scenes": 6
    },
    "samples_per_segment": 16,
    "si_ti_agg": "mean"
  },
  "cut_times_sec": [
    6.0,
    10.0,
    16.0,
    20.0,
    26.0
  ],
  "global": {
    "mean_motion": 0.04483342619069233,
    "mean_texture": 4.3121886033671295,
    "mean_noise": 0.025703245036614437,
    "mean_edge": 0.07303111336162552,
    "mean_entropy": 0.796809786806504,
    "mean_hf_energy": 4.222975101091471,
    "mean_flatness": 0.6388322321887862,
    "mean_luma": 0.3635562421515674,
    "mean_difficulty": 0.41650054505767753,
    "motion_p90": 0.08118447031590414,
    "motion_level": 0.3589303465552545,
    "texture_level": 0.5054024007000237,
    "noise_level_norm": 0.34873966572089915,
    "edge_level": 0.6059108832962712,
    "segment_count": 6,
    "cut_count": 5,
    "cut_rate": 0.16666666666666666,
    "hard_fraction": 0.3333333333333333,
    "worst_difficulty": 0.5553408712132553,
    "volatility": 0.5113877804203104,
    "duration": 30.0,
    "fps": 30.0,
    "width": 3840,
    "height": 2160,
    "n_segments": 6
  },
  "segments": [
    {
      "index": 0,
      "start_sec": 0.0,
      "end_sec": 6.0,
      "duration": 6.0,
      "frame_count": 180,
      "motion": 0.061637521086752606,
      "motion_p90": 0.08118447031590414,
      "motion_max": 0.08251815541031228,
      "texture": 6.606754810242714,
      "edge": 0.19553554205246915,
      "noise": 0.0,
      "entropy": 0.9307825677096844,
      "hf_energy": 5.0,
      "flatness": 0.23139720775462963,
      "si": 106.64382802019865,
      "ti": 37.05526111313832,
      "luma_mean": 0.4459856099461389,
      "sat_mean": 0.24038167778685549,
      "difficulty": 0.5203306646323292
    },
    {
      "index": 1,
      "start_sec": 6.0,
      "end_sec": 10.0,
      "duration": 4.0,
      "frame_count": 120,
      "motion": 0.02709250701630961,
      "motion_p90": 0.010752303467683369,
      "motion_max": 0.30005680374001453,
      "texture": 3.767830188947392,
      "edge": 0.010726875964506173,
      "noise": 0.03488470645970665,
      "entropy": 0.9094100818037987,
      "hf_energy": 2.946377024487003,
      "flatness": 0.8493872974537038,
      "si": 39.99316879010984,
      "ti": 17.75383119904599,
      "luma_mean": 0.45781083717244614,
      "sat_mean": 0.3050851039586359,
      "difficulty": 0.37421993231741696
    },
    {
      "index": 2,
      "start_sec": 10.0,
      "end_sec": 16.0,
      "duration": 6.0,
      "frame_count": 180,
      "motion": 0.03666739902944203,
      "motion_p90": 0.02025292377753571,
      "motion_max": 0.3466860021786492,
      "texture": 2.7233573980244965,
      "edge": 0.01882245852623457,
      "noise": 0.03452132269740105,
      "entropy": 0.5612799748778343,
      "hf_energy": 5.0,
      "flatness": 0.819786361882716,
      "si": 66.65895723904643,
      "ti": 33.9149159132977,
      "luma_mean": 0.18517878493025297,
      "sat_mean": 0.21634111037354756,
      "difficulty": 0.34346702414172303
    },
    {
      "index": 3,
      "start_sec": 16.0,
      "end_sec": 20.0,
      "duration": 4.0,
      "frame_count": 120,
      "motion": 0.08603368301410069,
      "motion_p90": 0.0774521945352215,
      "motion_max": 0.3909589839022029,
      "texture": 6.376056241883747,
      "edge": 0.1815602092978395,
      "noise": 0.019622646272182465,
      "entropy": 0.9237070977687836,
      "hf_energy": 5.0,
      "flatness": 0.26892988040123456,
      "si": 98.49813115392661,
      "ti": 34.5609910732468,
      "luma_mean": 0.4635284879190874,
      "sat_mean": 0.22817463849930403,
      "difficulty": 0.5553408712132553
    },
    {
      "index": 4,
      "start_sec": 20.0,
      "end_sec": 26.0,
      "duration": 6.0,
      "frame_count": 180,
      "motion": 0.02405607563241346,
      "motion_p90": 0.007332542816509319,
      "motion_max": 0.30548369038973616,
      "texture": 3.656644093438805,
      "edge": 0.010140576774691358,
      "noise": 0.034157940943259746,
      "entropy": 0.9033825770020485,
      "hf_energy": 2.483957489132687,
      "flatness": 0.8511598186728395,
      "si": 35.949529192144944,
      "ti": 19.463572324680833,
      "luma_mean": 0.45259364598462837,
      "sat_mean": 0.29919773511256353,
      "difficulty": 0.3610224679682843
    },
    {
      "index": 5,
      "start_sec": 26.0,
      "end_sec": 30.0,
      "duration": 4.0,
      "frame_count": 120,
      "motion": 0.039583012776870014,
      "motion_p90": 0.02203256248487049,
      "motion_max": 0.3501351897240378,
      "texture": 2.7173936418633033,
      "edge": 0.018698398919753084,
      "noise": 0.03524808958172798,
      "entropy": 0.5497885420918465,
      "hf_energy": 5.0,
      "flatness": 0.819409481095679,
      "si": 66.07430295350986,
      "ti": 34.87438397645306,
      "luma_mean": 0.17969542975369157,
      "sat_mean": 0.21949534862170175,
      "difficulty": 0.3446223100730565
    }
  ],
  "distributions": {
    "thresholds": {
      "high_complexity": 0.45,
      "low_complexity": 0.2
    },
    "metrics": {
      "motion_mean": {
        "mean": 0.04584503309264807,
        "max": 0.08603368301410069,
        "min": 0.02405607563241346,
        "p95": 0.07993464253226368,
        "variance": 0.00046906467107233566,
        "std": 0.021657900892568874
      },
      "motion_p90": {
        "mean": 0.03650116623295409,
        "max": 0.08118447031590414,
        "min": 0.007332542816509319,
        "p95": 0.08025140137073349,
        "variance": 0.0009434571309677868,
        "std": 0.030715747279983063
      },
      "motion_max": {
        "mean": 0.29597313755749216,
        "max": 0.3909589839022029,
        "min": 0.08251815541031228,
        "p95": 0.38075303535766164,
        "variance": 0.010032964981152413,
        "std": 0.10016468929294602
      },
      "texture": {
        "mean": 4.308006062400076,
        "max": 6.606754810242714,
        "min": 2.7173936418633033,
        "p95": 6.5490801681529724,
        "variance": 2.553049833552195,
        "std": 1.5978265968346488
      },
      "edge_density": {
        "mean": 0.07258067692258231,
        "max": 0.19553554205246915,
        "min": 0.010140576774691358,
        "p95": 0.19204170886381172,
        "variance": 0.006752057010533656,
        "std": 0.08217090123963383
      },
      "noise_level": {
        "mean": 0.026405784325712982,
        "max": 0.03524808958172798,
        "min": 0.0,
        "p95": 0.03515724380122265,
        "variance": 0.0001698854642982528,
        "std": 0.01303401182668839
      },
      "high_freq_energy": {
        "mean": 4.2383890856032815,
        "max": 5.0,
        "min": 2.483957489132687,
        "p95": 5.0,
        "variance": 1.1779216887461859,
        "std": 1.0853210072352721
      },
      "flatness": {
        "mean": 0.6400116745434671,
        "max": 0.8511598186728395,
        "min": 0.23139720775462963,
        "p95": 0.8507166883680556,
        "variance": 0.07626528030915694,
        "std": 0.27616169232744237
      },
      "entropy": {
        "mean": 0.796391806875666,
        "max": 0.9307825677096844,
        "min": 0.5497885420918465,
        "p95": 0.9290137002244592,
        "variance": 0.02909682650002135,
        "std": 0.17057791914553697
      },
      "difficulty": {
        "mean": 0.41650054505767753,
        "max": 0.5553408712132553,
        "min": 0.34346702414172303,
        "p95": 0.5465883195680238,