{
  "video": "99f52c10-d4ff-440b-8ec4-02f47080ce59.mp4",
  "path": "/root/workspace/raw videos/99f52c10-d4ff-440b-8ec4-02f47080ce59.mp4",
  "extracted_at": "2026-07-21T16:14:56Z",
  "elapsed_sec": 78.046,
  "meta": {
    "path": "../raw videos/99f52c10-d4ff-440b-8ec4-02f47080ce59.mp4",
    "width": 3840,
    "height": 2160,
    "fps": 30.0,
    "frame_count": 897,
    "duration": 29.9,
    "detail_scale": 0.25,
    "texture_compensation": 16.0,
    "scene_spans_provided": true,
    "scene_detect": {
      "detector": "content",
      "ok": true,
      "error": "",
      "detect_sec": 26.024,
      "n_scenes": 6
    },
    "samples_per_segment": 16,
    "si_ti_agg": "mean"
  },
  "cut_times_sec": [
    1.0,
    9.966667,
    10.966667,
    19.933333,
    20.933333
  ],
  "global": {
    "mean_motion": 0.07788370563488765,
    "mean_texture": 4.727907623264221,
    "mean_noise": 0.06337598867588774,
    "mean_edge": 0.08904723658228902,
    "mean_entropy": 0.9213362027877483,
    "mean_hf_energy": 4.100941944569875,
    "mean_flatness": 0.48307429232450927,
    "mean_luma": 0.42100085071597065,
    "mean_difficulty": 0.5091391686319707,
    "motion_p90": 0.2437698915214234,
    "motion_level": 0.6270287304591599,
    "texture_level": 0.5283813626966644,
    "noise_level_norm": 0.569027394767435,
    "edge_level": 0.6521350326165369,
    "segment_count": 6,
    "cut_count": 5,
    "cut_rate": 0.16722408026755853,
    "hard_fraction": 0.6666666666666666,
    "worst_difficulty": 0.5983230241705285,
    "volatility": 0.6944525523137863,
    "duration": 29.9,
    "fps": 30.0,
    "width": 3840,
    "height": 2160,
    "n_segments": 6
  },
  "segments": [
    {
      "index": 0,
      "start_sec": 0.0,
      "end_sec": 1.0,
      "duration": 1.0,
      "frame_count": 30,
      "motion": 0.02609638404744614,
      "motion_p90": 0.03157802514524328,
      "motion_max": 0.03199226125635439,
      "texture": 3.7827559975032985,
      "edge": 0.019912229938271603,
      "noise": 0.008721176767721772,
      "entropy": 0.9050879657268525,
      "hf_energy": 2.450515053164473,
      "flatness": 0.5484884259259261,
      "si": 41.30795349319057,
      "ti": 21.14856543700904,
      "luma_mean": 0.4719222812273058,
      "sat_mean": 0.2937586850944081,
      "difficulty": 0.38311946329528046
    },
    {
      "index": 1,
      "start_sec": 1.0,
      "end_sec": 9.966666666666667,
      "duration": 8.966666666666667,
      "frame_count": 269,
      "motion": 0.1675264492178044,
      "motion_p90": 0.2437698915214234,
      "motion_max": 0.31006747760832726,
      "texture": 3.4638798825916535,
      "edge": 0.03451931423611111,
      "noise": 0.13299794029444456,
      "entropy": 0.8944885469973087,
      "hf_energy": 4.954529755135392,
      "flatness": 0.6979222125771605,
      "si": 69.80375962465345,
      "ti": 44.40966871639008,
      "luma_mean": 0.33902047448030137,
      "sat_mean": 0.4060563323612624,
      "difficulty": 0.5983230241705285
    },
    {
      "index": 2,
      "start_sec": 9.966666666666667,
      "end_sec": 10.966666666666667,
      "duration": 1.0,
      "frame_count": 30,
      "motion": 0.03798082561728394,
      "motion_p90": 0.03935800351004589,
      "motion_max": 0.2945440193052529,
      "texture": 6.8712137148476184,
      "edge": 0.21629128086419752,
      "noise": 0.0389545887708664,
      "entropy": 0.9729785799980164,
      "hf_energy": 5.0,
      "flatness": 0.14524594907407407,
      "si": 133.43173512192203,
      "ti": 14.368608795281258,
      "luma_mean": 0.47330904820261444,
      "sat_mean": 0.23148884501331396,
      "difficulty": 0.5652014724923629
    },
    {
      "index": 3,
      "start_sec": 10.966666666666667,
      "end_sec": 19.933333333333334,
      "duration": 8.966666666666667,
      "frame_count": 269,
      "motion": 0.038835615525145244,
      "motion_p90": 0.030700594589687727,
      "motion_max": 0.2663265628782377,
      "texture": 3.807034784898007,
      "edge": 0.01624782986111111,
      "noise": 0.03197764736250974,
      "entropy": 0.9022120833396912,
      "hf_energy": 2.4170655577559916,
      "flatness": 0.6157275993441358,
      "si": 39.17858005800464,
      "ti": 35.19118063090154,
      "luma_mean": 0.46393674447016464,
      "sat_mean": 0.3255983134380296,
      "difficulty": 0.41117826122413526
    },
    {
      "index": 4,
      "start_sec": 19.933333333333334,
      "end_sec": 20.933333333333334,
      "duration": 1.0,
      "frame_count": 30,
      "motion": 0.16010379372427985,
      "motion_p90": 0.23834042604696196,
      "motion_max": 0.362473364500121,
      "texture": 3.409706061254775,
      "edge": 0.03308429783950617,
      "noise": 0.12035223469138145,
      "entropy": 0.8339909732341766,
      "hf_energy": 4.235677783882066,
      "flatness": 0.6784606481481481,
      "si": 78.59564024392618,
      "ti": 46.647102576937556,
      "luma_mean": 0.19575605634229004,
      "sat_mean": 0.6573146082970225,
      "difficulty": 0.5801917670091642
    },
    {
      "index": 5,
      "start_sec": 20.933333333333334,
      "end_sec": 29.9,
      "duration": 8.966666666666665,
      "frame_count": 269,
      "motion": 0.028345198650447833,
      "motion_p90": 0.010558509592108448,
      "motion_max": 0.33171323529411767,
      "texture": 6.926196354294115,
      "edge": 0.2161352237654321,
      "noise": 0.02761705857119523,
      "entropy": 0.9731017798185349,
      "hf_energy": 5.0,
      "flatness": 0.14416353202160492,
      "si": 133.69272573443706,
      "ti": 23.24927150000882,
      "luma_mean": 0.47365297257020095,
      "sat_mean": 0.22995352167680344,
      "difficulty": 0.5168210236003528
    }
  ],
  "distributions": {
    "thresholds": {
      "high_complexity": 0.45,
      "low_complexity": 0.2
    },
    "metrics": {
      "motion_mean": {
        "mean": 0.0764813777970679,
        "max": 0.1675264492178044,
        "min": 0.02609638404744614,
        "p95": 0.16567078534442325,
        "variance": 0.003839524791446325,
        "std": 0.06196389909815493
      },
      "motion_p90": {
        "mean": 0.09905090840091178,
        "max": 0.2437698915214234,
        "min": 0.010558509592108448,
        "p95": 0.24241252515280803,
        "variance": 0.010160609452612731,
        "std": 0.10079984847514768
      },
      "motion_max": {
        "mean": 0.26618615347373514,
        "max": 0.362473364500121,
        "min": 0.03199226125635439,
        "p95": 0.3547833321986202,
        "variance": 0.011856927248030898,
        "std": 0.10888951854072502
      },
      "texture": {
        "mean": 4.710131132564911,
        "max": 6.926196354294115,
        "min": 3.409706061254775,
        "p95": 6.912450694432491,
        "variance": 2.416846365475854,
        "std": 1.554620971644167
      },
      "edge_density": {
        "mean": 0.08936502941743828,
        "max": 0.21629128086419752,
        "min": 0.01624782986111111,
        "p95": 0.21625226658950616,
        "variance": 0.008087724154750947,
        "std": 0.08993177500055777
      },
      "noise_level": {
        "mean": 0.06010344107635319,
        "max": 0.13299794029444456,
        "min": 0.008721176767721772,
        "p95": 0.12983651389367878,
        "variance": 0.002312893584658176,
        "std": 0.048092552278478376
      },
      "high_freq_energy": {
        "mean": 4.009631358322987,
        "max": 5.0,
        "min": 2.4170655577559916,
        "p95": 5.0,
        "variance": 1.3121165902979608,
        "std": 1.1454765778041736
      },
      "flatness": {
        "mean": 0.4716680611818415,
        "max": 0.6979222125771605,
        "min": 0.14416353202160492,
        "p95": 0.6930568214699073,
        "variance": 0.05573654098602421,
        "std": 0.23608587629509778
      },
      "entropy": {
        "mean": 0.9136433215190967,
        "max": 0.9731017798185349,
        "min": 0.8339909732341766,
        "p95": 0.9730709798634052,
        "variance": 0.0023285417425725295,