{
  "video": "9a4452a7-b318-43d0-9310-125e0ffc1f95.mp4",
  "path": "/root/workspace/raw videos/9a4452a7-b318-43d0-9310-125e0ffc1f95.mp4",
  "extracted_at": "2026-07-21T16:15:16Z",
  "elapsed_sec": 65.378,
  "meta": {
    "path": "../raw videos/9a4452a7-b318-43d0-9310-125e0ffc1f95.mp4",
    "width": 3840,
    "height": 2160,
    "fps": 30.0,
    "frame_count": 897,
    "duration": 29.9,
    "detail_scale": 0.25,
    "texture_compensation": 16.0,
    "scene_spans_provided": true,
    "scene_detect": {
      "detector": "content",
      "ok": true,
      "error": "",
      "detect_sec": 18.099,
      "n_scenes": 6
    },
    "samples_per_segment": 16,
    "si_ti_agg": "mean"
  },
  "cut_times_sec": [
    6.0,
    9.966667,
    15.966667,
    19.933333,
    25.933333
  ],
  "global": {
    "mean_motion": 0.042010990247083595,
    "mean_texture": 4.69802589488086,
    "mean_noise": 0.022282589928567857,
    "mean_edge": 0.07541462246733797,
    "mean_entropy": 0.8335847928455575,
    "mean_hf_energy": 4.925137312284202,
    "mean_flatness": 0.5480114213337153,
    "mean_luma": 0.2651512041280932,
    "mean_difficulty": 0.4519429229230549,
    "motion_p90": 0.07881562046114741,
    "motion_level": 0.3521453073684336,
    "texture_level": 0.5268011048922419,
    "noise_level_norm": 0.3170428117577184,
    "edge_level": 0.613552895119357,
    "segment_count": 6,
    "cut_count": 5,
    "cut_rate": 0.16722408026755853,
    "hard_fraction": 0.4659977703455965,
    "worst_difficulty": 0.5657571788526073,
    "volatility": 0.4946167743205844,
    "duration": 29.9,
    "fps": 30.0,
    "width": 3840,
    "height": 2160,
    "n_segments": 6
  },
  "segments": [
    {
      "index": 0,
      "start_sec": 0.0,
      "end_sec": 6.0,
      "duration": 6.0,
      "frame_count": 180,
      "motion": 0.060931100690662064,
      "motion_p90": 0.07881562046114741,
      "motion_max": 0.09283377965383685,
      "texture": 5.669009635440668,
      "edge": 0.1739508584104938,
      "noise": 0.01598882387042977,
      "entropy": 0.9337139427661896,
      "hf_energy": 5.0,
      "flatness": 0.20313271604938274,
      "si": 107.94745759565922,
      "ti": 37.43745938332831,
      "luma_mean": 0.37746155355467803,
      "sat_mean": 0.39292527157467927,
      "difficulty": 0.5486704570476743
    },
    {
      "index": 1,
      "start_sec": 6.0,
      "end_sec": 9.966666666666667,
      "duration": 3.966666666666667,
      "frame_count": 119,
      "motion": 0.0442805062900932,
      "motion_p90": 0.04683831094166061,
      "motion_max": 0.28858298535463567,
      "texture": 5.114521035959819,
      "edge": 0.04799985532407407,
      "noise": 0.02725367681705393,
      "entropy": 0.7513449490070343,
      "hf_energy": 4.975451712961505,
      "flatness": 0.6455314429012345,
      "si": 63.29902717805321,
      "ti": 20.93338715632149,
      "luma_mean": 0.17753994568506415,
      "sat_mean": 0.7559053228448015,
      "difficulty": 0.4555592142548166
    },
    {
      "index": 2,
      "start_sec": 9.966666666666667,
      "end_sec": 15.966666666666667,
      "duration": 6.0,
      "frame_count": 180,
      "motion": 0.027312636165577338,
      "motion_p90": 0.020930324830549504,
      "motion_max": 0.20325823801742918,
      "texture": 4.046916422035602,
      "edge": 0.026743224344135803,
      "noise": 0.015988823783118278,
      "entropy": 0.8579501397907734,
      "hf_energy": 5.0,
      "flatness": 0.6825389419367285,
      "si": 68.38119956246828,
      "ti": 28.909173786879833,
      "luma_mean": 0.2613664499364561,
      "sat_mean": 0.4430797353470709,
      "difficulty": 0.3975581923926848
    },
    {
      "index": 3,
      "start_sec": 15.966666666666667,
      "end_sec": 19.933333333333334,
      "duration": 3.966666666666667,
      "frame_count": 119,
      "motion": 0.06967787574134592,
      "motion_p90": 0.07717846768336964,
      "motion_max": 0.21857262920600337,
      "texture": 5.787616618949659,
      "edge": 0.17398618344907407,
      "noise": 0.027253676700638607,
      "entropy": 0.9317473992705345,
      "hf_energy": 5.0,
      "flatness": 0.18879340277777779,
      "si": 104.49562229137226,
      "ti": 34.61055470697375,
      "luma_mean": 0.382189924030955,
      "sat_mean": 0.42517925678180224,
      "difficulty": 0.5657571788526073
    },
    {
      "index": 4,
      "start_sec": 19.933333333333334,
      "end_sec": 25.933333333333334,
      "duration": 6.0,
      "frame_count": 180,
      "motion": 0.030048016805101673,
      "motion_p90": 0.01622450677801985,
      "motion_max": 0.3371424367586541,
      "texture": 3.814008982314819,
      "edge": 0.009895592206790123,
      "noise": 0.031977646955056116,
      "entropy": 0.6705437526106834,
      "hf_energy": 4.643163418202835,
      "flatness": 0.8534929591049383,
      "si": 50.90331127235085,
      "ti": 16.606092257264383,
      "luma_mean": 0.13585248445442993,
      "sat_mean": 0.8207019538814755,
      "difficulty": 0.35342741719459103
    },
    {
      "index": 5,
      "start_sec": 25.933333333333334,
      "end_sec": 29.9,
      "duration": 3.966666666666665,
      "frame_count": 119,
      "motion": 0.023783992696229727,
      "motion_p90": 0.011836548353909463,
      "motion_max": 0.2338449301016703,
      "texture": 4.045265038752161,
      "edge": 0.027936439043209877,
      "noise": 0.016715588804800063,
      "entropy": 0.875967726111412,
      "hf_energy": 5.0,
      "flatness": 0.6658147665895061,
      "si": 68.27638141673489,
      "ti": 19.503182194864504,
      "luma_mean": 0.26714527543270394,
      "sat_mean": 0.46268729433324257,
      "difficulty": 0.3906850777959552
    }
  ],
  "distributions": {
    "thresholds": {
      "high_complexity": 0.45,
      "low_complexity": 0.2
    },
    "metrics": {
      "motion_mean": {
        "mean": 0.042672354731501654,
        "max": 0.06967787574134592,
        "min": 0.023783992696229727,
        "p95": 0.06749118197867496,
        "variance": 0.00030288853388825665,
        "std": 0.017403693110608926
      },
      "motion_p90": {
        "mean": 0.04197062984144275,
        "max": 0.07881562046114741,
        "min": 0.011836548353909463,
        "p95": 0.07840633226670297,
        "variance": 0.0007724099422347657,
        "std": 0.02779226407176583
      },
      "motion_max": {
        "mean": 0.22903916651537157,
        "max": 0.3371424367586541,
        "min": 0.09283377965383685,
        "p95": 0.3250025739076495,
        "variance": 0.005763498475077903,
        "std": 0.07591770857367801
      },
      "texture": {
        "mean": 4.746222955575455,
        "max": 5.787616618949659,
        "min": 3.814008982314819,
        "p95": 5.757964873072412,
        "variance": 0.6535123359364291,
        "std": 0.8084010984260407
      },
      "edge_density": {
        "mean": 0.07675202546296296,
        "max": 0.17398618344907407,
        "min": 0.009895592206790123,
        "p95": 0.173977352189429,
        "variance": 0.004847067704651586,
        "std": 0.06962088554917688
      },
      "noise_level": {
        "mean": 0.022529706155182794,
        "max": 0.031977646955056116,
        "min": 0.015988823783118278,
        "p95": 0.03079665442055557,
        "variance": 4.2210937619777674e-05,
        "std": 0.006496994506675966
      },
      "high_freq_energy": {
        "mean": 4.936435855194056,
        "max": 5.0,
        "min": 4.643163418202835,
        "p95": 5.0,
        "variance": 0.01728209357929055,
        "std": 0.13146137675869118
      },
      "flatness": {
        "mean": 0.5398840382265947,
        "max": 0.8534929591049383,
        "min": 0.18879340277777779,
        "p95": 0.8107544548128858,
        "variance": 0.0637311644259136,
        "std": 0.25245032070867646
      },
      "entropy": {
        "mean": 0.8368779849261045,
        "max": 0.9337139427661896,
        "min": 0.6705437526106834,
        "p95": 0.9332223068922758,
        "variance": 0.009222071526488367,