{
  "video": "9b7edec4-67fb-49da-9ddc-6d8f620676ba.mp4",
  "path": "/root/workspace/raw videos/9b7edec4-67fb-49da-9ddc-6d8f620676ba.mp4",
  "extracted_at": "2026-07-21T16:17:04Z",
  "elapsed_sec": 82.663,
  "meta": {
    "path": "../raw videos/9b7edec4-67fb-49da-9ddc-6d8f620676ba.mp4",
    "width": 3840,
    "height": 2160,
    "fps": 30.0,
    "frame_count": 899,
    "duration": 29.966666666666665,
    "detail_scale": 0.25,
    "texture_compensation": 16.0,
    "scene_spans_provided": true,
    "scene_detect": {
      "detector": "content",
      "ok": true,
      "error": "",
      "detect_sec": 21.274,
      "n_scenes": 7
    },
    "samples_per_segment": 16,
    "si_ti_agg": "mean"
  },
  "cut_times_sec": [
    2.0,
    10.0,
    11.2,
    11.733333,
    20.0,
    22.0
  ],
  "global": {
    "mean_motion": 0.06491996577308405,
    "mean_texture": 4.702517020185222,
    "mean_noise": 0.06180908869474387,
    "mean_edge": 0.08605723256071275,
    "mean_entropy": 0.908502805562297,
    "mean_hf_energy": 3.827676653607014,
    "mean_flatness": 0.514863667705129,
    "mean_luma": 0.4024638051740277,
    "mean_difficulty": 0.48029108377786756,
    "motion_p90": 0.2307436077826192,
    "motion_level": 0.6140985581745744,
    "texture_level": 0.5270392883024843,
    "noise_level_norm": 0.5628777128509439,
    "edge_level": 0.6443472278567367,
    "segment_count": 7,
    "cut_count": 6,
    "cut_rate": 0.20022246941045607,
    "hard_fraction": 0.6573971078976639,
    "worst_difficulty": 0.5981262850209089,
    "volatility": 0.7180483694098071,
    "duration": 29.966666666666665,
    "fps": 30.0,
    "width": 3840,
    "height": 2160,
    "n_segments": 7
  },
  "segments": [
    {
      "index": 0,
      "start_sec": 0.0,
      "end_sec": 2.0,
      "duration": 2.0,
      "frame_count": 60,
      "motion": 0.009626732801531108,
      "motion_p90": 0.012806875605180344,
      "motion_max": 0.01302006929314936,
      "texture": 3.644404463230732,
      "edge": 0.00801468460648148,
      "noise": 0.0032704412878956646,
      "entropy": 0.8607742823660374,
      "hf_energy": 1.553444293376172,
      "flatness": 0.7955354214891974,
      "si": 30.271686655113992,
      "ti": 10.316234764834713,
      "luma_mean": 0.3499093747163217,
      "sat_mean": 0.4547953029494977,
      "difficulty": 0.3000549451940928
    },
    {
      "index": 1,
      "start_sec": 2.0,
      "end_sec": 10.0,
      "duration": 8.0,
      "frame_count": 240,
      "motion": 0.022285595478546357,
      "motion_p90": 0.007719653988138465,
      "motion_max": 0.25814491799806344,
      "texture": 6.953566972558571,
      "edge": 0.21618778935185184,
      "noise": 0.0290705886145588,
      "entropy": 0.973730992525816,
      "hf_energy": 5.0,
      "flatness": 0.13987220293209876,
      "si": 133.79670070758988,
      "ti": 20.19910616919399,
      "luma_mean": 0.47884956824164854,
      "sat_mean": 0.23000328924972768,
      "difficulty": 0.5147830652987854
    },
    {
      "index": 2,
      "start_sec": 10.0,
      "end_sec": 11.2,
      "duration": 1.1999999999999993,
      "frame_count": 36,
      "motion": 0.16237315483034775,
      "motion_p90": 0.221278323953038,
      "motion_max": 0.39747516491164364,
      "texture": 3.4022367924712165,
      "edge": 0.03584297839506173,
      "noise": 0.13033313490450382,
      "entropy": 0.8500609844923019,
      "hf_energy": 4.408972278614864,
      "flatness": 0.660693962191358,
      "si": 79.90419222426087,
      "ti": 45.62445148195035,
      "luma_mean": 0.2073631863753732,
      "sat_mean": 0.6488000282417495,
      "difficulty": 0.5843191516046017
    },
    {
      "index": 3,
      "start_sec": 11.2,
      "end_sec": 11.733333333333333,
      "duration": 0.5333333333333332,
      "frame_count": 16,
      "motion": 0.09151259531590412,
      "motion_p90": 0.11811015416969256,
      "motion_max": 0.1481750408496732,
      "texture": 3.467838229744179,
      "edge": 0.04124453446502058,
      "noise": 0.05426509864628315,
      "entropy": 0.8418420354525248,
      "hf_energy": 5.0,
      "flatness": 0.7131918724279834,
      "si": 96.02536823352432,
      "ti": 35.56244071690918,
      "luma_mean": 0.1833177045509562,
      "sat_mean": 0.601219787632131,
      "difficulty": 0.5191783051429459
    },
    {
      "index": 4,
      "start_sec": 11.733333333333333,
      "end_sec": 20.0,
      "duration": 8.266666666666667,
      "frame_count": 248,
      "motion": 0.020764408965746793,
      "motion_p90": 0.019134376512950857,
      "motion_max": 0.06985552075768578,
      "texture": 3.7255438097536127,
      "edge": 0.010358314043209877,
      "noise": 0.010901470872340724,
      "entropy": 0.8599016219377518,
      "hf_energy": 1.7299168822989524,
      "flatness": 0.6693455825617284,
      "si": 34.20508888608451,
      "ti": 24.362324055399178,
      "luma_mean": 0.40128061219665334,
      "sat_mean": 0.32760302675275355,
      "difficulty": 0.339847269708233
    },
    {
      "index": 5,
      "start_sec": 20.0,
      "end_sec": 22.0,
      "duration": 2.0,
      "frame_count": 60,
      "motion": 0.02029430061955338,
      "motion_p90": 0.008363350278382958,
      "motion_max": 0.2221379432946018,
      "texture": 6.939846418471357,
      "edge": 0.21590145158179014,
      "noise": 0.021802940260386094,
      "entropy": 0.9729669727385044,
      "hf_energy": 5.0,
      "flatness": 0.14181303047839505,
      "si": 133.62782458711342,
      "ti": 11.262755381297614,
      "luma_mean": 0.47549916834982453,
      "sat_mean": 0.2319417234968833,
      "difficulty": 0.5057285644755052
    },
    {
      "index": 6,
      "start_sec": 22.0,
      "end_sec": 29.966666666666665,
      "duration": 7.966666666666665,
      "frame_count": 239,
      "motion": 0.16217588195579158,
      "motion_p90": 0.2307436077826192,
      "motion_max": 0.28614596949891064,
      "texture": 3.4382881749228695,
      "edge": 0.03149076485339507,
      "noise": 0.1624319136608392,
      "entropy": 0.9024972319602966,
      "hf_energy": 4.937791904392723,
      "flatness": 0.7190729890046297,
      "si": 69.30010301841679,
      "ti": 42.13295256827105,
      "luma_mean": 0.3659029375832123,
      "sat_mean": 0.37948166019880175,
      "difficulty": 0.5981262850209089
    }
  ],
  "distributions": {
    "thresholds": {
      "high_complexity": 0.45,
      "low_complexity": 0.2
    },
    "metrics": {
      "motion_mean": {
        "mean": 0.06986180999534587,
        "max": 0.16237315483034775,
        "min": 0.009626732801531108,
        "p95": 0.1623139729679809,
        "variance": 0.004044035256567111,
        "std": 0.0635927295889012
      },
      "motion_p90": {
        "mean": 0.08830804889857177,
        "max": 0.2307436077826192,
        "min": 0.007719653988138465,
        "p95": 0.22790402263374485,
        "variance": 0.008889745187566717,
        "std": 0.09428544525835744
      },
      "motion_max": {
        "mean": 0.19927923237196107,
        "max": 0.39747516491164364,
        "min": 0.01302006929314936,
        "p95": 0.3640764062878237,
        "variance": 0.014981394093373441,
        "std": 0.12239850527426159
      },
      "texture": {
        "mean": 4.510246408736077,
        "max": 6.953566972558571,
        "min": 3.4022367924712165,
        "p95": 6.949450806332407,
        "variance": 2.3859438006792,
        "std": 1.5446500576762363
      },
      "edge_density": {
        "mean": 0.07986293104240152,
        "max": 0.21618778935185184,
        "min": 0.00801468460648148,
        "p95": 0.21610188802083333,
        "variance": 0.00755043023012245,
        "std": 0.08689321164580378
      },
      "noise_level": {
        "mean": 0.05886794117811535,
        "max": 0.1624319136608392,
        "min": 0.0032704412878956646,
        "p95": 0.15280228003393856,
        "variance": 0.00335821675008448,
        "std": 0.057950122951418145
      },
      "high_freq_energy": {
        "mean": 3.947160765526102,
        "max": 5.0,