{
  "video": "9cfc2aab-6725-40e6-8b79-5c61ab5fdec0.mp4",
  "path": "/root/workspace/raw videos/9cfc2aab-6725-40e6-8b79-5c61ab5fdec0.mp4",
  "extracted_at": "2026-07-21T16:17:11Z",
  "elapsed_sec": 80.048,
  "meta": {
    "path": "../raw videos/9cfc2aab-6725-40e6-8b79-5c61ab5fdec0.mp4",
    "width": 3840,
    "height": 2160,
    "fps": 30.0,
    "frame_count": 897,
    "duration": 29.9,
    "detail_scale": 0.25,
    "texture_compensation": 16.0,
    "scene_spans_provided": true,
    "scene_detect": {
      "detector": "content",
      "ok": true,
      "error": "",
      "detect_sec": 23.731,
      "n_scenes": 6
    },
    "samples_per_segment": 16,
    "si_ti_agg": "mean"
  },
  "cut_times_sec": [
    5.0,
    9.966667,
    14.966667,
    19.933333,
    24.933333
  ],
  "global": {
    "mean_motion": 0.04339519693098424,
    "mean_texture": 4.72100168355785,
    "mean_noise": 0.023730853002124134,
    "mean_edge": 0.07623379868874472,
    "mean_entropy": 0.8366840609423027,
    "mean_hf_energy": 4.938923286166851,
    "mean_flatness": 0.5412929047990472,
    "mean_luma": 0.2655193800260708,
    "mean_difficulty": 0.4560883649119212,
    "motion_p90": 0.08285308112442508,
    "motion_level": 0.36362501975200856,
    "texture_level": 0.528017089208202,
    "noise_level_norm": 0.3308318806890726,
    "edge_level": 0.6161113575807418,
    "segment_count": 6,
    "cut_count": 5,
    "cut_rate": 0.16722408026755853,
    "hard_fraction": 0.33333333333333337,
    "worst_difficulty": 0.5712808233494205,
    "volatility": 0.4971543228046757,
    "duration": 29.9,
    "fps": 30.0,
    "width": 3840,
    "height": 2160,
    "n_segments": 6
  },
  "segments": [
    {
      "index": 0,
      "start_sec": 0.0,
      "end_sec": 5.0,
      "duration": 5.0,
      "frame_count": 150,
      "motion": 0.06234977910917453,
      "motion_p90": 0.08285308112442508,
      "motion_max": 0.09077998668603245,
      "texture": 5.658091967283742,
      "edge": 0.17454752604166668,
      "noise": 0.015262059052474797,
      "entropy": 0.9352855049073696,
      "hf_energy": 5.0,
      "flatness": 0.2042211612654321,
      "si": 108.88946515368764,
      "ti": 37.26648726408363,
      "luma_mean": 0.37949802796311427,
      "sat_mean": 0.3895504791326253,
      "difficulty": 0.5503923611040151
    },
    {
      "index": 1,
      "start_sec": 5.0,
      "end_sec": 9.966666666666667,
      "duration": 4.966666666666667,
      "frame_count": 149,
      "motion": 0.041569460519547324,
      "motion_p90": 0.04658825420600339,
      "motion_max": 0.3016707743282498,
      "texture": 4.867468268601648,
      "edge": 0.04001663773148148,
      "noise": 0.027980441838735715,
      "entropy": 0.7362839616835117,
      "hf_energy": 4.942002700615081,
      "flatness": 0.6878720582561728,
      "si": 59.69933904665166,
      "ti": 21.18559956909814,
      "luma_mean": 0.17116055292680343,
      "sat_mean": 0.7717241469793936,
      "difficulty": 0.44468774572788555
    },
    {
      "index": 2,
      "start_sec": 9.966666666666667,
      "end_sec": 14.966666666666667,
      "duration": 5.0,
      "frame_count": 150,
      "motion": 0.023037246486171628,
      "motion_p90": 0.01870205458726701,
      "motion_max": 0.20261811607358993,
      "texture": 4.0681094164479035,
      "edge": 0.028376133294753088,
      "noise": 0.014898676832672209,
      "entropy": 0.8772566877305508,
      "hf_energy": 5.0,
      "flatness": 0.6610186390817901,
      "si": 68.59648185684453,
      "ti": 22.87984630973778,
      "luma_mean": 0.26724525926304166,
      "sat_mean": 0.46664461729908013,
      "difficulty": 0.39824425954674375
    },
    {
      "index": 3,
      "start_sec": 14.966666666666667,
      "end_sec": 19.933333333333334,
      "duration": 4.966666666666667,
      "frame_count": 149,
      "motion": 0.07180952326918422,
      "motion_p90": 0.07973644396030016,
      "motion_max": 0.22910750272331154,
      "texture": 5.788947473381379,
      "edge": 0.17372709297839506,
      "noise": 0.030524118104949594,
      "entropy": 0.9304752796888351,
      "hf_energy": 5.0,
      "flatness": 0.19106385030864198,
      "si": 104.82682479728949,
      "ti": 35.94162787988232,
      "luma_mean": 0.3798373913512164,
      "sat_mean": 0.4181699965769487,
      "difficulty": 0.5712808233494205
    },
    {
      "index": 4,
      "start_sec": 19.933333333333334,
      "end_sec": 24.933333333333334,
      "duration": 5.0,
      "frame_count": 150,
      "motion": 0.030257771839445655,
      "motion_p90": 0.016258729726458487,
      "motion_max": 0.33715215746792543,
      "texture": 3.7888418923492035,
      "edge": 0.010467423804012346,
      "noise": 0.031977646955056116,
      "entropy": 0.670769888907671,
      "hf_energy": 4.692371902000122,
      "flatness": 0.851731891396605,
      "si": 51.768611064772614,
      "ti": 14.91641687502095,
      "luma_mean": 0.13537403218424715,
      "sat_mean": 0.8193694630726518,
      "difficulty": 0.3543466425127649
    },
    {
      "index": 5,
      "start_sec": 24.933333333333334,
      "end_sec": 29.9,
      "duration": 4.966666666666665,
      "frame_count": 149,
      "motion": 0.031444989579550955,
      "motion_p90": 0.023161129266521426,
      "motion_max": 0.23676801924473492,
      "texture": 4.158899820025455,
      "edge": 0.030370732060185184,
      "noise": 0.021802941511850804,
      "entropy": 0.8702125065028667,
      "hf_energy": 5.0,
      "flatness": 0.6512250434027778,
      "si": 69.96585406707155,
      "ti": 25.905962206228743,
      "luma_mean": 0.2600979347275175,
      "sat_mean": 0.4535272439898027,
      "difficulty": 0.41757835723069714
    }
  ],
  "distributions": {
    "thresholds": {
      "high_complexity": 0.45,
      "low_complexity": 0.2
    },
    "metrics": {
      "motion_mean": {
        "mean": 0.043411461800512384,
        "max": 0.07180952326918422,
        "min": 0.023037246486171628,
        "p95": 0.0694445872291818,
        "variance": 0.0003166378988438566,
        "std": 0.017794322095653337
      },
      "motion_p90": {
        "mean": 0.044549948811829256,
        "max": 0.08285308112442508,
        "min": 0.016258729726458487,
        "p95": 0.08207392183339385,
        "variance": 0.000772560398231976,
        "std": 0.027794970736303645
      },
      "motion_max": {
        "mean": 0.23301609275397403,
        "max": 0.33715215746792543,
        "min": 0.09077998668603245,
        "p95": 0.3282818116830065,
        "variance": 0.00612371436003754,
        "std": 0.07825416512900474
      },
      "texture": {
        "mean": 4.721726473014889,
        "max": 5.788947473381379,
        "min": 3.7888418923492035,
        "p95": 5.756233596856969,
        "variance": 0.6085407353759712,
        "std": 0.780090209768057
      },
      "edge_density": {
        "mean": 0.07625092431841564,
        "max": 0.17454752604166668,
        "min": 0.010467423804012346,
        "p95": 0.17434241777584877,
        "variance": 0.004866867581428719,
        "std": 0.06976293845179343
      },
      "noise_level": {
        "mean": 0.02374098071595654,
        "max": 0.031977646955056116,
        "min": 0.014898676832672209,
        "p95": 0.031614264742529485,
        "variance": 4.761018344671505e-05,
        "std": 0.006900013293227416
      },
      "high_freq_energy": {
        "mean": 4.939062433769201,
        "max": 5.0,
        "min": 4.692371902000122,
        "p95": 5.0,
        "variance": 0.01261973525769465,
        "std": 0.11233759503253864
      },
      "flatness": {
        "mean": 0.5411887739519033,
        "max": 0.851731891396605,
        "min": 0.19106385030864198,
        "p95": 0.810766933111497,
        "variance": 0.06342580416901542,
        "std": 0.25184480175102963
      },
      "entropy": {
        "mean": 0.8367139715701342,
        "max": 0.9352855049073696,
        "min": 0.670769888907671,
        "p95": 0.934082948602736,
        "variance": 0.0098161698695668,