{
  "video": "a7153ba2-713a-4fe7-9cd4-7c7589dc762a.mp4",
  "path": "/root/workspace/raw videos/a7153ba2-713a-4fe7-9cd4-7c7589dc762a.mp4",
  "extracted_at": "2026-07-21T16:17:16Z",
  "elapsed_sec": 73.105,
  "meta": {
    "path": "../raw videos/a7153ba2-713a-4fe7-9cd4-7c7589dc762a.mp4",
    "width": 3840,
    "height": 2160,
    "fps": 30.0,
    "frame_count": 899,
    "duration": 29.966666666666665,
    "detail_scale": 0.25,
    "texture_compensation": 16.0,
    "scene_spans_provided": true,
    "scene_detect": {
      "detector": "content",
      "ok": true,
      "error": "",
      "detect_sec": 22.858,
      "n_scenes": 8
    },
    "samples_per_segment": 16,
    "si_ti_agg": "mean"
  },
  "cut_times_sec": [
    1.0,
    6.1,
    6.666667,
    9.966667,
    10.966667,
    19.966667,
    20.966667
  ],
  "global": {
    "mean_motion": 0.05283976136952417,
    "mean_texture": 4.9923592702796045,
    "mean_noise": 0.02330686202585544,
    "mean_edge": 0.10024031894363077,
    "mean_entropy": 0.8470944453584714,
    "mean_hf_energy": 4.999999999999999,
    "mean_flatness": 0.47312754193152134,
    "mean_luma": 0.26285371221079157,
    "mean_difficulty": 0.483722522703399,
    "motion_p90": 0.08899471374969732,
    "motion_level": 0.38032788144476803,
    "texture_level": 0.5419197323736248,
    "noise_level_norm": 0.32685300353568375,
    "edge_level": 0.6784899319316937,
    "segment_count": 8,
    "cut_count": 7,
    "cut_rate": 0.2335928809788654,
    "hard_fraction": 0.5561735261401556,
    "worst_difficulty": 0.5687709102029858,
    "volatility": 0.5334688638027713,
    "duration": 29.966666666666665,
    "fps": 30.0,
    "width": 3840,
    "height": 2160,
    "n_segments": 8
  },
  "segments": [
    {
      "index": 0,
      "start_sec": 0.0,
      "end_sec": 1.0,
      "duration": 1.0,
      "frame_count": 30,
      "motion": 0.04878240135560397,
      "motion_p90": 0.05683505204550956,
      "motion_max": 0.05890839082546599,
      "texture": 5.683612861380221,
      "edge": 0.1707114197530864,
      "noise": 0.012209647335112095,
      "entropy": 0.9334283173084259,
      "hf_energy": 5.0,
      "flatness": 0.20449247685185185,
      "si": 106.69635772164756,
      "ti": 28.29296941424538,
      "luma_mean": 0.3762961934156378,
      "sat_mean": 0.4000746792544178,
      "difficulty": 0.523666099618986
    },
    {
      "index": 1,
      "start_sec": 1.0,
      "end_sec": 6.1,
      "duration": 5.1,
      "frame_count": 153,
      "motion": 0.07897629395122246,
      "motion_p90": 0.07541992707576858,
      "motion_max": 0.3134355104696199,
      "texture": 5.439972931530927,
      "edge": 0.11767276716820987,
      "noise": 0.03234103010618128,
      "entropy": 0.7618620358407497,
      "hf_energy": 5.0,
      "flatness": 0.48617271894290126,
      "si": 96.39387800554526,
      "ti": 35.497736493796985,
      "luma_mean": 0.14835207832168362,
      "sat_mean": 0.6293590785561909,
      "difficulty": 0.5198153223201813
    },
    {
      "index": 2,
      "start_sec": 6.1,
      "end_sec": 6.666666666666667,
      "duration": 0.5666666666666673,
      "frame_count": 17,
      "motion": 0.05979240296941823,
      "motion_p90": 0.06351740271725974,
      "motion_max": 0.06454941297506657,
      "texture": 5.610992423830307,
      "edge": 0.1253298611111111,
      "noise": 0.0019380392817159493,
      "entropy": 0.763122578461965,
      "hf_energy": 5.0,
      "flatness": 0.48062242798353916,
      "si": 97.1038432075516,
      "ti": 31.105375944547212,
      "luma_mean": 0.13181409238077946,
      "sat_mean": 0.6536312308359556,
      "difficulty": 0.4591276236083515
    },
    {
      "index": 3,
      "start_sec": 6.666666666666667,
      "end_sec": 9.966666666666667,
      "duration": 3.3,
      "frame_count": 99,
      "motion": 0.03975057255734084,
      "motion_p90": 0.06107076071169209,
      "motion_max": 0.06304157588961509,
      "texture": 4.738002465364851,
      "edge": 0.0708763744212963,
      "noise": 0.0010901470959652215,
      "entropy": 0.7431718558073044,
      "hf_energy": 5.0,
      "flatness": 0.6502384741512346,
      "si": 81.15000299875916,
      "ti": 31.884286508878912,
      "luma_mean": 0.1390961811229121,
      "sat_mean": 0.7451284887701223,
      "difficulty": 0.42209082926663516
    },
    {
      "index": 4,
      "start_sec": 9.966666666666667,
      "end_sec": 10.966666666666667,
      "duration": 1.0,
      "frame_count": 30,
      "motion": 0.037216931433067056,
      "motion_p90": 0.03896604408738796,
      "motion_max": 0.24823928074316148,
      "texture": 3.9734457614046903,
      "edge": 0.02470119598765432,
      "noise": 0.03197764693759382,
      "entropy": 0.8546211361885071,
      "hf_energy": 5.0,
      "flatness": 0.6975223765432098,
      "si": 65.53397422013418,
      "ti": 17.508008172892055,
      "luma_mean": 0.26690180419389975,
      "sat_mean": 0.4572711094468652,
      "difficulty": 0.4374971660452239
    },
    {
      "index": 5,
      "start_sec": 10.966666666666667,
      "end_sec": 19.966666666666665,
      "duration": 8.999999999999998,
      "frame_count": 270,
      "motion": 0.06471231003010772,
      "motion_p90": 0.07897005870249335,
      "motion_max": 0.24767304375453886,
      "texture": 5.741400600149269,
      "edge": 0.17375892168209878,
      "noise": 0.029070588236209005,
      "entropy": 0.9318412244319916,
      "hf_energy": 5.0,
      "flatness": 0.19174756462191356,
      "si": 105.58954420843367,
      "ti": 36.17254610250266,
      "luma_mean": 0.38442138801894216,
      "sat_mean": 0.41412192681856697,
      "difficulty": 0.5687709102029858
    },
    {
      "index": 6,
      "start_sec": 19.966666666666665,
      "end_sec": 20.966666666666665,
      "duration": 1.0,
      "frame_count": 30,
      "motion": 0.08373240665093198,
      "motion_p90": 0.08899471374969732,
      "motion_max": 0.3317253237714839,
      "texture": 5.274657699914147,
      "edge": 0.09928568672839506,
      "noise": 0.052908470621332526,
      "entropy": 0.7242626547813416,
      "hf_energy": 5.0,
      "flatness": 0.5060327932098765,
      "si": 89.60881802964408,
      "ti": 28.636119806786578,
      "luma_mean": 0.12737630643306705,
      "sat_mean": 0.6168388782982329,
      "difficulty": 0.5358657921197951
    },
    {
      "index": 7,
      "start_sec": 20.966666666666665,
      "end_sec": 29.966666666666665,
      "duration": 9.0,
      "frame_count": 270,
      "motion": 0.02927229285811547,
      "motion_p90": 0.02141423459816025,
      "motion_max": 0.24107393790849674,
      "texture": 4.049023549850457,
      "edge": 0.026699580439814817,
      "noise": 0.018895882793003693,
      "entropy": 0.8572571240365505,
      "hf_energy": 5.0,
      "flatness": 0.6829621190200618,
      "si": 68.09188960885812,
      "ti": 28.780122475620953,
      "luma_mean": 0.2617972366898148,
      "sat_mean": 0.44813226216412494,
      "difficulty": 0.402946438445033
    }
  ],
  "distributions": {
    "thresholds": {
      "high_complexity": 0.45,
      "low_complexity": 0.2
    },
    "metrics": {
      "motion_mean": {
        "mean": 0.055279451475725966,
        "max": 0.08373240665093198,
        "min": 0.02927229285811547,
        "p95": 0.08206776720603365,
        "variance": 0.0003458051529475525,
        "std": 0.018595836978946456
      },
      "motion_p90": {
        "mean": 0.06064852421099611,
        "max": 0.08899471374969732,
        "min": 0.02141423459816025,
        "p95": 0.08548608448317592,
        "variance": 0.00042372377166477617,
        "std": 0.02058455177225815
      },
      "motion_max": {
        "mean": 0.19608080954218107,
        "max": 0.3317253237714839,
        "min": 0.05890839082546599,
        "p95": 0.3253238891158315,
        "variance": 0.011674303106232197,
        "std": 0.10804768903698124
      },
      "texture": {
        "mean": 5.063888536678109,
        "max": 5.741400600149269,
        "min": 3.9734457614046903,