{
  "video": "aa60cfb3-f5a2-4789-a274-0cd7f340a9cc.mp4",
  "path": "/root/workspace/raw videos/aa60cfb3-f5a2-4789-a274-0cd7f340a9cc.mp4",
  "extracted_at": "2026-07-21T16:17:29Z",
  "elapsed_sec": 62.471,
  "meta": {
    "path": "../raw videos/aa60cfb3-f5a2-4789-a274-0cd7f340a9cc.mp4",
    "width": 3840,
    "height": 2160,
    "fps": 30.0,
    "frame_count": 899,
    "duration": 29.966666666666665,
    "detail_scale": 0.25,
    "texture_compensation": 16.0,
    "scene_spans_provided": true,
    "scene_detect": {
      "detector": "content",
      "ok": true,
      "error": "",
      "detect_sec": 15.038,
      "n_scenes": 6
    },
    "samples_per_segment": 16,
    "si_ti_agg": "mean"
  },
  "cut_times_sec": [
    5.0,
    10.0,
    15.0,
    20.0,
    25.0
  ],
  "global": {
    "mean_motion": 0.04134362385151631,
    "mean_texture": 4.242271554303291,
    "mean_noise": 0.025366028451795343,
    "mean_edge": 0.06423139425750835,
    "mean_entropy": 0.7912243795399871,
    "mean_hf_energy": 4.300832233090625,
    "mean_flatness": 0.6588211214674828,
    "mean_luma": 0.367481499669183,
    "mean_difficulty": 0.4090750559582174,
    "motion_p90": 0.07174370234204794,
    "motion_level": 0.3310070907104265,
    "texture_level": 0.5013159323805891,
    "noise_level_norm": 0.34574623960273276,
    "edge_level": 0.574873290397448,
    "segment_count": 6,
    "cut_count": 5,
    "cut_rate": 0.16685205784204674,
    "hard_fraction": 0.3325917686318131,
    "worst_difficulty": 0.5656933404086799,
    "volatility": 0.5241720907320169,
    "duration": 29.966666666666665,
    "fps": 30.0,
    "width": 3840,
    "height": 2160,
    "n_segments": 6
  },
  "segments": [
    {
      "index": 0,
      "start_sec": 0.0,
      "end_sec": 5.0,
      "duration": 5.0,
      "frame_count": 150,
      "motion": 0.004606646014887436,
      "motion_p90": 0.0064330254478334545,
      "motion_max": 0.007350452372306947,
      "texture": 3.7409934073526703,
      "edge": 0.010201702353395061,
      "noise": 0.002907058922573924,
      "entropy": 0.9036956839263439,
      "hf_energy": 2.633610914611517,
      "flatness": 0.8522542920524692,
      "si": 36.6921477982407,
      "ti": 16.861749007257647,
      "luma_mean": 0.4527490733175986,
      "sat_mean": 0.29968039811410674,
      "difficulty": 0.30833627456997864
    },
    {
      "index": 1,
      "start_sec": 5.0,
      "end_sec": 10.0,
      "duration": 5.0,
      "frame_count": 150,
      "motion": 0.03372013056765916,
      "motion_p90": 0.01995326494795449,
      "motion_max": 0.3027937999273783,
      "texture": 2.7345561067838577,
      "edge": 0.018718050733024693,
      "noise": 0.014171912334859371,
      "entropy": 0.5531435795128345,
      "hf_energy": 5.0,
      "flatness": 0.819927662037037,
      "si": 66.4217431287737,
      "ti": 33.717866255188746,
      "luma_mean": 0.18164599597555073,
      "sat_mean": 0.21752833567840715,
      "difficulty": 0.31336606879664314
    },
    {
      "index": 2,
      "start_sec": 10.0,
      "end_sec": 15.0,
      "duration": 5.0,
      "frame_count": 150,
      "motion": 0.07509000308263737,
      "motion_p90": 0.07174370234204794,
      "motion_max": 0.4202667559307674,
      "texture": 6.278121643972492,
      "edge": 0.16627857349537037,
      "noise": 0.03379455953836441,
      "entropy": 0.9205989800393581,
      "hf_energy": 5.0,
      "flatness": 0.2911665702160494,
      "si": 95.37321152322424,
      "ti": 35.128508824948526,
      "luma_mean": 0.46115844756112323,
      "sat_mean": 0.2180427526817054,
      "difficulty": 0.5656933404086799
    },
    {
      "index": 3,
      "start_sec": 15.0,
      "end_sec": 20.0,
      "duration": 5.0,
      "frame_count": 150,
      "motion": 0.02924791212781409,
      "motion_p90": 0.01124819202372307,
      "motion_max": 0.3402052166545631,
      "texture": 3.8024257123689287,
      "edge": 0.010827546296296297,
      "noise": 0.039245292864507064,
      "entropy": 0.9065982475876808,
      "hf_energy": 3.1760436023782965,
      "flatness": 0.8497072723765432,
      "si": 40.20388096234571,
      "ti": 19.04181560371261,
      "luma_mean": 0.4554115013578734,
      "sat_mean": 0.3014909412067296,
      "difficulty": 0.38122730581320274
    },
    {
      "index": 4,
      "start_sec": 20.0,
      "end_sec": 25.0,
      "duration": 5.0,
      "frame_count": 150,
      "motion": 0.036059578586450015,
      "motion_p90": 0.019749254871701767,
      "motion_max": 0.32951624152747516,
      "texture": 2.7279195199404955,
      "edge": 0.01868742766203704,
      "noise": 0.027617059648036957,
      "entropy": 0.5527117177844048,
      "hf_energy": 5.0,
      "flatness": 0.8193727092978396,
      "si": 65.95499635327354,
      "ti": 35.116656342725044,
      "luma_mean": 0.1815694104030501,
      "sat_mean": 0.21483008238017431,
      "difficulty": 0.33349911138888466
    },
    {
      "index": 5,
      "start_sec": 25.0,
      "end_sec": 29.966666666666665,
      "duration": 4.966666666666665,
      "frame_count": 149,
      "motion": 0.06952535091003995,
      "motion_p90": 0.059352491073589926,
      "motion_max": 0.409423225308642,
      "texture": 6.1825481124556525,
      "edge": 0.16132233796296297,
      "noise": 0.03452132269740105,
      "entropy": 0.9113992340862751,
      "hf_energy": 5.0,
      "flatness": 0.3182275993441358,
      "si": 94.37829814669878,
      "ti": 34.202097102633694,
      "luma_mean": 0.4730584155054769,
      "sat_mean": 0.19489634915501697,
      "difficulty": 0.5523282347719154
    }
  ],
  "distributions": {
    "thresholds": {
      "high_complexity": 0.45,
      "low_complexity": 0.2
    },
    "metrics": {
      "motion_mean": {
        "mean": 0.04137493688158133,
        "max": 0.07509000308263737,
        "min": 0.004606646014887436,
        "p95": 0.07369884003948801,
        "variance": 0.0005858287558434674,
        "std": 0.0242038995999295
      },
      "motion_p90": {
        "mean": 0.031413321784475104,
        "max": 0.07174370234204794,
        "min": 0.0064330254478334545,
        "p95": 0.06864589952493344,
        "variance": 0.0006175279665768004,
        "std": 0.024850109991241494
      },
      "motion_max": {
        "mean": 0.3015926152868555,
        "max": 0.4202667559307674,
        "min": 0.007350452372306947,
        "p95": 0.417555873275236,
        "variance": 0.019093591213870206,
        "std": 0.13817956149109104
      },
      "texture": {
        "mean": 4.244427417145682,
        "max": 6.278121643972492,
        "min": 2.7279195199404955,
        "p95": 6.254228261093282,
        "variance": 2.1534238205331255,
        "std": 1.467454878533962
      },
      "edge_density": {
        "mean": 0.06433927308384774,
        "max": 0.16627857349537037,
        "min": 0.010201702353395061,
        "p95": 0.1650395146122685,
        "variance": 0.004959517371552964,
        "std": 0.07042384093155502
      },
      "noise_level": {
        "mean": 0.025376201000957128,
        "max": 0.039245292864507064,
        "min": 0.002907058922573924,
        "p95": 0.03806430032273056,
        "variance": 0.00016371226635911737,
        "std": 0.012795009431771334
      },
      "high_freq_energy": {
        "mean": 4.3016090861649685,
        "max": 5.0,
        "min": 2.633610914611517,
        "p95": 5.0,
        "variance": 1.000019172117817,
        "std": 1.0000095860129627
      },
      "flatness": {
        "mean": 0.6584426842206791,
        "max": 0.8522542920524692,
        "min": 0.2911665702160494,
        "p95": 0.8516175371334876,
        "variance": 0.06279316682339271,
        "std": 0.2505856476803744
      },
      "entropy": {
        "mean": 0.7913579071561495,
        "max": 0.9205989800393581,
        "min": 0.5527117177844048,
        "p95": 0.9182990435510874,
        "variance": 0.02845189280663411,
        "std": 0.1686768887744676
      },
      "difficulty": {
        "mean": 0.4090750559582174,
        "max": 0.5656933404086799,