{
  "video": "aeb018af-9dfb-4984-8e1f-7a4cfc633694.mp4",
  "path": "/root/workspace/raw videos/aeb018af-9dfb-4984-8e1f-7a4cfc633694.mp4",
  "extracted_at": "2026-07-21T16:19:44Z",
  "elapsed_sec": 89.261,
  "meta": {
    "path": "../raw videos/aeb018af-9dfb-4984-8e1f-7a4cfc633694.mp4",
    "width": 3840,
    "height": 2160,
    "fps": 30.0,
    "frame_count": 900,
    "duration": 30.0,
    "detail_scale": 0.25,
    "texture_compensation": 16.0,
    "scene_spans_provided": true,
    "scene_detect": {
      "detector": "content",
      "ok": true,
      "error": "",
      "detect_sec": 27.733,
      "n_scenes": 8
    },
    "samples_per_segment": 16,
    "si_ti_agg": "mean"
  },
  "cut_times_sec": [
    2.0,
    8.133333,
    8.666667,
    10.0,
    12.0,
    20.0,
    22.0
  ],
  "global": {
    "mean_motion": 0.05582041225631793,
    "mean_texture": 4.588764959389553,
    "mean_noise": 0.04626238794415059,
    "mean_edge": 0.08139925666251185,
    "mean_entropy": 0.8769857112775501,
    "mean_hf_energy": 3.351647136354012,
    "mean_flatness": 0.547976432835747,
    "mean_luma": 0.3449883012338502,
    "mean_difficulty": 0.4700381921535674,
    "motion_p90": 0.17619142610748004,
    "motion_level": 0.5485558199443382,
    "texture_level": 0.5209317061523179,
    "noise_level_norm": 0.4907831103489606,
    "edge_level": 0.6314951596317889,
    "segment_count": 8,
    "cut_count": 7,
    "cut_rate": 0.23333333333333334,
    "hard_fraction": 0.6,
    "worst_difficulty": 0.5764718865368831,
    "volatility": 0.6458313564902669,
    "duration": 30.0,
    "fps": 30.0,
    "width": 3840,
    "height": 2160,
    "n_segments": 8
  },
  "segments": [
    {
      "index": 0,
      "start_sec": 0.0,
      "end_sec": 2.0,
      "duration": 2.0,
      "frame_count": 60,
      "motion": 0.025163706010953767,
      "motion_p90": 0.03033064784555798,
      "motion_max": 0.034132216775599133,
      "texture": 3.6068795728333516,
      "edge": 0.012559076003086419,
      "noise": 0.021439559059217572,
      "entropy": 0.879035908728838,
      "hf_energy": 2.212474309731324,
      "flatness": 0.6057959587191358,
      "si": 37.307637565889905,
      "ti": 18.26388329967929,
      "luma_mean": 0.47562186630053255,
      "sat_mean": 0.25060186225338904,
      "difficulty": 0.38492201224396294
    },
    {
      "index": 1,
      "start_sec": 2.0,
      "end_sec": 8.133333333333333,
      "duration": 6.133333333333333,
      "frame_count": 184,
      "motion": 0.11663774944777294,
      "motion_p90": 0.13977551591624304,
      "motion_max": 0.45020575375211813,
      "texture": 3.1711939030487475,
      "edge": 0.014345823688271607,
      "noise": 0.0893920592206996,
      "entropy": 0.7752304002642632,
      "hf_energy": 2.9408698665472794,
      "flatness": 0.7847563416280864,
      "si": 53.15447143558017,
      "ti": 44.23740473010022,
      "luma_mean": 0.14058490963900994,
      "sat_mean": 0.6284127627806524,
      "difficulty": 0.49343618948422374
    },
    {
      "index": 2,
      "start_sec": 8.133333333333333,
      "end_sec": 8.666666666666666,
      "duration": 0.5333333333333332,
      "frame_count": 16,
      "motion": 0.09256453491890584,
      "motion_p90": 0.11388163580246916,
      "motion_max": 0.13110182159283468,
      "texture": 3.4652489776764446,
      "edge": 0.039589891975308635,
      "noise": 0.05000141188502312,
      "entropy": 0.8420990228652954,
      "hf_energy": 5.0,
      "flatness": 0.7200397376543209,
      "si": 93.27284271698883,
      "ti": 35.904193203370966,
      "luma_mean": 0.1860953264947955,
      "sat_mean": 0.5852630613047689,
      "difficulty": 0.5125070831458906
    },
    {
      "index": 3,
      "start_sec": 8.666666666666666,
      "end_sec": 10.0,
      "duration": 1.333333333333334,
      "frame_count": 40,
      "motion": 0.14448140234251342,
      "motion_p90": 0.17619142610748004,
      "motion_max": 0.18063992526022757,
      "texture": 3.5750646891764357,
      "edge": 0.04375103869895536,
      "noise": 0.09078968402284843,
      "entropy": 0.8989701637854943,
      "hf_energy": 5.0,
      "flatness": 0.6671550035612536,
      "si": 83.9252188350316,
      "ti": 39.16342356482206,
      "luma_mean": 0.3077576130523435,
      "sat_mean": 0.41367544236355513,
      "difficulty": 0.5764718865368831
    },
    {
      "index": 4,
      "start_sec": 10.0,
      "end_sec": 12.0,
      "duration": 2.0,
      "frame_count": 60,
      "motion": 0.024313031423989346,
      "motion_p90": 0.009357430858145728,
      "motion_max": 0.27747049745824254,
      "texture": 6.929848708053656,
      "edge": 0.21526258680555554,
      "noise": 0.019986028637504205,
      "entropy": 0.9728378690779209,
      "hf_energy": 5.0,
      "flatness": 0.14431146315586418,
      "si": 133.56006468625424,
      "ti": 13.157417048472073,
      "luma_mean": 0.4727337972418906,
      "sat_mean": 0.23067525124440208,
      "difficulty": 0.5042382547933066
    },
    {
      "index": 5,
      "start_sec": 12.0,
      "end_sec": 20.0,
      "duration": 8.0,
      "frame_count": 240,
      "motion": 0.027064137296508108,
      "motion_p90": 0.018033402172597433,
      "motion_max": 0.24618359658678285,
      "texture": 3.6341684284372886,
      "edge": 0.009549334490740743,
      "noise": 0.025436764379264787,
      "entropy": 0.8800293207168579,
      "hf_energy": 1.8056863334693016,
      "flatness": 0.7465254870756173,
      "si": 34.21259714827168,
      "ti": 24.017097267233016,
      "luma_mean": 0.3891883500892641,
      "sat_mean": 0.39914755431493587,
      "difficulty": 0.3601384494647983
    },
    {
      "index": 6,
      "start_sec": 20.0,
      "end_sec": 22.0,
      "duration": 2.0,
      "frame_count": 60,
      "motion": 0.07188061635726821,
      "motion_p90": 0.07757795857540548,
      "motion_max": 0.33011971980150084,
      "texture": 2.9859668285838845,
      "edge": 0.007914617091049382,
      "noise": 0.050146765453973785,
      "entropy": 0.6886212825775146,
      "hf_energy": 2.154153144289997,
      "flatness": 0.8723302469135803,
      "si": 44.99909653036628,
      "ti": 35.58481778078496,
      "luma_mean": 0.08695388005703825,
      "sat_mean": 0.6023863031613108,
      "difficulty": 0.4007629309760215
    },
    {
      "index": 7,
      "start_sec": 22.0,
      "end_sec": 30.0,
      "duration": 8.0,
      "frame_count": 240,
      "motion": 0.03224959292165941,
      "motion_p90": 0.010020829550956185,
      "motion_max": 0.4091658950617284,
      "texture": 6.934917019527268,
      "edge": 0.21583417727623455,
      "noise": 0.0381551485916134,
      "entropy": 0.9732317291200161,
      "hf_energy": 5.0,
      "flatness": 0.14193504050925926,
      "si": 133.65334780701136,
      "ti": 19.982539293200826,
      "luma_mean": 0.47420933897285766,
      "sat_mean": 0.23180399816176472,
      "difficulty": 0.5278287305834526
    }
  ],
  "distributions": {
    "thresholds": {
      "high_complexity": 0.45,
      "low_complexity": 0.2
    },
    "metrics": {
      "motion_mean": {
        "mean": 0.06679434633994638,
        "max": 0.14448140234251342,
        "min": 0.024313031423989346,
        "p95": 0.13473612382935424,
        "variance": 0.001939902262044467,
        "std": 0.044044321564129775
      },
      "motion_p90": {
        "mean": 0.07189610585360687,
        "max": 0.17619142610748004,
        "min": 0.009357430858145728,
        "p95": 0.16344585754054708,
        "variance": 0.0037060887684641107,
        "std": 0.060877654097904514
      },
      "motion_max": {
        "mean": 0.25737742828612925,
        "max": 0.45020575375211813,
        "min": 0.034132216775599133,
        "p95": 0.4358418032104817,
        "variance": 0.017214446712333957,
        "std": 0.131203836500058
      },
      "texture": {
        "mean": 4.2879110159171345,
        "max": 6.934917019527268,
        "min": 2.9859668285838845,
        "p95": 6.933143110511504,
        "variance": 2.375587155155918,