{
  "video": "aeddc321-2a85-4ad3-9551-65b4d078ede2.mp4",
  "path": "/root/workspace/raw videos/aeddc321-2a85-4ad3-9551-65b4d078ede2.mp4",
  "extracted_at": "2026-07-21T16:19:42Z",
  "elapsed_sec": 84.908,
  "meta": {
    "path": "../raw videos/aeddc321-2a85-4ad3-9551-65b4d078ede2.mp4",
    "width": 3840,
    "height": 2160,
    "fps": 30.0,
    "frame_count": 898,
    "duration": 29.933333333333334,
    "detail_scale": 0.25,
    "texture_compensation": 16.0,
    "scene_spans_provided": true,
    "scene_detect": {
      "detector": "content",
      "ok": true,
      "error": "",
      "detect_sec": 27.947,
      "n_scenes": 6
    },
    "samples_per_segment": 16,
    "si_ti_agg": "mean"
  },
  "cut_times_sec": [
    7.0,
    9.966667,
    16.966667,
    19.933333,
    26.933333
  ],
  "global": {
    "mean_motion": 0.06040636720209459,
    "mean_texture": 5.121882349400633,
    "mean_noise": 0.02587217675232358,
    "mean_edge": 0.11111176266295644,
    "mean_entropy": 0.8678704500364302,
    "mean_hf_energy": 5.0,
    "mean_flatness": 0.431086113833854,
    "mean_luma": 0.2831596782073354,
    "mean_difficulty": 0.49786284923520346,
    "motion_p90": 0.09864764509198742,
    "motion_level": 0.4048783030705826,
    "texture_level": 0.5482709113468175,
    "noise_level_norm": 0.35022897509934003,
    "edge_level": 0.7005266242394924,
    "segment_count": 6,
    "cut_count": 5,
    "cut_rate": 0.16703786191536749,
    "hard_fraction": 0.6659242761692652,
    "worst_difficulty": 0.561232621965993,
    "volatility": 0.5267354532665215,
    "duration": 29.933333333333334,
    "fps": 30.0,
    "width": 3840,
    "height": 2160,
    "n_segments": 6
  },
  "segments": [
    {
      "index": 0,
      "start_sec": 0.0,
      "end_sec": 7.0,
      "duration": 7.0,
      "frame_count": 210,
      "motion": 0.06157652600006052,
      "motion_p90": 0.07697924987896393,
      "motion_max": 0.0867422612563544,
      "texture": 5.697328233763886,
      "edge": 0.17369767554012344,
      "noise": 0.015988823783118278,
      "entropy": 0.932958759367466,
      "hf_energy": 5.0,
      "flatness": 0.20186812789351852,
      "si": 107.76546938862899,
      "ti": 38.293051684751724,
      "luma_mean": 0.37697514930933795,
      "sat_mean": 0.3950028216533527,
      "difficulty": 0.5474996850692635
    },
    {
      "index": 1,
      "start_sec": 7.0,
      "end_sec": 9.966666666666667,
      "duration": 2.966666666666667,
      "frame_count": 89,
      "motion": 0.07154230116043331,
      "motion_p90": 0.06431163005325587,
      "motion_max": 0.30064034132171386,
      "texture": 5.258954535692981,
      "edge": 0.09865837191358025,
      "noise": 0.03234103010618128,
      "entropy": 0.7261019647121429,
      "hf_energy": 5.0,
      "flatness": 0.5131180073302469,
      "si": 89.8787539881907,
      "ti": 31.66174603397653,
      "luma_mean": 0.12565265106814333,
      "sat_mean": 0.6326477940230876,
      "difficulty": 0.49896638036873814
    },
    {
      "index": 2,
      "start_sec": 9.966666666666667,
      "end_sec": 16.966666666666665,
      "duration": 6.999999999999998,
      "frame_count": 210,
      "motion": 0.02626860787717865,
      "motion_p90": 0.015522066388283708,
      "motion_max": 0.25701009894698623,
      "texture": 4.040386014203358,
      "edge": 0.02754075038580247,
      "noise": 0.022893089131684974,
      "entropy": 0.8687818683683872,
      "hf_energy": 5.0,
      "flatness": 0.6683252555941358,
      "si": 68.32823548869511,
      "ti": 25.92444876903931,
      "luma_mean": 0.2632625253419269,
      "sat_mean": 0.4547386448310034,
      "difficulty": 0.4040906944848293
    },
    {
      "index": 3,
      "start_sec": 16.966666666666665,
      "end_sec": 19.933333333333334,
      "duration": 2.9666666666666686,
      "frame_count": 89,
      "motion": 0.06742320923353909,
      "motion_p90": 0.06509500196683612,
      "motion_max": 0.233604786976519,
      "texture": 5.780527389642,
      "edge": 0.17493549864969135,
      "noise": 0.03088750023744069,
      "entropy": 0.9338459521532059,
      "hf_energy": 5.0,
      "flatness": 0.18668125482253087,
      "si": 104.80261299232248,
      "ti": 32.19465075203057,
      "luma_mean": 0.38739280033965745,
      "sat_mean": 0.43077762175472045,
      "difficulty": 0.561232621965993
    },
    {
      "index": 4,
      "start_sec": 19.933333333333334,
      "end_sec": 26.933333333333334,
      "duration": 7.0,
      "frame_count": 210,
      "motion": 0.09872399804829338,
      "motion_p90": 0.09864764509198742,
      "motion_max": 0.30067791545630596,
      "texture": 5.717141259307558,
      "edge": 0.14540376639660496,
      "noise": 0.03343117766780779,
      "entropy": 0.8330468721687794,
      "hf_energy": 5.0,
      "flatness": 0.39525053047839503,
      "si": 97.92952394826429,
      "ti": 47.128507640866026,
      "luma_mean": 0.2411676061145909,
      "sat_mean": 0.5589246115498668,
      "difficulty": 0.558488346929277
    },
    {
      "index": 5,
      "start_sec": 26.933333333333334,
      "end_sec": 29.933333333333334,
      "duration": 3.0,
      "frame_count": 90,
      "motion": 0.029971884645061727,
      "motion_p90": 0.018510045993706124,
      "motion_max": 0.2671868191721133,
      "texture": 4.12685335421385,
      "edge": 0.029262755594135804,
      "noise": 0.02689029445173219,
      "entropy": 0.8700769394636154,
      "hf_energy": 5.0,
      "flatness": 0.6565552662037037,
      "si": 69.36366345005004,
      "ti": 20.68369130677791,
      "luma_mean": 0.261347076600702,
      "sat_mean": 0.45276488507247037,
      "difficulty": 0.41689936659311966
    }
  ],
  "distributions": {
    "thresholds": {
      "high_complexity": 0.45,
      "low_complexity": 0.2
    },
    "metrics": {
      "motion_mean": {
        "mean": 0.05925108782742778,
        "max": 0.09872399804829338,
        "min": 0.02626860787717865,
        "p95": 0.09192857382632835,
        "variance": 0.0006210819200226315,
        "std": 0.02492151520318601
      },
      "motion_p90": {
        "mean": 0.056510939895505534,
        "max": 0.09864764509198742,
        "min": 0.015522066388283708,
        "p95": 0.09323054628873155,
        "variance": 0.0009088577026171154,
        "std": 0.030147266917866955
      },
      "motion_max": {
        "mean": 0.2409770371883321,
        "max": 0.30067791545630596,
        "min": 0.0867422612563544,
        "p95": 0.3006685219226579,
        "variance": 0.005318438774507824,
        "std": 0.0729276269633657
      },
      "texture": {
        "mean": 5.103531797803939,
        "max": 5.780527389642,
        "min": 4.040386014203358,
        "p95": 5.764680857058389,
        "variance": 0.5492949627979735,
        "std": 0.7411443602955996
      },
      "edge_density": {
        "mean": 0.1082498030799897,
        "max": 0.17493549864969135,
        "min": 0.02754075038580247,
        "p95": 0.17462604287229938,
        "variance": 0.003825953900408475,
        "std": 0.06185429573124631
      },
      "noise_level": {
        "mean": 0.027071985896327533,
        "max": 0.03343117766780779,
        "min": 0.015988823783118278,
        "p95": 0.03315864077740116,
        "variance": 3.718216148955865e-05,
        "std": 0.006097717727933842
      },
      "high_freq_energy": {
        "mean": 5.0,
        "max": 5.0,
        "min": 5.0,
        "p95": 5.0,
        "variance": 0.0,
        "std": 0.0
      },
      "flatness": {
        "mean": 0.4369664070537551,
        "max": 0.6683252555941358,
        "min": 0.18668125482253087,
        "p95": 0.6653827582465278,
        "variance": 0.03786655378922329,
        "std": 0.19459330355699112
      },
      "entropy": {
        "mean": 0.8608020593722662,
        "max": 0.9338459521532059,
        "min": 0.7261019647121429,
        "p95": 0.9336241539567709,
        "variance": 0.0049343610495434865,
        "std": 0.07024500729264313
      },
      "difficulty": {
        "mean": 0.49786284923520346,