{
  "video": "af4d6abd-6f1e-46cd-aa8f-2fb105d4a3ba.mp4",
  "path": "/root/workspace/raw videos/af4d6abd-6f1e-46cd-aa8f-2fb105d4a3ba.mp4",
  "extracted_at": "2026-07-21T16:19:47Z",
  "elapsed_sec": 72.983,
  "meta": {
    "path": "../raw videos/af4d6abd-6f1e-46cd-aa8f-2fb105d4a3ba.mp4",
    "width": 3840,
    "height": 2160,
    "fps": 30.0,
    "frame_count": 899,
    "duration": 29.966666666666665,
    "detail_scale": 0.25,
    "texture_compensation": 16.0,
    "scene_spans_provided": true,
    "scene_detect": {
      "detector": "content",
      "ok": true,
      "error": "",
      "detect_sec": 19.895,
      "n_scenes": 6
    },
    "samples_per_segment": 16,
    "si_ti_agg": "mean"
  },
  "cut_times_sec": [
    2.0,
    10.0,
    12.0,
    20.0,
    22.0
  ],
  "global": {
    "mean_motion": 0.04731586437608936,
    "mean_texture": 4.27823601929975,
    "mean_noise": 0.02998531015977798,
    "mean_edge": 0.06891822344829303,
    "mean_entropy": 0.7941783051627032,
    "mean_hf_energy": 4.234621266843016,
    "mean_flatness": 0.6465653637464981,
    "mean_luma": 0.3642242313455473,
    "mean_difficulty": 0.41543034154601366,
    "motion_p90": 0.0820044934640523,
    "motion_level": 0.3612461243065141,
    "texture_level": 0.5034263592566443,
    "noise_level_norm": 0.38449946660907586,
    "edge_level": 0.5919882764651786,
    "segment_count": 6,
    "cut_count": 5,
    "cut_rate": 0.16685205784204674,
    "hard_fraction": 0.33370411568409347,
    "worst_difficulty": 0.5574617790102069,
    "volatility": 0.5117273610398179,
    "duration": 29.966666666666665,
    "fps": 30.0,
    "width": 3840,
    "height": 2160,
    "n_segments": 6
  },
  "segments": [
    {
      "index": 0,
      "start_sec": 0.0,
      "end_sec": 2.0,
      "duration": 2.0,
      "frame_count": 60,
      "motion": 0.07222660505174291,
      "motion_p90": 0.0820044934640523,
      "motion_max": 0.08589985021786492,
      "texture": 6.600439771748051,
      "edge": 0.1986699459876543,
      "noise": 0.0,
      "entropy": 0.9134262725710869,
      "hf_energy": 5.0,
      "flatness": 0.22498951099537037,
      "si": 104.44491584437742,
      "ti": 32.918994060237665,
      "luma_mean": 0.4369379746883322,
      "sat_mean": 0.21045746149540062,
      "difficulty": 0.5188299069254046
    },
    {
      "index": 1,
      "start_sec": 2.0,
      "end_sec": 10.0,
      "duration": 8.0,
      "frame_count": 240,
      "motion": 0.02664965117026749,
      "motion_p90": 0.010346677559912854,
      "motion_max": 0.31536591473008957,
      "texture": 3.7671804191259346,
      "edge": 0.010563392168209876,
      "noise": 0.03561147098662332,
      "entropy": 0.9086839780211449,
      "hf_energy": 2.7395370588617647,
      "flatness": 0.8501957947530864,
      "si": 38.47609146541046,
      "ti": 23.020370223000263,
      "luma_mean": 0.45719379718515496,
      "sat_mean": 0.3040589072145062,
      "difficulty": 0.3722971465269328
    },
    {
      "index": 2,
      "start_sec": 10.0,
      "end_sec": 12.0,
      "duration": 2.0,
      "frame_count": 60,
      "motion": 0.038412278163580255,
      "motion_p90": 0.02171092804405713,
      "motion_max": 0.3431066781650932,
      "texture": 2.731781771792072,
      "edge": 0.018803047839506173,
      "noise": 0.03343117609620094,
      "entropy": 0.5774524062871933,
      "hf_energy": 5.0,
      "flatness": 0.8196135947145062,
      "si": 66.89977921027665,
      "ti": 24.918096604314123,
      "luma_mean": 0.19327366917060035,
      "sat_mean": 0.21866828268730332,
      "difficulty": 0.34677828014065243
    },
    {
      "index": 3,
      "start_sec": 12.0,
      "end_sec": 20.0,
      "duration": 8.0,
      "frame_count": 240,
      "motion": 0.08007014607540547,
      "motion_p90": 0.07324580912611958,
      "motion_max": 0.3947483130597918,
      "texture": 6.323894577402847,
      "edge": 0.17218291859567902,
      "noise": 0.024710001423954964,
      "entropy": 0.9214504025876522,
      "hf_energy": 5.0,
      "flatness": 0.2803360098379629,
      "si": 96.22763828340896,
      "ti": 38.609472557826045,
      "luma_mean": 0.459271290055374,
      "sat_mean": 0.21662335750272332,
      "difficulty": 0.5574617790102069
    },
    {
      "index": 4,
      "start_sec": 20.0,
      "end_sec": 22.0,
      "duration": 2.0,
      "frame_count": 60,
      "motion": 0.024874531458030744,
      "motion_p90": 0.0049619341563786005,
      "motion_max": 0.33654744613894944,
      "texture": 3.627839938846699,
      "edge": 0.010269458912037037,
      "noise": 0.03415794132160954,
      "entropy": 0.894201748073101,
      "hf_energy": 2.5739270794174605,
      "flatness": 0.8523902874228395,
      "si": 36.89004884786499,
      "ti": 9.943935161587007,
      "luma_mean": 0.44503165518715204,
      "sat_mean": 0.2880250705413338,
      "difficulty": 0.35640674071583006
    },
    {
      "index": 5,
      "start_sec": 22.0,
      "end_sec": 29.966666666666665,
      "duration": 7.966666666666665,
      "frame_count": 239,
      "motion": 0.03679249311607359,
      "motion_p90": 0.019354442780198503,
      "motion_max": 0.34830857389252,
      "texture": 2.705742649541249,
      "edge": 0.018551552854938272,
      "noise": 0.03524808958172798,
      "entropy": 0.550749871879816,
      "hf_energy": 5.0,
      "flatness": 0.8205649594907408,
      "si": 66.16939254031436,
      "ti": 36.591556453609854,
      "luma_mean": 0.17979650669102518,
      "sat_mean": 0.21843408309504359,
      "difficulty": 0.340808195957055
    }
  ],
  "distributions": {
    "thresholds": {
      "high_complexity": 0.45,
      "low_complexity": 0.2
    },
    "metrics": {
      "motion_mean": {
        "mean": 0.04650428417251674,
        "max": 0.08007014607540547,
        "min": 0.024874531458030744,
        "p95": 0.07810926081948982,
        "variance": 0.0004683594962690274,
        "std": 0.021641614918231664
      },
      "motion_p90": {
        "mean": 0.03527071418845316,
        "max": 0.0820044934640523,
        "min": 0.0049619341563786005,
        "p95": 0.07981482237956912,
        "variance": 0.0009338632009369461,
        "std": 0.030559175396874604
      },
      "motion_max": {
        "mean": 0.30399612936738485,
        "max": 0.3947483130597918,
        "min": 0.08589985021786492,
        "p95": 0.38313837826797387,
        "variance": 0.010080672305602252,
        "std": 0.10040255129030463
      },
      "texture": {
        "mean": 4.292813188076142,
        "max": 6.600439771748051,
        "min": 2.705742649541249,
        "p95": 6.53130347316175,
        "variance": 2.5207538777724827,
        "std": 1.587688218061872
      },
      "edge_density": {
        "mean": 0.07150671939300411,
        "max": 0.1986699459876543,
        "min": 0.010269458912037037,
        "p95": 0.19204818913966049,
        "variance": 0.006558700191099077,
        "std": 0.08098580240448987
      },
      "noise_level": {
        "mean": 0.027193113235019457,
        "max": 0.03561147098662332,
        "min": 0.0,
        "p95": 0.03552062563539948,
        "variance": 0.00016146748356577782,
        "std": 0.012706985620743332
      },
      "high_freq_energy": {
        "mean": 4.218910689713204,
        "max": 5.0,
        "min": 2.5739270794174605,
        "p95": 5.0,
        "variance": 1.2224865767295665,
        "std": 1.105661149145418
      },
      "flatness": {
        "mean": 0.6413483595357511,
        "max": 0.8523902874228395,
        "min": 0.22498951099537037,
        "p95": 0.8518416642554012,
        "variance": 0.0759562729480186,
        "std": 0.27560165628678396
      },
      "entropy": {
        "mean": 0.7943274465699991,
        "max": 0.9214504025876522,
        "min": 0.550749871879816,
        "p95": 0.9194443700835109,
        "variance": 0.02662698111289888,
        "std": 0.1631777592470827
      },
      "difficulty": {
        "mean": 0.41543034154601366,
        "max": 0.5574617790102069,
        "min": 0.340808195957055,