{
  "video": "b3610ed4-fe43-477b-a87c-281f79343bf7.mp4",
  "path": "/root/workspace/raw videos/b3610ed4-fe43-477b-a87c-281f79343bf7.mp4",
  "extracted_at": "2026-07-21T16:19:53Z",
  "elapsed_sec": 59.042,
  "meta": {
    "path": "../raw videos/b3610ed4-fe43-477b-a87c-281f79343bf7.mp4",
    "width": 3840,
    "height": 2160,
    "fps": 30.0,
    "frame_count": 900,
    "duration": 30.0,
    "detail_scale": 0.25,
    "texture_compensation": 16.0,
    "scene_spans_provided": true,
    "scene_detect": {
      "detector": "content",
      "ok": true,
      "error": "",
      "detect_sec": 16.322,
      "n_scenes": 6
    },
    "samples_per_segment": 16,
    "si_ti_agg": "mean"
  },
  "cut_times_sec": [
    4.0,
    10.0,
    14.0,
    20.0,
    24.0
  ],
  "global": {
    "mean_motion": 0.046479087520424844,
    "mean_texture": 4.358698919931811,
    "mean_noise": 0.0211973037958766,
    "mean_edge": 0.073023236561214,
    "mean_entropy": 0.7964350245893003,
    "mean_hf_energy": 4.307646262285152,
    "mean_flatness": 0.6390198125643005,
    "mean_luma": 0.3636248556077524,
    "mean_difficulty": 0.4089743907710685,
    "motion_p90": 0.08186346753207455,
    "motion_level": 0.3608490534973441,
    "texture_level": 0.5080839134947118,
    "noise_level_norm": 0.306331354447075,
    "edge_level": 0.6058851275880344,
    "segment_count": 6,
    "cut_count": 5,
    "cut_rate": 0.16666666666666666,
    "hard_fraction": 0.3333333333333333,
    "worst_difficulty": 0.5761968362133609,
    "volatility": 0.5469990830778406,
    "duration": 30.0,
    "fps": 30.0,
    "width": 3840,
    "height": 2160,
    "n_segments": 6
  },
  "segments": [
    {
      "index": 0,
      "start_sec": 0.0,
      "end_sec": 4.0,
      "duration": 4.0,
      "frame_count": 120,
      "motion": 0.006622544291636407,
      "motion_p90": 0.00889488017429194,
      "motion_max": 0.009229431433067054,
      "texture": 3.7775576815305185,
      "edge": 0.010578583140432099,
      "noise": 0.005087353114504367,
      "entropy": 0.9025083631277084,
      "hf_energy": 3.0343582715769335,
      "flatness": 0.8516244695216049,
      "si": 39.15697603104202,
      "ti": 17.131024753019833,
      "luma_mean": 0.4527299113221678,
      "sat_mean": 0.29707765125726215,
      "difficulty": 0.32211549462850014
    },
    {
      "index": 1,
      "start_sec": 4.0,
      "end_sec": 10.0,
      "duration": 6.0,
      "frame_count": 180,
      "motion": 0.03626404822152627,
      "motion_p90": 0.019697496822803195,
      "motion_max": 0.3454741512345679,
      "texture": 2.725089997969774,
      "edge": 0.01878761574074074,
      "noise": 0.03452132269740105,
      "entropy": 0.55307237803936,
      "hf_energy": 5.0,
      "flatness": 0.8201279176311729,
      "si": 66.0495594549052,
      "ti": 37.27519403693887,
      "luma_mean": 0.1815743795010288,
      "sat_mean": 0.21579928768382353,
      "difficulty": 0.34147171220117284
    },
    {
      "index": 2,
      "start_sec": 10.0,
      "end_sec": 14.0,
      "duration": 4.0,
      "frame_count": 120,
      "motion": 0.08005946747912128,
      "motion_p90": 0.07581352502420721,
      "motion_max": 0.4110625832122973,
      "texture": 6.619555695864597,
      "edge": 0.19402705439814816,
      "noise": 0.030887499451637268,
      "entropy": 0.938093576580286,
      "hf_energy": 5.0,
      "flatness": 0.23205729166666667,
      "si": 107.94788519959363,
      "ti": 31.905162639474103,
      "luma_mean": 0.4469487175850278,
      "sat_mean": 0.2547109469559429,
      "difficulty": 0.5761968362133609
    },
    {
      "index": 3,
      "start_sec": 14.0,
      "end_sec": 20.0,
      "duration": 6.0,
      "frame_count": 180,
      "motion": 0.026988010337236742,
      "motion_p90": 0.0107017103909465,
      "motion_max": 0.29994175139191476,
      "texture": 3.880274959647585,
      "edge": 0.010608603395061728,
      "noise": 0.03452132409438491,
      "entropy": 0.911437164992094,
      "hf_energy": 2.8486591303744726,
      "flatness": 0.8502379918981482,
      "si": 38.44910359171725,
      "ti": 22.257074412317884,
      "luma_mean": 0.46001988821184336,
      "sat_mean": 0.30663067640250546,
      "difficulty": 0.37454020263248267
    },
    {
      "index": 4,
      "start_sec": 20.0,
      "end_sec": 24.0,
      "duration": 4.0,
      "frame_count": 120,
      "motion": 0.03471076351065117,
      "motion_p90": 0.0198317674291939,
      "motion_max": 0.2975257201646091,
      "texture": 2.7097525501656703,
      "edge": 0.018701051311728396,
      "noise": 0.01453529391437769,
      "entropy": 0.5560739450156689,
      "hf_energy": 5.0,
      "flatness": 0.8201587818287037,
      "si": 66.01826736110813,
      "ti": 33.2577804794592,
      "luma_mean": 0.1829989522815299,
      "sat_mean": 0.2159859016619765,
      "difficulty": 0.3138522232172835
    },
    {
      "index": 5,
      "start_sec": 24.0,
      "end_sec": 30.0,
      "duration": 6.0,
      "frame_count": 180,
      "motion": 0.08821486218908861,
      "motion_p90": 0.08186346753207455,
      "motion_max": 0.3629337554466231,
      "texture": 6.450219023667835,
      "edge": 0.18684883777006173,
      "noise": 0.003270441200584173,
      "entropy": 0.9198816567659378,
      "hf_energy": 5.0,
      "flatness": 0.2555061246141975,
      "si": 100.45358305930833,
      "ti": 38.96122558997703,
      "luma_mean": 0.4547449562000726,
      "sat_mean": 0.22130558014100704,
      "difficulty": 0.525669875733611
    }
  ],
  "distributions": {
    "thresholds": {
      "high_complexity": 0.45,
      "low_complexity": 0.2
    },
    "metrics": {
      "motion_mean": {
        "mean": 0.04547661600487674,
        "max": 0.08821486218908861,
        "min": 0.006622544291636407,
        "p95": 0.08617601351159677,
        "variance": 0.0008457956193855535,
        "std": 0.02908256555714357
      },
      "motion_p90": {
        "mean": 0.03613380789558621,
        "max": 0.08186346753207455,
        "min": 0.00889488017429194,
        "p95": 0.08035098190510771,
        "variance": 0.000931723555636171,
        "std": 0.030524147091051883
      },
      "motion_max": {
        "mean": 0.2876945654805132,
        "max": 0.4110625832122973,
        "min": 0.009229431433067054,
        "p95": 0.39903037627087873,
        "variance": 0.017001426680161587,
        "std": 0.13038951905794263
      },
      "texture": {
        "mean": 4.360408318140997,
        "max": 6.619555695864597,
        "min": 2.7097525501656703,
        "p95": 6.577221527815407,
        "variance": 2.5733715063972085,
        "std": 1.6041731534959711
      },
      "edge_density": {
        "mean": 0.07325862429269547,
        "max": 0.19402705439814816,
        "min": 0.010578583140432099,
        "p95": 0.19223250024112654,
        "variance": 0.006880863754588883,
        "std": 0.08295097199303263
      },
      "noise_level": {
        "mean": 0.02047053907881491,
        "max": 0.03452132409438491,
        "min": 0.003270441200584173,
        "p95": 0.03452132374513894,
        "variance": 0.00017851250930905,
        "std": 0.013360857356810977
      },
      "high_freq_energy": {
        "mean": 4.313836233658567,
        "max": 5.0,
        "min": 2.8486591303744726,
        "p95": 5.0,
        "variance": 0.9445151093999969,
        "std": 0.9718616719471949
      },
      "flatness": {
        "mean": 0.6382854295267489,
        "max": 0.8516244695216049,
        "min": 0.23205729166666667,
        "p95": 0.8512778501157408,
        "variance": 0.0780205562829822,
        "std": 0.27932160010099866
      },
      "entropy": {
        "mean": 0.7968445140868425,
        "max": 0.938093576580286,
        "min": 0.55307237803936,
        "p95": 0.933540596626699,
        "variance": 0.029463513668924263,
        "std": 0.17164939169401172
      },
      "difficulty": {
        "mean": 0.4089743907710685,
        "max": 0.5761968362133609,
        "min": 0.3138522232172835,
        "p95": 0.5635650960934234,