{
  "video": "b60fb1e8-7dda-4034-98e7-3ee0ade5c2af.mp4",
  "path": "/root/workspace/raw videos/b60fb1e8-7dda-4034-98e7-3ee0ade5c2af.mp4",
  "extracted_at": "2026-07-21T16:22:14Z",
  "elapsed_sec": 84.524,
  "meta": {
    "path": "../raw videos/b60fb1e8-7dda-4034-98e7-3ee0ade5c2af.mp4",
    "width": 3840,
    "height": 2160,
    "fps": 30.0,
    "frame_count": 899,
    "duration": 29.966666666666665,
    "detail_scale": 0.25,
    "texture_compensation": 16.0,
    "scene_spans_provided": true,
    "scene_detect": {
      "detector": "content",
      "ok": true,
      "error": "",
      "detect_sec": 28.199,
      "n_scenes": 6
    },
    "samples_per_segment": 16,
    "si_ti_agg": "mean"
  },
  "cut_times_sec": [
    5.0,
    10.0,
    15.0,
    20.0,
    25.0
  ],
  "global": {
    "mean_motion": 0.03786223111547864,
    "mean_texture": 4.110848309814449,
    "mean_noise": 0.02489755268241574,
    "mean_edge": 0.05104956389622729,
    "mean_entropy": 0.781323115348617,
    "mean_hf_energy": 4.194894789858199,
    "mean_flatness": 0.6921536993693267,
    "mean_luma": 0.3781870101726929,
    "mean_difficulty": 0.39639480377016345,
    "motion_p90": 0.058735241164366986,
    "motion_level": 0.2882920049996716,
    "texture_level": 0.49344894504579073,
    "noise_level_norm": 0.34154168097911325,
    "edge_level": 0.5180090289388037,
    "segment_count": 6,
    "cut_count": 5,
    "cut_rate": 0.16685205784204674,
    "hard_fraction": 0.33370411568409347,
    "worst_difficulty": 0.5137124047262165,
    "volatility": 0.46807269294649384,
    "duration": 29.966666666666665,
    "fps": 30.0,
    "width": 3840,
    "height": 2160,
    "n_segments": 6
  },
  "segments": [
    {
      "index": 0,
      "start_sec": 0.0,
      "end_sec": 5.0,
      "duration": 5.0,
      "frame_count": 150,
      "motion": 0.04633530158784193,
      "motion_p90": 0.058735241164366986,
      "motion_max": 0.0631712811667877,
      "texture": 6.076672664656125,
      "edge": 0.1478294994212963,
      "noise": 0.0,
      "entropy": 0.8973131962120533,
      "hf_energy": 5.0,
      "flatness": 0.35714976369598767,
      "si": 92.37888805714456,
      "ti": 33.57722369803448,
      "luma_mean": 0.48180951948680706,
      "sat_mean": 0.1869572080761317,
      "difficulty": 0.48257643232893327
    },
    {
      "index": 1,
      "start_sec": 5.0,
      "end_sec": 10.0,
      "duration": 5.0,
      "frame_count": 150,
      "motion": 0.02319310501013677,
      "motion_p90": 0.0042693960300169455,
      "motion_max": 0.32326182371096585,
      "texture": 3.6858980865099893,
      "edge": 0.010266324266975308,
      "noise": 0.03052411787211895,
      "entropy": 0.9132586270570755,
      "hf_energy": 2.394898719123895,
      "flatness": 0.8504632040895062,
      "si": 36.316531247262944,
      "ti": 10.591124810733076,
      "luma_mean": 0.4615933859461995,
      "sat_mean": 0.3028603253222585,
      "difficulty": 0.3533706444450519
    },
    {
      "index": 2,
      "start_sec": 10.0,
      "end_sec": 15.0,
      "duration": 5.0,
      "frame_count": 150,
      "motion": 0.03584824961041515,
      "motion_p90": 0.018544386195836357,
      "motion_max": 0.3514008790244493,
      "texture": 2.731142421968399,
      "edge": 0.01867657696759259,
      "noise": 0.03524808958172798,
      "entropy": 0.5564243122935295,
      "hf_energy": 5.0,
      "flatness": 0.8196747202932099,
      "si": 66.6369856022553,
      "ti": 33.3950391840827,
      "luma_mean": 0.1828521724083152,
      "sat_mean": 0.21785961187136893,
      "difficulty": 0.3411925717424471
    },
    {
      "index": 3,
      "start_sec": 15.0,
      "end_sec": 20.0,
      "duration": 5.0,
      "frame_count": 150,
      "motion": 0.061307499224612684,
      "motion_p90": 0.04738535236625514,
      "motion_max": 0.42277454762769306,
      "texture": 5.720872120996146,
      "edge": 0.10010127314814815,
      "noise": 0.03524808958172798,
      "entropy": 0.856567494571209,
      "hf_energy": 5.0,
      "flatness": 0.45654176311728395,
      "si": 83.0026951522538,
      "ti": 32.61968273555322,
      "luma_mean": 0.5034319356504176,
      "sat_mean": 0.16382233323499154,
      "difficulty": 0.5137124047262165
    },
    {
      "index": 4,
      "start_sec": 20.0,
      "end_sec": 25.0,
      "duration": 5.0,
      "frame_count": 150,
      "motion": 0.023807993770424838,
      "motion_p90": 0.00880037748123941,
      "motion_max": 0.32156916454853546,
      "texture": 3.6997577450195465,
      "edge": 0.010709514853395063,
      "noise": 0.02870720674400218,
      "entropy": 0.905407577753067,
      "hf_energy": 2.7798373880929113,
      "flatness": 0.8497520013503086,
      "si": 39.04148487277517,
      "ti": 11.105112700949187,
      "luma_mean": 0.4546380912801077,
      "sat_mean": 0.29611726834831154,
      "difficulty": 0.3613715921944641
    },
    {
      "index": 5,
      "start_sec": 25.0,
      "end_sec": 29.966666666666665,
      "duration": 4.966666666666665,
      "frame_count": 149,
      "motion": 0.0366733113577221,
      "motion_p90": 0.02217836555918664,
      "motion_max": 0.3203656272694263,
      "texture": 2.7416186218164973,
      "edge": 0.018497178819444446,
      "noise": 0.019622646272182465,
      "entropy": 0.5574751645326614,
      "hf_energy": 5.0,
      "flatness": 0.8201943479938271,
      "si": 66.37370634798454,
      "ti": 35.58571541292803,
      "luma_mean": 0.18349903643942145,
      "sat_mean": 0.21861387035524088,
      "difficulty": 0.32614517718386804
    }
  ],
  "distributions": {
    "thresholds": {
      "high_complexity": 0.45,
      "low_complexity": 0.2
    },
    "metrics": {
      "motion_mean": {
        "mean": 0.037860910093525574,
        "max": 0.061307499224612684,
        "min": 0.02319310501013677,
        "p95": 0.05756444981542,
        "variance": 0.00017327466820114462,
        "std": 0.01316338361520869
      },
      "motion_p90": {
        "mean": 0.026652186466150248,
        "max": 0.058735241164366986,
        "min": 0.0042693960300169455,
        "p95": 0.05589776896483903,
        "variance": 0.00039410240958042157,
        "std": 0.019852012733736133
      },
      "motion_max": {
        "mean": 0.30042388722464297,
        "max": 0.42277454762769306,
        "min": 0.0631712811667877,
        "p95": 0.4049311304768821,
        "variance": 0.012537250661222537,
        "std": 0.1119698649692074
      },
      "texture": {
        "mean": 4.10932694349445,
        "max": 6.076672664656125,
        "min": 2.731142421968399,
        "p95": 5.987722528741131,
        "variance": 1.7640974332549633,
        "std": 1.3281932966458472
      },
      "edge_density": {
        "mean": 0.05101339457947531,
        "max": 0.1478294994212963,
        "min": 0.010266324266975308,
        "p95": 0.13589744285300925,
        "variance": 0.0028617797499597424,
        "std": 0.05349560495928373
      },
      "noise_level": {
        "mean": 0.02489169167529326,
        "max": 0.03524808958172798,
        "min": 0.0,
        "p95": 0.03524808958172798,
        "variance": 0.0001513585815354918,
        "std": 0.01230278755142475
      },
      "high_freq_energy": {
        "mean": 4.195789351202801,
        "max": 5.0,
        "min": 2.394898719123895,
        "p95": 5.0,
        "variance": 1.3058576835165931,
        "std": 1.1427413020962327
      },
      "flatness": {
        "mean": 0.6922959667566873,
        "max": 0.8504632040895062,
        "min": 0.35714976369598767,
        "p95": 0.8502854034047067,
        "variance": 0.04171594042178264,
        "std": 0.20424480512801943
      },
      "entropy": {
        "mean": 0.781074395403266,
        "max": 0.9132586270570755,
        "min": 0.5564243122935295,
        "p95": 0.9112958647310734,
        "variance": 0.025434392342286675,
        "std": 0.15948163637951135
      },
      "difficulty": {
        "mean": 0.39639480377016345,
        "max": 0.5137124047262165,
        "min": 0.32614517718386804,