{
  "video": "b81815ee-41d2-4150-b318-cc93e4ac53cb.mp4",
  "path": "/root/workspace/raw videos/b81815ee-41d2-4150-b318-cc93e4ac53cb.mp4",
  "extracted_at": "2026-07-21T16:22:13Z",
  "elapsed_sec": 78.93,
  "meta": {
    "path": "../raw videos/b81815ee-41d2-4150-b318-cc93e4ac53cb.mp4",
    "width": 3840,
    "height": 2160,
    "fps": 30.0,
    "frame_count": 898,
    "duration": 29.933333333333334,
    "detail_scale": 0.25,
    "texture_compensation": 16.0,
    "scene_spans_provided": true,
    "scene_detect": {
      "detector": "content",
      "ok": true,
      "error": "",
      "detect_sec": 24.965,
      "n_scenes": 6
    },
    "samples_per_segment": 16,
    "si_ti_agg": "mean"
  },
  "cut_times_sec": [
    4.0,
    9.966667,
    13.966667,
    19.933333,
    23.933333
  ],
  "global": {
    "mean_motion": 0.04408220128585912,
    "mean_texture": 4.698816004073171,
    "mean_noise": 0.024239788341122306,
    "mean_edge": 0.07523300154535799,
    "mean_entropy": 0.8313887284815576,
    "mean_hf_energy": 4.891495514619101,
    "mean_flatness": 0.5500241907922097,
    "mean_luma": 0.265069021434209,
    "mean_difficulty": 0.45244307838443615,
    "motion_p90": 0.08223499530985234,
    "motion_level": 0.3618940612457981,
    "texture_level": 0.526843025119842,
    "noise_level_norm": 0.3355462259476731,
    "edge_level": 0.612981028721557,
    "segment_count": 6,
    "cut_count": 5,
    "cut_rate": 0.16703786191536749,
    "hard_fraction": 0.33296213808463254,
    "worst_difficulty": 0.5690252732543722,
    "volatility": 0.4946281187773192,
    "duration": 29.933333333333334,
    "fps": 30.0,
    "width": 3840,
    "height": 2160,
    "n_segments": 6
  },
  "segments": [
    {
      "index": 0,
      "start_sec": 0.0,
      "end_sec": 4.0,
      "duration": 4.0,
      "frame_count": 120,
      "motion": 0.06326275653973008,
      "motion_p90": 0.08223499530985234,
      "motion_max": 0.09283377965383685,
      "texture": 5.64602253469878,
      "edge": 0.17535469714506174,
      "noise": 0.01635220617754385,
      "entropy": 0.9353417530655861,
      "hf_energy": 5.0,
      "flatness": 0.20387574749228396,
      "si": 109.50542453938735,
      "ti": 36.34229636653472,
      "luma_mean": 0.3787323216420056,
      "sat_mean": 0.3846489060419693,
      "difficulty": 0.5518863031243377
    },
    {
      "index": 1,
      "start_sec": 4.0,
      "end_sec": 9.966666666666667,
      "duration": 5.966666666666667,
      "frame_count": 179,
      "motion": 0.039192625121036065,
      "motion_p90": 0.04658801213386589,
      "motion_max": 0.29729563816267246,
      "texture": 4.725505875483593,
      "edge": 0.03478636188271605,
      "noise": 0.027980441838735715,
      "entropy": 0.7273551225662231,
      "hf_energy": 4.791980185181062,
      "flatness": 0.7116213348765432,
      "si": 57.616127272592564,
      "ti": 21.072727575078762,
      "luma_mean": 0.16711974344135802,
      "sat_mean": 0.7818469825140705,
      "difficulty": 0.43646643434259924
    },
    {
      "index": 2,
      "start_sec": 9.966666666666667,
      "end_sec": 13.966666666666667,
      "duration": 4.0,
      "frame_count": 120,
      "motion": 0.027934702459301623,
      "motion_p90": 0.02113329475308642,
      "motion_max": 0.2048771256959574,
      "texture": 4.011595506800364,
      "edge": 0.025515769675925927,
      "noise": 0.01635220614844002,
      "entropy": 0.8518387973308563,
      "hf_energy": 5.0,
      "flatness": 0.6938511525848765,
      "si": 66.53209005950077,
      "ti": 26.71527610873101,
      "luma_mean": 0.26324806200450857,
      "sat_mean": 0.45020228294828735,
      "difficulty": 0.3954645479601295
    },
    {
      "index": 3,
      "start_sec": 13.966666666666667,
      "end_sec": 19.933333333333334,
      "duration": 5.966666666666667,
      "frame_count": 179,
      "motion": 0.07122240803149964,
      "motion_p90": 0.0787187651295086,
      "motion_max": 0.2371188422900024,
      "texture": 5.757661134364193,
      "edge": 0.17315128279320988,
      "noise": 0.029433970426907763,
      "entropy": 0.931741751730442,
      "hf_energy": 5.0,
      "flatness": 0.19307315779320988,
      "si": 104.81173357286522,
      "ti": 36.02577176981005,
      "luma_mean": 0.3805682681251513,
      "sat_mean": 0.4189488249099794,
      "difficulty": 0.5690252732543722
    },
    {
      "index": 4,
      "start_sec": 19.933333333333334,
      "end_sec": 23.933333333333334,
      "duration": 4.0,
      "frame_count": 120,
      "motion": 0.030586430627420717,
      "motion_p90": 0.016860547536916,
      "motion_max": 0.33714590898087626,
      "texture": 3.758448550184425,
      "edge": 0.011295934606481482,
      "noise": 0.031977646955056116,
      "entropy": 0.6691157855093479,
      "hf_energy": 4.498320991504524,
      "flatness": 0.851395881558642,
      "si": 51.693799667387594,
      "ti": 13.66985672696018,
      "luma_mean": 0.13238257610142823,
      "sat_mean": 0.8134460150765552,
      "difficulty": 0.3546503547371032
    },
    {
      "index": 5,
      "start_sec": 23.933333333333334,
      "end_sec": 29.933333333333334,
      "duration": 6.0,
      "frame_count": 180,
      "motion": 0.028930328140129507,
      "motion_p90": 0.021446910554345194,
      "motion_max": 0.2442229635681433,
      "texture": 4.072899366071806,
      "edge": 0.027102382330246914,
      "noise": 0.020712794561404735,
      "entropy": 0.8602954298257828,
      "hf_energy": 5.0,
      "flatness": 0.6782593074845679,
      "si": 68.5632017613669,
      "ti": 27.349885784816625,
      "luma_mean": 0.26151262226534133,
      "sat_mean": 0.4455621364189966,
      "difficulty": 0.4071655568880746
    }
  ],
  "distributions": {
    "thresholds": {
      "high_complexity": 0.45,
      "low_complexity": 0.2
    },
    "metrics": {
      "motion_mean": {
        "mean": 0.04352154181985294,
        "max": 0.07122240803149964,
        "min": 0.027934702459301623,
        "p95": 0.06923249515855726,
        "variance": 0.00029982720778945075,
        "std": 0.017315519275766775
      },
      "motion_p90": {
        "mean": 0.04449708756959573,
        "max": 0.08223499530985234,
        "min": 0.016860547536916,
        "p95": 0.0813559377647664,
        "variance": 0.0007401001135575496,
        "std": 0.027204781079022664
      },
      "motion_max": {
        "mean": 0.2355823763919148,
        "max": 0.33714590898087626,
        "min": 0.09283377965383685,
        "p95": 0.3271833412763253,
        "variance": 0.005920112099255514,
        "std": 0.07694226471358583
      },
      "texture": {
        "mean": 4.662022161267194,
        "max": 5.757661134364193,
        "min": 3.758448550184425,
        "p95": 5.72975148444784,
        "variance": 0.6265462412596919,
        "std": 0.7915467397821129
      },
      "edge_density": {
        "mean": 0.07453440473894034,
        "max": 0.17535469714506174,
        "min": 0.011295934606481482,
        "p95": 0.17480384355709877,
        "variance": 0.005020275724473401,
        "std": 0.07085390408773112
      },
      "noise_level": {
        "mean": 0.02380154435134803,
        "max": 0.031977646955056116,
        "min": 0.01635220614844002,
        "p95": 0.03134172782301903,
        "variance": 3.9426952607829694e-05,
        "std": 0.006279088517279374
      },
      "high_freq_energy": {
        "mean": 4.881716862780931,
        "max": 5.0,
        "min": 4.498320991504524,
        "p95": 5.0,
        "variance": 0.0351681112699997,
        "std": 0.18753162738588844
      },
      "flatness": {
        "mean": 0.5553460969650206,
        "max": 0.851395881558642,
        "min": 0.19307315779320988,
        "p95": 0.8164522448881173,
        "variance": 0.06685530361823078,
        "std": 0.2585639255933255
      },
      "entropy": {
        "mean": 0.8292814400047064,
        "max": 0.9353417530655861,
        "min": 0.6691157855093479,
        "p95": 0.9344417527318001,
        "variance": 0.009876603081027528,