{
  "video": "bdde0aeb-7f6f-4417-a9ab-89a3477b8e41.mp4",
  "path": "/root/workspace/raw videos/bdde0aeb-7f6f-4417-a9ab-89a3477b8e41.mp4",
  "extracted_at": "2026-07-21T16:22:14Z",
  "elapsed_sec": 77.51,
  "meta": {
    "path": "../raw videos/bdde0aeb-7f6f-4417-a9ab-89a3477b8e41.mp4",
    "width": 3840,
    "height": 2160,
    "fps": 30.0,
    "frame_count": 898,
    "duration": 29.933333333333334,
    "detail_scale": 0.25,
    "texture_compensation": 16.0,
    "scene_spans_provided": true,
    "scene_detect": {
      "detector": "content",
      "ok": true,
      "error": "",
      "detect_sec": 25.133,
      "n_scenes": 6
    },
    "samples_per_segment": 16,
    "si_ti_agg": "mean"
  },
  "cut_times_sec": [
    4.0,
    10.0,
    14.0,
    19.966667,
    23.966667
  ],
  "global": {
    "mean_motion": 0.04437053836762088,
    "mean_texture": 4.553136210811214,
    "mean_noise": 0.03709089835162715,
    "mean_edge": 0.07792531714853308,
    "mean_entropy": 0.8511428374440341,
    "mean_hf_energy": 3.1052959534809124,
    "mean_flatness": 0.5740694859568761,
    "mean_luma": 0.31782827769031136,
    "mean_difficulty": 0.42645530744750043,
    "motion_p90": 0.10615453280077462,
    "motion_level": 0.4226662032215061,
    "texture_level": 0.5189861528879882,
    "noise_level_norm": 0.4358973647023187,
    "edge_level": 0.6212885796912212,
    "segment_count": 6,
    "cut_count": 5,
    "cut_rate": 0.16703786191536749,
    "hard_fraction": 0.33407572383073497,
    "worst_difficulty": 0.5157571378280894,
    "volatility": 0.5467008481960707,
    "duration": 29.933333333333334,
    "fps": 30.0,
    "width": 3840,
    "height": 2160,
    "n_segments": 6
  },
  "segments": [
    {
      "index": 0,
      "start_sec": 0.0,
      "end_sec": 4.0,
      "duration": 4.0,
      "frame_count": 120,
      "motion": 0.009852741183278868,
      "motion_p90": 0.01545333681312031,
      "motion_max": 0.017404245340111354,
      "texture": 3.639706708385093,
      "edge": 0.010128279320987655,
      "noise": 0.002907058922573924,
      "entropy": 0.8711089603602886,
      "hf_energy": 1.976377685325306,
      "flatness": 0.7720147328317901,
      "si": 34.50528361044766,
      "ti": 17.986652839177037,
      "luma_mean": 0.35969248706427015,
      "sat_mean": 0.41913779767308157,
      "difficulty": 0.3132712913410764
    },
    {
      "index": 1,
      "start_sec": 4.0,
      "end_sec": 10.0,
      "duration": 6.0,
      "frame_count": 180,
      "motion": 0.02261022083408981,
      "motion_p90": 0.008029022179859598,
      "motion_max": 0.26331899812394094,
      "texture": 6.9317485488163655,
      "edge": 0.215703125,
      "noise": 0.029797352850437164,
      "entropy": 0.9731484018266201,
      "hf_energy": 5.0,
      "flatness": 0.14207537615740742,
      "si": 133.61804710113677,
      "ti": 18.155624402217352,
      "luma_mean": 0.4749819973031651,
      "sat_mean": 0.23139853205942873,
      "difficulty": 0.5157571378280894
    },
    {
      "index": 2,
      "start_sec": 10.0,
      "end_sec": 14.0,
      "duration": 4.0,
      "frame_count": 120,
      "motion": 0.08101274755658436,
      "motion_p90": 0.077585262345679,
      "motion_max": 0.43224102820140403,
      "texture": 2.947122174040823,
      "edge": 0.008228925540123456,
      "noise": 0.06431867482024245,
      "entropy": 0.6880873329937458,
      "hf_energy": 2.692587429845795,
      "flatness": 0.8689359085648148,
      "si": 44.52272786944077,
      "ti": 39.88756615658325,
      "luma_mean": 0.09027409752481239,
      "sat_mean": 0.5741035624319173,
      "difficulty": 0.4148579971543659
    },
    {
      "index": 3,
      "start_sec": 14.0,
      "end_sec": 19.966666666666665,
      "duration": 5.966666666666665,
      "frame_count": 179,
      "motion": 0.03314389628343621,
      "motion_p90": 0.0181420320442992,
      "motion_max": 0.2951853364802711,
      "texture": 3.76089710700969,
      "edge": 0.008744092399691358,
      "noise": 0.026526911882683635,
      "entropy": 0.865902703255415,
      "hf_energy": 1.624963939440704,
      "flatness": 0.6999739583333333,
      "si": 30.824545733781306,
      "ti": 19.87711250697192,
      "luma_mean": 0.38854460557371095,
      "sat_mean": 0.3640665896952917,
      "difficulty": 0.3604374226302689
    },
    {
      "index": 4,
      "start_sec": 19.966666666666665,
      "end_sec": 23.966666666666665,
      "duration": 4.0,
      "frame_count": 120,
      "motion": 0.022222613225459938,
      "motion_p90": 0.009749973523359962,
      "motion_max": 0.24210135257806825,
      "texture": 6.927664992830021,
      "edge": 0.21558545524691358,
      "noise": 0.02471000113291666,
      "entropy": 0.9731389135122299,
      "hf_energy": 5.0,
      "flatness": 0.1430615837191358,
      "si": 133.64926197163604,
      "ti": 17.525866923570188,
      "luma_mean": 0.47305319535221496,
      "sat_mean": 0.23111507882473975,
      "difficulty": 0.511829570438359
    },
    {
      "index": 5,
      "start_sec": 23.966666666666665,
      "end_sec": 29.933333333333334,
      "duration": 5.966666666666669,
      "frame_count": 179,
      "motion": 0.09090264823136045,
      "motion_p90": 0.10615453280077462,
      "motion_max": 0.4212431765916243,
      "texture": 3.0506241974082546,
      "edge": 0.008447265624999999,
      "noise": 0.06795250164577737,
      "entropy": 0.7278365753591061,
      "hf_energy": 2.4436391466225764,
      "flatness": 0.8411398051697531,
      "si": 44.30339525300285,
      "ti": 39.63023986083166,
      "luma_mean": 0.10950377575798838,
      "sat_mean": 0.595846134788792,
      "difficulty": 0.44257842529284264
    }
  ],
  "distributions": {
    "thresholds": {
      "high_complexity": 0.45,
      "low_complexity": 0.2
    },
    "metrics": {
      "motion_mean": {
        "mean": 0.04329081121903494,
        "max": 0.09090264823136045,
        "min": 0.009852741183278868,
        "p95": 0.08843017306266643,
        "variance": 0.0009637419500891912,
        "std": 0.0310441935003825
      },
      "motion_p90": {
        "mean": 0.039185693284515453,
        "max": 0.10615453280077462,
        "min": 0.008029022179859598,
        "p95": 0.09901221518700072,
        "variance": 0.0014671020907494788,
        "std": 0.0383027687086649
      },
      "motion_max": {
        "mean": 0.27858235621923666,
        "max": 0.43224102820140403,
        "min": 0.017404245340111354,
        "p95": 0.4294915652989591,
        "variance": 0.01900276590459918,
        "std": 0.13785052014627722
      },
      "texture": {
        "mean": 4.542960621415041,
        "max": 6.9317485488163655,
        "min": 2.947122174040823,
        "p95": 6.930727659819779,
        "variance": 2.9323970042745184,
        "std": 1.7124243061445135
      },
      "edge_density": {
        "mean": 0.07780619052211933,
        "max": 0.215703125,
        "min": 0.008228925540123456,
        "p95": 0.21567370756172838,
        "variance": 0.009500036608896846,
        "std": 0.097468131247587
      },
      "noise_level": {
        "mean": 0.036035416875771865,
        "max": 0.06795250164577737,
        "min": 0.002907058922573924,
        "p95": 0.06704404493939364,
        "variance": 0.0005289535387634434,
        "std": 0.022998989950940095
      },
      "high_freq_energy": {
        "mean": 3.1229280335390635,
        "max": 5.0,
        "min": 1.624963939440704,
        "p95": 5.0,
        "variance": 1.875316481636565,
        "std": 1.3694219516411168
      },
      "flatness": {
        "mean": 0.5778668941293724,
        "max": 0.8689359085648148,
        "min": 0.14207537615740742,
        "p95": 0.8619868827160494,
        "variance": 0.09760120339177965,
        "std": 0.3124119130119395
      },
      "entropy": {
        "mean": 0.8498704812179009,
        "max": 0.9731484018266201,
        "min": 0.6880873329937458,
        "p95": 0.9731460297480226,
        "variance": 0.012027786413020864,
        "std": 0.10967126521117947
      },