{
  "video": "becefa3d-90df-4e75-b086-9a037af61ae9.mp4",
  "path": "/root/workspace/raw videos/becefa3d-90df-4e75-b086-9a037af61ae9.mp4",
  "extracted_at": "2026-07-21T16:22:22Z",
  "elapsed_sec": 64.523,
  "meta": {
    "path": "../raw videos/becefa3d-90df-4e75-b086-9a037af61ae9.mp4",
    "width": 3840,
    "height": 2160,
    "fps": 30.0,
    "frame_count": 898,
    "duration": 29.933333333333334,
    "detail_scale": 0.25,
    "texture_compensation": 16.0,
    "scene_spans_provided": true,
    "scene_detect": {
      "detector": "content",
      "ok": true,
      "error": "",
      "detect_sec": 18.298,
      "n_scenes": 6
    },
    "samples_per_segment": 16,
    "si_ti_agg": "mean"
  },
  "cut_times_sec": [
    7.0,
    9.966667,
    16.966667,
    19.933333,
    26.933333
  ],
  "global": {
    "mean_motion": 0.029544880322554385,
    "mean_texture": 4.365041882546136,
    "mean_noise": 0.01033130831302679,
    "mean_edge": 0.06125866216227247,
    "mean_entropy": 0.9024622359568198,
    "mean_hf_energy": 4.579947831872583,
    "mean_flatness": 0.6398925416069489,
    "mean_luma": 0.4397189933894409,
    "mean_difficulty": 0.41747983585005044,
    "motion_p90": 0.04388456563180828,
    "motion_level": 0.23233537099771423,
    "texture_level": 0.508447360218534,
    "noise_level_norm": 0.17711429096678702,
    "edge_level": 0.5632531785916232,
    "segment_count": 6,
    "cut_count": 5,
    "cut_rate": 0.16703786191536749,
    "hard_fraction": 0.33296213808463254,
    "worst_difficulty": 0.4776522660406809,
    "volatility": 0.44054181629362743,
    "duration": 29.933333333333334,
    "fps": 30.0,
    "width": 3840,
    "height": 2160,
    "n_segments": 6
  },
  "segments": [
    {
      "index": 0,
      "start_sec": 0.0,
      "end_sec": 7.0,
      "duration": 7.0,
      "frame_count": 210,
      "motion": 0.0048566053543330915,
      "motion_p90": 0.007149683793270394,
      "motion_max": 0.009016612200435729,
      "texture": 3.7651478231759894,
      "edge": 0.009064308449074075,
      "noise": 0.004360588383860886,
      "entropy": 0.936468243598938,
      "hf_energy": 3.5994318530198344,
      "flatness": 0.7283845727237654,
      "si": 42.81666536970322,
      "ti": 15.884308918165418,
      "luma_mean": 0.43754933449074074,
      "sat_mean": 0.16584202003525175,
      "difficulty": 0.33052469472509094
    },
    {
      "index": 1,
      "start_sec": 7.0,
      "end_sec": 9.966666666666667,
      "duration": 2.966666666666667,
      "frame_count": 89,
      "motion": 0.047485638313967564,
      "motion_p90": 0.04388456563180828,
      "motion_max": 0.16586618706124426,
      "texture": 4.8891273401273345,
      "edge": 0.09773449556327161,
      "noise": 0.01344514693482779,
      "entropy": 0.9301049411296844,
      "hf_energy": 5.0,
      "flatness": 0.5491927083333333,
      "si": 96.88823768551555,
      "ti": 31.70543589778303,
      "luma_mean": 0.47693166095527717,
      "sat_mean": 0.33640313663080973,
      "difficulty": 0.4776522660406809
    },
    {
      "index": 2,
      "start_sec": 9.966666666666667,
      "end_sec": 16.966666666666665,
      "duration": 6.999999999999998,
      "frame_count": 210,
      "motion": 0.04472788822319051,
      "motion_p90": 0.03517613395666909,
      "motion_max": 0.25644909676833694,
      "texture": 4.443950257662503,
      "edge": 0.07827027874228396,
      "noise": 0.01308176465681754,
      "entropy": 0.834165308624506,
      "hf_energy": 5.0,
      "flatness": 0.638124397183642,
      "si": 96.74767843004594,
      "ti": 41.3435696495726,
      "luma_mean": 0.4033498424639918,
      "sat_mean": 0.274773839377572,
      "difficulty": 0.43901940359086916
    },
    {
      "index": 3,
      "start_sec": 16.966666666666665,
      "end_sec": 19.933333333333334,
      "duration": 2.9666666666666686,
      "frame_count": 89,
      "motion": 0.019469820412732996,
      "motion_p90": 0.008701468318809004,
      "motion_max": 0.20769209180585815,
      "texture": 3.8360574663771736,
      "edge": 0.010020736882716048,
      "noise": 0.018895882793003693,
      "entropy": 0.9354755692183971,
      "hf_energy": 4.066432178510275,
      "flatness": 0.7354357156635802,
      "si": 43.96394415067945,
      "ti": 13.89356580679256,
      "luma_mean": 0.43485347165486565,
      "sat_mean": 0.16403992346359839,
      "difficulty": 0.367629042721802
    },
    {
      "index": 4,
      "start_sec": 19.933333333333334,
      "end_sec": 26.933333333333334,
      "duration": 7.0,
      "frame_count": 210,
      "motion": 0.031559602699104336,
      "motion_p90": 0.042612896393125155,
      "motion_max": 0.15879931463326072,
      "texture": 4.844554031066848,
      "edge": 0.09429771894290123,
      "noise": 0.011628235108219087,
      "entropy": 0.9250447116792202,
      "hf_energy": 5.0,
      "flatness": 0.5521583236882717,
      "si": 93.43923190195997,
      "ti": 29.014216022635033,
      "luma_mean": 0.4696253025901719,
      "sat_mean": 0.3202580186395546,
      "difficulty": 0.4706253263097706
    },
    {
      "index": 5,
      "start_sec": 26.933333333333334,
      "end_sec": 29.933333333333334,
      "duration": 3.0,
      "frame_count": 90,
      "motion": 0.03924451649872912,
      "motion_p90": 0.032157010257806824,
      "motion_max": 0.18194646423384167,
      "texture": 4.466657991637858,
      "edge": 0.08085865162037037,
      "noise": 0.003270441200584173,
      "entropy": 0.8697998560965061,
      "hf_energy": 5.0,
      "flatness": 0.6374604552469136,
      "si": 99.86630119581734,
      "ti": 31.885820587145417,
      "luma_mean": 0.42787376174428104,
      "sat_mean": 0.31962459150326794,
      "difficulty": 0.4194282817120888
    }
  ],
  "distributions": {
    "thresholds": {
      "high_complexity": 0.45,
      "low_complexity": 0.2
    },
    "metrics": {
      "motion_mean": {
        "mean": 0.031224011917009603,
        "max": 0.047485638313967564,
        "min": 0.0048566053543330915,
        "p95": 0.0467962007912733,
        "variance": 0.0002241062383409949,
        "std": 0.014970178300240613
      },
      "motion_p90": {
        "mean": 0.028280293058581457,
        "max": 0.04388456563180828,
        "min": 0.007149683793270394,
        "p95": 0.0435666483221375,
        "variance": 0.00022355523748890255,
        "std": 0.014951763691581757
      },
      "motion_max": {
        "mean": 0.1632949611171629,
        "max": 0.25644909676833694,
        "min": 0.009016612200435729,
        "p95": 0.24425984552771723,
        "variance": 0.005804217959242175,
        "std": 0.0761854182848803
      },
      "texture": {
        "mean": 4.3742491516746185,
        "max": 4.8891273401273345,
        "min": 3.7651478231759894,
        "p95": 4.877984012862213,
        "variance": 0.19338976415097917,
        "std": 0.4397610307325777
      },
      "edge_density": {
        "mean": 0.061707698366769544,
        "max": 0.09773449556327161,
        "min": 0.009064308449074075,
        "p95": 0.09687530140817902,
        "variance": 0.0014073310210146843,
        "std": 0.037514410844563244
      },
      "noise_level": {
        "mean": 0.010780343179552196,
        "max": 0.018895882793003693,
        "min": 0.003270441200584173,
        "p95": 0.017533198828459717,
        "variance": 2.9431750530142904e-05,
        "std": 0.005425103734505258
      },
      "high_freq_energy": {
        "mean": 4.610977338588351,
        "max": 5.0,
        "min": 3.5994318530198344,
        "p95": 5.0,
        "variance": 0.32085137085095233,
        "std": 0.5664374377201354
      },
      "flatness": {
        "mean": 0.6401260288065843,
        "max": 0.7354357156635802,
        "min": 0.5491927083333333,
        "p95": 0.7336729299286265,
        "variance": 0.005481967451798161,
        "std": 0.07404030964142547
      },
      "entropy": {
        "mean": 0.9051764383912086,
        "max": 0.936468243598938,
        "min": 0.834165308624506,
        "p95": 0.9362200750038028,