{
  "video": "d7cbca62-b96c-4370-804f-23a930ea3455.mp4",
  "path": "/root/workspace/vidaio-mining/s3_videos/compression/d7cbca62-b96c-4370-804f-23a930ea3455.mp4",
  "extracted_at": "2026-07-21T11:20:31Z",
  "elapsed_sec": 22.485,
  "meta": {
    "path": "s3_videos/compression/d7cbca62-b96c-4370-804f-23a930ea3455.mp4",
    "width": 3840,
    "height": 2160,
    "fps": 30.0,
    "frame_count": 898,
    "duration": 29.933333333333334,
    "detail_scale": 0.25,
    "texture_compensation": 16.0,
    "scene_spans_provided": false
  },
  "cut_times_sec": [
    2.0,
    10.0,
    12.0,
    20.0,
    22.0
  ],
  "global": {
    "mean_motion": 0.039842377580457305,
    "mean_texture": 4.382856939506897,
    "mean_noise": 0.018738876003046044,
    "mean_edge": 0.0624845281610025,
    "mean_entropy": 0.9048673887394849,
    "mean_hf_energy": 4.501212675969477,
    "mean_flatness": 0.629654913009706,
    "mean_luma": 0.44376800038339315,
    "mean_difficulty": 0.4650128263515005,
    "motion_p90": 0.09245114757322678,
    "motion_level": 0.38934807651210057,
    "texture_level": 0.5094652823272586,
    "noise_level_norm": 0.28077901704833597,
    "edge_level": 0.5681210730797843,
    "segment_count": 6,
    "cut_count": 5,
    "cut_rate": 0.16703786191536749,
    "hard_fraction": 0.6013363028953229,
    "worst_difficulty": 0.5146682504671398,
    "volatility": 0.431784919225187,
    "duration": 29.933333333333334,
    "fps": 30.0,
    "width": 3840,
    "height": 2160,
    "n_segments": 6
  },
  "segments": [
    {
      "index": 0,
      "start_sec": 0.0,
      "end_sec": 2.0,
      "duration": 2.0,
      "frame_count": 60,
      "motion": 0.0231857705080489,
      "motion_p90": 0.029652565964657467,
      "motion_max": 0.03054022179859598,
      "texture": 4.459814468115777,
      "edge": 0.08258801118827161,
      "noise": 0.0,
      "entropy": 0.8431001082062721,
      "hf_energy": 5.0,
      "flatness": 0.6330020254629629,
      "luma_mean": 0.4152717637981118,
      "difficulty": 0.40355919847250504
    },
    {
      "index": 1,
      "start_sec": 2.0,
      "end_sec": 10.0,
      "duration": 8.0,
      "frame_count": 240,
      "motion": 0.053047011165577335,
      "motion_p90": 0.09245114757322678,
      "motion_max": 0.2090143276446381,
      "texture": 4.849253157882144,
      "edge": 0.09595052083333333,
      "noise": 0.010901471017859876,
      "entropy": 0.9279670044779778,
      "hf_energy": 5.0,
      "flatness": 0.5513536844135802,
      "luma_mean": 0.47332287222373515,
      "difficulty": 0.5106022522156208
    },
    {
      "index": 2,
      "start_sec": 10.0,
      "end_sec": 12.0,
      "duration": 2.0,
      "frame_count": 60,
      "motion": 0.024744079634168484,
      "motion_p90": 0.055003907952069685,
      "motion_max": 0.17222527081820382,
      "texture": 3.787815267270539,
      "edge": 0.008264130015432098,
      "noise": 0.026890295324847102,
      "entropy": 0.9474062621593475,
      "hf_energy": 3.0568557175847486,
      "flatness": 0.7055811149691358,
      "luma_mean": 0.4468870497080005,
      "difficulty": 0.4268557570456982
    },
    {
      "index": 3,
      "start_sec": 12.0,
      "end_sec": 20.0,
      "duration": 8.0,
      "frame_count": 240,
      "motion": 0.050152834513435,
      "motion_p90": 0.09244321895424834,
      "motion_max": 0.22284241860324377,
      "texture": 4.468772308270536,
      "edge": 0.0832542438271605,
      "noise": 0.024710001423954964,
      "entropy": 0.840801440179348,
      "hf_energy": 5.0,
      "flatness": 0.6321923225308642,
      "luma_mean": 0.414404955481421,
      "difficulty": 0.5094045093028665
    },
    {
      "index": 4,
      "start_sec": 20.0,
      "end_sec": 22.0,
      "duration": 2.0,
      "frame_count": 60,
      "motion": 0.04598972044450497,
      "motion_p90": 0.08457418225006047,
      "motion_max": 0.23435794147906075,
      "texture": 4.841174956648945,
      "edge": 0.09390359760802469,
      "noise": 0.015988823666702956,
      "entropy": 0.929159551858902,
      "hf_energy": 5.0,
      "flatness": 0.5519721739969136,
      "luma_mean": 0.47471710655712906,
      "difficulty": 0.5146682504671398
    },
    {
      "index": 5,
      "start_sec": 22.0,
      "end_sec": 29.933333333333334,
      "duration": 7.933333333333334,
      "frame_count": 238,
      "motion": 0.022585369197833452,
      "motion_p90": 0.052181663792060004,
      "motion_max": 0.15417558551198257,
      "texture": 3.84097116923712,
      "edge": 0.00847318672839506,
      "noise": 0.02398323582019657,
      "entropy": 0.9449013993144035,
      "hf_energy": 3.6078892435525445,
      "flatness": 0.7056544174382715,
      "luma_mean": 0.4421698760136771,
      "difficulty": 0.4249869906051724
    }
  ],
  "distributions": {
    "thresholds": {
      "high_complexity": 0.45,
      "low_complexity": 0.2
    },
    "metrics": {
      "motion_mean": {
        "mean": 0.036617464243928026,
        "max": 0.053047011165577335,
        "min": 0.022585369197833452,
        "p95": 0.05232346700254175,
        "variance": 0.00017654379946015732,
        "std": 0.013286978567761646
      },
      "motion_p90": {
        "mean": 0.0677177810810538,
        "max": 0.09245114757322678,
        "min": 0.029652565964657467,
        "p95": 0.09244916541848217,
        "variance": 0.0005598665114404404,
        "std": 0.02366149850369668
      },
      "motion_max": {
        "mean": 0.17052596097595416,
        "max": 0.23435794147906075,
        "min": 0.03054022179859598,
        "p95": 0.2314790607601065,
        "variance": 0.004693186241204032,
        "std": 0.06850683353654606
      },
      "texture": {
        "mean": 4.374633554570843,
        "max": 4.849253157882144,
        "min": 3.787815267270539,
        "p95": 4.847233607573844,
        "variance": 0.1813656307518332,
        "std": 0.4258704389269502
      },
      "edge_density": {
        "mean": 0.06207228170010289,
        "max": 0.09595052083333333,
        "min": 0.008264130015432098,
        "p95": 0.09543879002700617,
        "variance": 0.0014664531007814628,
        "std": 0.03829429593009202
      },
      "noise_level": {
        "mean": 0.017078971208926912,
        "max": 0.026890295324847102,
        "min": 0.0,
        "p95": 0.026345221849624068,
        "variance": 8.886746011709055e-05,
        "std": 0.009426953915082567
      },
      "high_freq_energy": {
        "mean": 4.444124160189549,
        "max": 5.0,
        "min": 3.0568557175847486,
        "p95": 5.0,
        "variance": 0.6432990607983239,
        "std": 0.8020592626472959
      },
      "flatness": {
        "mean": 0.6299592898019547,
        "max": 0.7056544174382715,
        "min": 0.5513536844135802,
        "p95": 0.7056360918209876,
        "variance": 0.003953914815837815,
        "std": 0.06288016233946772
      },
      "entropy": {
        "mean": 0.9055559610327085,
        "max": 0.9474062621593475,
        "min": 0.840801440179348,
        "p95": 0.9467800464481115,
        "variance": 0.002075462851565155,
        "std": 0.045557248068393626
      },
      "difficulty": {
        "mean": 0.4650128263515005,
        "max": 0.5146682504671398,
        "min": 0.40355919847250504,
        "p95": 0.5136517509042601,
        "variance": 0.00222487604244477,
        "std": 0.047168591694524545
      }
    },
    "high_complexity_ratio": 0.6013363028953229,
    "low_complexity_ratio": 0.0,
    "high_complexity_segment_ratio": 0.5,
    "low_complexity_segment_ratio": 0.0,
    "scene_complexity_histogram": {
      "bins": [
        0.0,
        0.2,
        0.4,
        0.6,
        0.8,
        1.0
      ],
      "counts": [
        0,
        0,
        6,
        0,
        0
      ],
      "fractions": [
        0.0,
        0.0,
        1.0,
        0.0,
        0.0
      ]
    },
    "worst_segment_index": 4
  },
  "summary_raw": {
    "segment_count": 6.0,
    "cut_count": 5.0,
    "cut_rate": 0.16703786191536749,