{
  "video": "d7cbca62-b96c-4370-804f-23a930ea3455.mp4",
  "path": "/root/workspace/raw videos/d7cbca62-b96c-4370-804f-23a930ea3455.mp4",
  "extracted_at": "2026-07-21T16:25:17Z",
  "elapsed_sec": 75.164,
  "meta": {
    "path": "../raw videos/d7cbca62-b96c-4370-804f-23a930ea3455.mp4",
    "width": 3840,
    "height": 2160,
    "fps": 30.0,
    "frame_count": 898,
    "duration": 29.933333333333334,
    "detail_scale": 0.25,
    "texture_compensation": 16.0,
    "scene_spans_provided": true,
    "scene_detect": {
      "detector": "content",
      "ok": true,
      "error": "",
      "detect_sec": 21.381,
      "n_scenes": 6
    },
    "samples_per_segment": 16,
    "si_ti_agg": "mean"
  },
  "cut_times_sec": [
    2.0,
    9.966667,
    11.966667,
    19.933333,
    21.933333
  ],
  "global": {
    "mean_motion": 0.029216610349682367,
    "mean_texture": 4.382166563090725,
    "mean_noise": 0.010298126785267135,
    "mean_edge": 0.06216046966080315,
    "mean_entropy": 0.9041444302717003,
    "mean_hf_energy": 4.410435468284743,
    "mean_flatness": 0.6299869167369101,
    "mean_luma": 0.4428313428473554,
    "mean_difficulty": 0.40797457655889535,
    "motion_p90": 0.042939962327523604,
    "motion_level": 0.22847701891464675,
    "texture_level": 0.5094259139195544,
    "noise_level_norm": 0.17664592934861909,
    "edge_level": 0.5668448243298166,
    "segment_count": 6,
    "cut_count": 5,
    "cut_rate": 0.16703786191536749,
    "hard_fraction": 0.2661469933184855,
    "worst_difficulty": 0.4593543043552949,
    "volatility": 0.4112020612907025,
    "duration": 29.933333333333334,
    "fps": 30.0,
    "width": 3840,
    "height": 2160,
    "n_segments": 6
  },
  "segments": [
    {
      "index": 0,
      "start_sec": 0.0,
      "end_sec": 2.0,
      "duration": 2.0,
      "frame_count": 60,
      "motion": 0.024592223810820622,
      "motion_p90": 0.03161384955216655,
      "motion_max": 0.03321977880658436,
      "texture": 4.46622030213193,
      "edge": 0.08263635706018518,
      "noise": 0.0,
      "entropy": 0.8429979272186756,
      "hf_energy": 5.0,
      "flatness": 0.6335387731481481,
      "si": 101.82558468093309,
      "ti": 26.438085985740933,
      "luma_mean": 0.41521205992041876,
      "sat_mean": 0.30240426094241707,
      "difficulty": 0.40590719028162386
    },
    {
      "index": 1,
      "start_sec": 2.0,
      "end_sec": 9.966666666666667,
      "duration": 7.966666666666667,
      "frame_count": 239,
      "motion": 0.040775608584483175,
      "motion_p90": 0.042939962327523604,
      "motion_max": 0.2090143276446381,
      "texture": 4.8468489313978615,
      "edge": 0.0956858844521605,
      "noise": 0.006177500239573419,
      "entropy": 0.9263327606022358,
      "hf_energy": 5.0,
      "flatness": 0.5521678481867284,
      "si": 95.15457956318977,
      "ti": 33.548260009180964,
      "luma_mean": 0.47168913682371094,
      "sat_mean": 0.3251674065941963,
      "difficulty": 0.4593543043552949
    },
    {
      "index": 2,
      "start_sec": 9.966666666666667,
      "end_sec": 11.966666666666667,
      "duration": 2.0,
      "frame_count": 60,
      "motion": 0.014054978743040425,
      "motion_p90": 0.005295119977003147,
      "motion_max": 0.17222527081820382,
      "texture": 3.7956827256168597,
      "edge": 0.008244116512345679,
      "noise": 0.014171912393067032,
      "entropy": 0.9473404660820961,
      "hf_energy": 3.1185533564717023,
      "flatness": 0.7056200569058642,
      "si": 43.233015105280394,
      "ti": 5.918015558109321,
      "luma_mean": 0.44683060623940934,
      "sat_mean": 0.1842289789662007,
      "difficulty": 0.3477756866026337
    },
    {
      "index": 3,
      "start_sec": 11.966666666666667,
      "end_sec": 19.933333333333334,
      "duration": 7.966666666666667,
      "frame_count": 239,
      "motion": 0.037500786734446866,
      "motion_p90": 0.034055827886710244,
      "motion_max": 0.22284241860324377,
      "texture": 4.4649377592119635,
      "edge": 0.08282347125771605,
      "noise": 0.012355000711977482,
      "entropy": 0.8396479524672031,
      "hf_energy": 5.0,
      "flatness": 0.6328838734567901,
      "si": 105.63682574662175,
      "ti": 40.229202094270434,
      "luma_mean": 0.41330379344060153,
      "sat_mean": 0.30049750930464775,
      "difficulty": 0.43898053847221497
    },
    {
      "index": 4,
      "start_sec": 19.933333333333334,
      "end_sec": 21.933333333333334,
      "duration": 2.0,
      "frame_count": 60,
      "motion": 0.03338556276098402,
      "motion_p90": 0.02482991028201404,
      "motion_max": 0.23435794147906075,
      "texture": 4.844576104926661,
      "edge": 0.09411181037808641,
      "noise": 0.007994411833351478,
      "entropy": 0.9291514083743095,
      "hf_energy": 5.0,
      "flatness": 0.5517274305555555,
      "si": 92.20517385736824,
      "ti": 19.296895259891297,
      "luma_mean": 0.47474877923777536,
      "sat_mean": 0.328313583651053,
      "difficulty": 0.4431511700299217
    },
    {
      "index": 5,
      "start_sec": 21.933333333333334,
      "end_sec": 29.933333333333334,
      "duration": 8.0,
      "frame_count": 240,
      "motion": 0.013360382057915758,
      "motion_p90": 0.006766789972161704,
      "motion_max": 0.15417558551198257,
      "texture": 3.8469991943299835,
      "edge": 0.008570119598765432,
      "noise": 0.014535294467350468,
      "entropy": 0.944512166082859,
      "hf_energy": 3.2644077047141575,
      "flatness": 0.7043654755015432,
      "si": 42.60329553656304,
      "ti": 13.922553077091498,
      "luma_mean": 0.4414239534162431,
      "sat_mean": 0.17371568816569838,
      "difficulty": 0.3526785696116827
    }
  ],
  "distributions": {
    "thresholds": {
      "high_complexity": 0.45,
      "low_complexity": 0.2
    },
    "metrics": {
      "motion_mean": {
        "mean": 0.027278257115281816,
        "max": 0.040775608584483175,
        "min": 0.013360382057915758,
        "p95": 0.0399569031219741,
        "variance": 0.00011662581711379977,
        "std": 0.010799343364936582
      },
      "motion_p90": {
        "mean": 0.024250243332929883,
        "max": 0.042939962327523604,
        "min": 0.005295119977003147,
        "p95": 0.04071892871732026,
        "variance": 0.00019416360628643503,
        "std": 0.013934260162866023
      },
      "motion_max": {
        "mean": 0.1709725538106189,
        "max": 0.23435794147906075,
        "min": 0.03321977880658436,
        "p95": 0.2314790607601065,
        "variance": 0.004569150210860194,
        "std": 0.0675954895748244
      },
      "texture": {
        "mean": 4.377544169602543,
        "max": 4.8468489313978615,
        "min": 3.7956827256168597,
        "p95": 4.846280724780062,
        "variance": 0.17898459913760104,
        "std": 0.42306571491625394
      },
      "edge_density": {
        "mean": 0.062011959876543205,
        "max": 0.0956858844521605,
        "min": 0.008244116512345679,
        "p95": 0.09529236593364199,
        "variance": 0.0014616382726692471,
        "std": 0.038231378116270504
      },
      "noise_level": {
        "mean": 0.009205686607553313,
        "max": 0.014535294467350468,
        "min": 0.0,
        "p95": 0.014444448948779609,
        "variance": 2.6394677165760228e-05,
        "std": 0.005137575027749982
      },
      "high_freq_energy": {
        "mean": 4.39716017686431,
        "max": 5.0,
        "min": 3.1185533564717023,
        "p95": 5.0,
        "variance": 0.728604495624976,
        "std": 0.8535833267027748
      },
      "flatness": {
        "mean": 0.6300505762924383,
        "max": 0.7056200569058642,
        "min": 0.5517274305555555,
        "p95": 0.7053064115547839,
        "variance": 0.003908980038346165,
        "std": 0.06252183649211022
      },
      "entropy": {
        "mean": 0.9049971134712299,
        "max": 0.9473404660820961,
        "min": 0.8396479524672031,
        "p95": 0.9466333910822868,
        "variance": 0.002084575105650139,