{
  "video": "d9ba1833-511b-41e5-9139-bb4c4de306c6.mp4",
  "path": "/root/workspace/vidaio-mining/s3_videos/compression/d9ba1833-511b-41e5-9139-bb4c4de306c6.mp4",
  "extracted_at": "2026-07-21T07:31:12Z",
  "elapsed_sec": 21.949,
  "meta": {
    "path": "s3_videos/compression/d9ba1833-511b-41e5-9139-bb4c4de306c6.mp4",
    "width": 3840,
    "height": 2160,
    "fps": 30.0,
    "frame_count": 898,
    "duration": 29.933333333333334,
    "detail_scale": 0.25,
    "texture_compensation": 16.0,
    "scene_spans_provided": false
  },
  "cut_times_sec": [
    6.0,
    10.0,
    16.0,
    20.0,
    26.0
  ],
  "global": {
    "mean_motion": 0.05643712948498951,
    "mean_texture": 4.225817436214153,
    "mean_noise": 0.047438797911987914,
    "mean_edge": 0.06424283311766202,
    "mean_entropy": 0.786844844226715,
    "mean_hf_energy": 4.335771501491458,
    "mean_flatness": 0.6593837637952308,
    "mean_luma": 0.3663394204354474,
    "mean_difficulty": 0.4898798776820774,
    "motion_p90": 0.17688556871822797,
    "motion_level": 0.5495293542441164,
    "texture_level": 0.5003443974640754,
    "noise_level_norm": 0.4970598849718873,
    "edge_level": 0.5749168096536101,
    "segment_count": 6,
    "cut_count": 5,
    "cut_rate": 0.16703786191536749,
    "hard_fraction": 0.46547884187082406,
    "worst_difficulty": 0.6478204294319555,
    "volatility": 0.559563287749578,
    "duration": 29.933333333333334,
    "fps": 30.0,
    "width": 3840,
    "height": 2160,
    "n_segments": 6
  },
  "segments": [
    {
      "index": 0,
      "start_sec": 0.0,
      "end_sec": 6.0,
      "duration": 6.0,
      "frame_count": 180,
      "motion": 0.006919416454853547,
      "motion_p90": 0.009050930464778504,
      "motion_max": 0.0096508487654321,
      "texture": 3.725311550943788,
      "edge": 0.01054542824074074,
      "noise": 0.005087353114504367,
      "entropy": 0.9048514738678932,
      "hf_energy": 3.1201130709547007,
      "flatness": 0.8514359085648149,
      "luma_mean": 0.4538026781121399,
      "difficulty": 0.32263187092100903
    },
    {
      "index": 1,
      "start_sec": 6.0,
      "end_sec": 10.0,
      "duration": 4.0,
      "frame_count": 120,
      "motion": 0.055960717176531116,
      "motion_p90": 0.11460810109537638,
      "motion_max": 0.33748462841926896,
      "texture": 2.7181690423614686,
      "edge": 0.018640287422839505,
      "noise": 0.06395529210567474,
      "entropy": 0.5553872287273407,
      "hf_energy": 5.0,
      "flatness": 0.820040268132716,
      "luma_mean": 0.1839628135590656,
      "difficulty": 0.44494821661579304
    },
    {
      "index": 2,
      "start_sec": 10.0,
      "end_sec": 16.0,
      "duration": 6.0,
      "frame_count": 180,
      "motion": 0.0974714099567296,
      "motion_p90": 0.17688556871822797,
      "motion_max": 0.4209304874727669,
      "texture": 6.268675389059538,
      "edge": 0.16747974537037036,
      "noise": 0.07049617916345596,
      "entropy": 0.9211002737283707,
      "hf_energy": 5.0,
      "flatness": 0.2890540605709877,
      "luma_mean": 0.46108688593106995,
      "difficulty": 0.6478204294319555
    },
    {
      "index": 3,
      "start_sec": 16.0,
      "end_sec": 20.0,
      "duration": 4.0,
      "frame_count": 120,
      "motion": 0.04865441365589446,
      "motion_p90": 0.1053624356995884,
      "motion_max": 0.32899259410554343,
      "texture": 3.8576799198957525,
      "edge": 0.01046609760802469,
      "noise": 0.06831588578643277,
      "entropy": 0.9145401865243912,
      "hf_energy": 2.849187129729027,
      "flatness": 0.8509772858796296,
      "luma_mean": 0.46313079271060276,
      "difficulty": 0.4878572142263005
    },
    {
      "index": 4,
      "start_sec": 20.0,
      "end_sec": 26.0,
      "duration": 6.0,
      "frame_count": 180,
      "motion": 0.04992788141491165,
      "motion_p90": 0.1025925048414427,
      "motion_max": 0.2991644955821835,
      "texture": 2.6705289582168623,
      "edge": 0.018113908179012345,
      "noise": 0.02907058782875538,
      "entropy": 0.5236298069357872,
      "hf_energy": 5.0,
      "flatness": 0.8215986689814815,
      "luma_mean": 0.1689316600096829,
      "difficulty": 0.40280365448240363
    },
    {
      "index": 5,
      "start_sec": 26.0,
      "end_sec": 29.933333333333334,
      "duration": 3.9333333333333336,
      "frame_count": 118,
      "motion": 0.08770643363441055,
      "motion_p90": 0.1571285342532074,
      "motion_max": 0.39661786643669816,
      "texture": 6.153129835337362,
      "edge": 0.16010392554012345,
      "noise": 0.06686235219240189,
      "entropy": 0.9090737327933311,
      "hf_energy": 5.0,
      "flatness": 0.3256657503858025,
      "luma_mean": 0.4765571734673808,
      "difficulty": 0.6332178804150028
    }
  ],
  "distributions": {
    "thresholds": {
      "high_complexity": 0.45,
      "low_complexity": 0.2
    },
    "metrics": {
      "motion_mean": {
        "mean": 0.05777337871555516,
        "max": 0.0974714099567296,
        "min": 0.006919416454853547,
        "p95": 0.09503016587614983,
        "variance": 0.000867673338720352,
        "std": 0.02945629540048022
      },
      "motion_p90": {
        "mean": 0.11093801251210356,
        "max": 0.17688556871822797,
        "min": 0.009050930464778504,
        "p95": 0.17194631010197284,
        "variance": 0.0028296376769460095,
        "std": 0.05319433876782387
      },
      "motion_max": {
        "mean": 0.2988068201303155,
        "max": 0.4209304874727669,
        "min": 0.0096508487654321,
        "p95": 0.41485233221374973,
        "variance": 0.01841660806948963,
        "std": 0.13570780401100604
      },
      "texture": {
        "mean": 4.232249115969129,
        "max": 6.268675389059538,
        "min": 2.6705289582168623,
        "p95": 6.239789000628994,
        "variance": 2.1609184669466557,
        "std": 1.470006281260953
      },
      "edge_density": {
        "mean": 0.06422489872685185,
        "max": 0.16747974537037036,
        "min": 0.01046609760802469,
        "p95": 0.16563579041280863,
        "variance": 0.004971670937413383,
        "std": 0.07051007685014521
      },
      "noise_level": {
        "mean": 0.05063127503187085,
        "max": 0.07049617916345596,
        "min": 0.005087353114504367,
        "p95": 0.06995110581920017,
        "variance": 0.0006145748711262211,
        "std": 0.02479062062809685
      },
      "high_freq_energy": {
        "mean": 4.328216700113955,
        "max": 5.0,
        "min": 2.849187129729027,
        "p95": 5.0,
        "variance": 0.9087023428139865,
        "std": 0.9532588015927188
      },
      "flatness": {
        "mean": 0.6597953237525721,
        "max": 0.8514359085648149,
        "min": 0.2890540605709877,
        "p95": 0.8513212528935186,
        "variance": 0.06237117952338791,
        "std": 0.24974222615206246
      },
      "entropy": {
        "mean": 0.7880971170961857,
        "max": 0.9211002737283707,
        "min": 0.5236298069357872,
        "p95": 0.9194602519273758,
        "variance": 0.031006910189896365,
        "std": 0.1760877911437825
      },
      "difficulty": {
        "mean": 0.4898798776820774,
        "max": 0.6478204294319555,
        "min": 0.32263187092100903,
        "p95": 0.6441697921777173,
        "variance": 0.013844685110070101,
        "std": 0.11766343998910665
      }
    },
    "high_complexity_ratio": 0.46547884187082406,
    "low_complexity_ratio": 0.0,
    "high_complexity_segment_ratio": 0.5,
    "low_complexity_segment_ratio": 0.0,
    "scene_complexity_histogram": {
      "bins": [
        0.0,
        0.2,
        0.4,
        0.6,
        0.8,
        1.0
      ],
      "counts": [
        0,
        1,
        3,
        2,
        0
      ],
      "fractions": [
        0.0,
        0.16666666666666666,
        0.5,
        0.3333333333333333,
        0.0
      ]
    },
    "worst_segment_index": 2
  },
  "summary_raw": {
    "segment_count": 6.0,
    "cut_count": 5.0,