{
  "job_id": "v7",
  "input_path": "/root/terry/videos/7.mp4",
  "vmaf_threshold": 85,
  "crf": 29,
  "libx265_params": "aq-mode=1:aq-strength=0.9:rd=5:ref=4:bframes=8:rc-lookahead=30:keyint=60:min-keyint=1:scenecut=50",
  "s_f": 0.3722411111470091,
  "vmaf": 85.056379,
  "vmaf_base": 87.002285,
  "compression_rate": 0.1644330195262668,
  "features": {
    "segment_count": 6.0,
    "cut_count": 5.0,
    "cut_rate": 0.16666666666666666,
    "hard_fraction": 0.8,
    "worst_difficulty": 0.6027567359422382,
    "difficulty_mean": 0.5096258576196835,
    "difficulty_p90": 0.598516748792243,
    "duration_weighted_difficulty": 0.5058881005202346,
    "motion_mean": 0.05289677142590576,
    "motion_std": 0.021862963490484378,
    "motion_p90": 0.12703513677075767,
    "texture": 4.633114984646912,
    "texture_lbp": 4.633114984646912,
    "texture_std": 0.8832006852930027,
    "entropy": 0.9000752155979475,
    "edge_density": 0.06031577932098766,
    "noise_level": 0.046609843766782434,
    "high_freq_energy": 3.7874943455933416,
    "flatness": 0.5402165316358024,
    "luma_mean": 0.3712156102487292,
    "luma_std": 0.2465130627449102,
    "sat_mean": 0.28624264163741625,
    "chroma_std": 0.213162400967144,
    "cut_density": 0.3333333333333333,
    "volatility": 0.5193973089955383,
    "duration": 30.0,
    "fps": 30.0,
    "width": 3840.0,
    "height": 2160.0,
    "short_side": 2160.0,
    "pixels": 8294400.0,
    "motion_level": 0.46698061977857447,
    "texture_level": 0.52333161747946,
    "noise_level_norm": 0.4926532156810005,
    "edge_level": 0.559433690512187,
    "cut_level": 0.3333333333333333
  },
  "param_tune_trials": 25,
  "error": null
}
