{
  "job_id": "v8",
  "input_path": "/root/terry/videos/8.mp4",
  "vmaf_threshold": 85,
  "crf": 31,
  "libx265_params": "aq-mode=2:aq-strength=0.8:rd=6:ref=5:bframes=8:rc-lookahead=20:keyint=60:min-keyint=1:scenecut=50",
  "s_f": 0.4775421674773093,
  "vmaf": 86.103277,
  "vmaf_base": 88.288328,
  "compression_rate": 0.11038623768505802,
  "features": {
    "segment_count": 6.0,
    "cut_count": 5.0,
    "cut_rate": 0.16666666666666666,
    "hard_fraction": 0.8,
    "worst_difficulty": 0.6158343391442932,
    "difficulty_mean": 0.5139670547633752,
    "difficulty_p90": 0.6001668072841851,
    "duration_weighted_difficulty": 0.513229319639511,
    "motion_mean": 0.05327229150276366,
    "motion_std": 0.017033908296914334,
    "motion_p90": 0.14600709649600574,
    "texture": 3.9797467584894157,
    "texture_lbp": 3.9797467584894157,
    "texture_std": 0.7502661381553787,
    "entropy": 0.8799006685614587,
    "edge_density": 0.05604248649691359,
    "noise_level": 0.05528256791100527,
    "high_freq_energy": 4.485999893954241,
    "flatness": 0.6673405671296296,
    "luma_mean": 0.38176227337256924,
    "luma_std": 0.2201013053232436,
    "sat_mean": 0.3019152728606875,
    "chroma_std": 0.19145178186348077,
    "cut_density": 0.3333333333333333,
    "volatility": 0.5002318330039774,
    "duration": 30.0,
    "fps": 30.0,
    "width": 3840.0,
    "height": 2160.0,
    "short_side": 2160.0,
    "pixels": 8294400.0,
    "motion_level": 0.5017303641528542,
    "texture_level": 0.4853499596641907,
    "noise_level_norm": 0.5352555521144691,
    "edge_level": 0.5412511172269764,
    "cut_level": 0.3333333333333333
  },
  "param_tune_trials": 25,
  "error": null
}
