{
  "job_id": "v6",
  "vmaf_threshold": 85,
  "chosen_crf": 29,
  "libx265_params": "aq-mode=1:aq-strength=0.8:rd=3:ref=2:bframes=8:rc-lookahead=20:keyint=60:min-keyint=1:scenecut=50",
  "strategy": "fleet_sla_x265_crf_param_tune",
  "elapsed_sec": 2701.889921569993,
  "error": "",
  "best": {
    "recipe": "default_fast",
    "mode": "RC",
    "encoder": "libx265",
    "crf": 29,
    "bitrate": null,
    "measured_bitrate_mbps": null,
    "path": "work_fleet/85/v6/final_x265.mp4",
    "stage": "sla_final",
    "s_f": 0.565652438757606,
    "vmaf": 85.070509,
    "vmaf_base": 86.889556,
    "vmaf_delta": 1.8190469999999976,
    "passed_encoding_gates": true,
    "passed_vmaf_delta_gate": true,
    "compression_rate": 0.0835654097613812,
    "compression_ratio": 11.966673805052514,
    "reason": "success",
    "rejected_reason": null,
    "validation_errors": [],
    "encode_sec": 0.0,
    "score_sec": 0.0,
    "elapsed_sec": 0.0,
    "nvenc_overrides": {}
  },
  "features": {
    "segment_count": 6.0,
    "cut_count": 5.0,
    "cut_rate": 0.16666666666666666,
    "hard_fraction": 0.7666666666666667,
    "worst_difficulty": 0.5581547825740235,
    "difficulty_mean": 0.47059027413788135,
    "difficulty_p90": 0.5565753544959187,
    "duration_weighted_difficulty": 0.4616535179393819,
    "motion_mean": 0.04112200716256152,
    "motion_std": 0.01861329402228165,
    "motion_p90": 0.1374965376119583,
    "texture": 4.349216168787377,
    "texture_lbp": 4.349216168787377,
    "texture_std": 0.24627986656349996,
    "entropy": 0.8030630975961685,
    "edge_density": 0.017558143647119343,
    "noise_level": 0.051503393956227224,
    "high_freq_energy": 4.284464220002328,
    "flatness": 0.6600290959362141,
    "luma_mean": 0.3446198740909687,
    "luma_std": 0.2374381874560598,
    "sat_mean": 0.2484391521738582,
    "chroma_std": 0.22328014960840356,
    "cut_density": 0.3333333333333333,
    "volatility": 0.37162964534866905,
    "duration": 30.0,
    "fps": 30.0,
    "width": 3840.0,
    "height": 2160.0,
    "short_side": 2160.0,
    "pixels": 8294400.0,
    "motion_level": 0.48671937282582106,
    "texture_level": 0.5075395559081608,
    "noise_level_norm": 0.5176043942670358,
    "edge_level": 0.26988387099324784,
    "cut_level": 0.3333333333333333
  },
  "stage_timings": {
    "download": 0.0,
    "features": 20.910222570004407,
    "prepare": 20.910941836002166,
    "scene_samples": 0.0,
    "crf_search": 215.9343825399992,
    "param_tune": 2465.0256439939985,
    "final_encode": 0.006648497001151554,
    "final_score": 0.0,
    "upload": 0.0
  }
}
