{
  "job_id": "v10",
  "input_path": "/root/terry/videos/10.mp4",
  "vmaf_threshold": 85,
  "crf": 27,
  "libx265_params": "aq-mode=1:aq-strength=0.8:rd=4:ref=5:bframes=8:rc-lookahead=20:keyint=60:min-keyint=1:scenecut=50",
  "s_f": 0.38007088068090156,
  "vmaf": 85.339865,
  "vmaf_base": 87.397196,
  "compression_rate": 0.15960311536718405,
  "features": {
    "segment_count": 6.0,
    "cut_count": 5.0,
    "cut_rate": 0.16666666666666666,
    "hard_fraction": 0.8666666666666667,
    "worst_difficulty": 0.5853370428731808,
    "difficulty_mean": 0.5254221761514378,
    "difficulty_p90": 0.5720544427964213,
    "duration_weighted_difficulty": 0.5290972423623388,
    "motion_mean": 0.051007914498103775,
    "motion_std": 0.012725529527874936,
    "motion_p90": 0.13071369069232627,
    "texture": 5.119868535261929,
    "texture_lbp": 5.119868535261929,
    "texture_std": 0.624940297355819,
    "entropy": 0.8695765778422357,
    "edge_density": 0.05545367155349794,
    "noise_level": 0.04530166642507538,
    "high_freq_energy": 5.0,
    "flatness": 0.560360452031893,
    "luma_mean": 0.37358615820170665,
    "luma_std": 0.24398166461565993,
    "sat_mean": 0.356904386422779,
    "chroma_std": 0.26083634743084916,
    "cut_density": 0.3333333333333333,
    "volatility": 0.47680808144876324,
    "duration": 30.0,
    "fps": 30.0,
    "width": 3840.0,
    "height": 2160.0,
    "short_side": 2160.0,
    "pixels": 8294400.0,
    "motion_level": 0.4740921292812839,
    "texture_level": 0.5481735118575036,
    "noise_level_norm": 0.48553973536425804,
    "edge_level": 0.5386274303455266,
    "cut_level": 0.3333333333333333
  },
  "param_tune_trials": 25,
  "error": null
}
