{
  "job_id": "v11",
  "input_path": "/root/terry/videos/11.mp4",
  "vmaf_threshold": 85,
  "crf": 31,
  "libx265_params": "aq-mode=1:aq-strength=0.8:rd=5:ref=5:bframes=8:rc-lookahead=30:keyint=60:min-keyint=1:scenecut=50",
  "s_f": 0.6301893559937389,
  "vmaf": 85.509168,
  "vmaf_base": 87.485264,
  "compression_rate": 0.07171587995760198,
  "features": {
    "segment_count": 6.0,
    "cut_count": 5.0,
    "cut_rate": 0.16666666666666666,
    "hard_fraction": 0.7666666666666667,
    "worst_difficulty": 0.5970541797113886,
    "difficulty_mean": 0.49555781554447687,
    "difficulty_p90": 0.5964181145552232,
    "duration_weighted_difficulty": 0.48451820869822276,
    "motion_mean": 0.052707556180908575,
    "motion_std": 0.0238541982515727,
    "motion_p90": 0.14052279336117157,
    "texture": 4.508223270390636,
    "texture_lbp": 4.508223270390636,
    "texture_std": 1.1391129603661494,
    "entropy": 0.7926876688996951,
    "edge_density": 0.05795566486625515,
    "noise_level": 0.045107862392129994,
    "high_freq_energy": 4.228647933616659,
    "flatness": 0.6286556873713991,
    "luma_mean": 0.2988656983465969,
    "luma_std": 0.24973902884257723,
    "sat_mean": 0.309314530600692,
    "chroma_std": 0.27387989957143455,
    "cut_density": 0.3333333333333333,
    "volatility": 0.5272535776406722,
    "duration": 30.0,
    "fps": 30.0,
    "width": 3840.0,
    "height": 2160.0,
    "short_side": 2160.0,
    "pixels": 8294400.0,
    "motion_level": 0.49215963358630177,
    "texture_level": 0.5165109932148733,
    "noise_level_norm": 0.4844688862274081,
    "edge_level": 0.549573746841934,
    "cut_level": 0.3333333333333333
  },
  "param_tune_trials": 25,
  "error": null
}
