{
  "job_id": "v1",
  "input_path": "/root/terry/videos/1.mp4",
  "vmaf_threshold": 85,
  "crf": 32,
  "libx265_params": "aq-mode=1:aq-strength=0.8:rd=4:ref=6:bframes=8:rc-lookahead=30:keyint=60:min-keyint=1:scenecut=50",
  "s_f": 0.7148332796497648,
  "vmaf": 85.944528,
  "vmaf_base": 87.992174,
  "compression_rate": 0.060209415905467994,
  "features": {
    "segment_count": 6.0,
    "cut_count": 5.0,
    "cut_rate": 0.16666666666666666,
    "hard_fraction": 0.8666666666666667,
    "worst_difficulty": 0.6264051397809116,
    "difficulty_mean": 0.5499473432318108,
    "difficulty_p90": 0.6213766171975108,
    "duration_weighted_difficulty": 0.554829490229134,
    "motion_mean": 0.05933335602759622,
    "motion_std": 0.02281058460963009,
    "motion_p90": 0.14046241149237468,
    "texture": 5.106388338617403,
    "texture_lbp": 5.106388338617403,
    "texture_std": 0.7781465128516507,
    "entropy": 0.8872380316257477,
    "edge_density": 0.09243230774176955,
    "noise_level": 0.049371549126226454,
    "high_freq_energy": 5.0,
    "flatness": 0.4565741544495885,
    "luma_mean": 0.31892975741093765,
    "luma_std": 0.24257879948990976,
    "sat_mean": 0.3235750512512104,
    "chroma_std": 0.2547271885523092,
    "cut_density": 0.3333333333333333,
    "volatility": 0.5270904119676018,
    "duration": 30.0,
    "fps": 30.0,
    "width": 3840.0,
    "height": 2160.0,
    "short_side": 2160.0,
    "pixels": 8294400.0,
    "motion_level": 0.4920522136629072,
    "texture_level": 0.5475204498480495,
    "noise_level_norm": 0.5070428638474698,
    "edge_level": 0.6605501562394276,
    "cut_level": 0.3333333333333333
  },
  "param_tune_trials": 25,
  "error": null
}
