{
  "job_id": "v9",
  "input_path": "/root/terry/videos/9.mp4",
  "vmaf_threshold": 85,
  "crf": 32,
  "libx265_params": "aq-mode=2:aq-strength=0.8:rd=5:ref=6:bframes=6:rc-lookahead=30:keyint=60:min-keyint=1:scenecut=50",
  "s_f": 0.5818085575046742,
  "vmaf": 85.357057,
  "vmaf_base": 87.503972,
  "compression_rate": 0.08046018683798074,
  "features": {
    "segment_count": 6.0,
    "cut_count": 5.0,
    "cut_rate": 0.16666666666666666,
    "hard_fraction": 0.5,
    "worst_difficulty": 0.5493568839321182,
    "difficulty_mean": 0.44521930131700077,
    "difficulty_p90": 0.5089974176954802,
    "duration_weighted_difficulty": 0.44521930131700077,
    "motion_mean": 0.041853806395243276,
    "motion_std": 0.016606977276908245,
    "motion_p90": 0.13204849839627203,
    "texture": 4.015885749093778,
    "texture_lbp": 4.015885749093778,
    "texture_std": 0.5165954048053137,
    "entropy": 0.8069342610736687,
    "edge_density": 0.02681560249485596,
    "noise_level": 0.03803401997235293,
    "high_freq_energy": 3.136317432536906,
    "flatness": 0.719895150141461,
    "luma_mean": 0.26009564544374847,
    "luma_std": 0.21943677893979993,
    "sat_mean": 0.3385849797705862,
    "chroma_std": 0.2539228792656194,
    "cut_density": 0.3333333333333333,
    "volatility": 0.48839239150962466,
    "duration": 30.0,
    "fps": 30.0,
    "width": 3840.0,
    "height": 2160.0,
    "short_side": 2160.0,
    "pixels": 8294400.0,
    "motion_level": 0.47662593069679277,
    "texture_level": 0.487608239288125,
    "noise_level_norm": 0.44208116724727237,
    "edge_level": 0.3608340859069548,
    "cut_level": 0.3333333333333333
  },
  "param_tune_trials": 25,
  "error": null
}
