{
  "job_id": "v9",
  "vmaf_threshold": 85,
  "chosen_crf": 32,
  "libx265_params": "aq-mode=2:aq-strength=0.8:rd=5:ref=6:bframes=6:rc-lookahead=30:keyint=60:min-keyint=1:scenecut=50",
  "strategy": "fleet_sla_x265_crf_param_tune",
  "elapsed_sec": 4474.02601934399,
  "error": "",
  "best": {
    "recipe": "default_fast",
    "mode": "RC",
    "encoder": "libx265",
    "crf": 32,
    "bitrate": null,
    "measured_bitrate_mbps": null,
    "path": "work_fleet/85/v9/final_x265.mp4",
    "stage": "sla_final",
    "s_f": 0.5818085575046742,
    "vmaf": 85.357057,
    "vmaf_base": 87.503972,
    "vmaf_delta": 2.146915000000007,
    "passed_encoding_gates": true,
    "passed_vmaf_delta_gate": true,
    "compression_rate": 0.08046018683798074,
    "compression_ratio": 12.428507057952245,
    "reason": "success",
    "rejected_reason": null,
    "validation_errors": [],
    "encode_sec": 0.0,
    "score_sec": 0.0,
    "elapsed_sec": 0.0,
    "nvenc_overrides": {}
  },
  "features": {
    "segment_count": 6.0,
    "cut_count": 5.0,
    "cut_rate": 0.16666666666666666,
    "hard_fraction": 0.5,
    "worst_difficulty": 0.5493568839321182,
    "difficulty_mean": 0.44521930131700077,
    "difficulty_p90": 0.5089974176954802,
    "duration_weighted_difficulty": 0.44521930131700077,
    "motion_mean": 0.041853806395243276,
    "motion_std": 0.016606977276908245,
    "motion_p90": 0.13204849839627203,
    "texture": 4.015885749093778,
    "texture_lbp": 4.015885749093778,
    "texture_std": 0.5165954048053137,
    "entropy": 0.8069342610736687,
    "edge_density": 0.02681560249485596,
    "noise_level": 0.03803401997235293,
    "high_freq_energy": 3.136317432536906,
    "flatness": 0.719895150141461,
    "luma_mean": 0.26009564544374847,
    "luma_std": 0.21943677893979993,
    "sat_mean": 0.3385849797705862,
    "chroma_std": 0.2539228792656194,
    "cut_density": 0.3333333333333333,
    "volatility": 0.48839239150962466,
    "duration": 30.0,
    "fps": 30.0,
    "width": 3840.0,
    "height": 2160.0,
    "short_side": 2160.0,
    "pixels": 8294400.0,
    "motion_level": 0.47662593069679277,
    "texture_level": 0.487608239288125,
    "noise_level_norm": 0.44208116724727237,
    "edge_level": 0.3608340859069548,
    "cut_level": 0.3333333333333333
  },
  "stage_timings": {
    "download": 0.0,
    "features": 20.93064029699599,
    "prepare": 20.932082510000328,
    "scene_samples": 0.0,
    "crf_search": 649.249280339005,
    "param_tune": 3803.825736564002,
    "final_encode": 0.009303563987486996,
    "final_score": 0.0,
    "upload": 0.0
  }
}
