{
  "job_id": "v13",
  "input_path": "/root/terry/videos/13.mp4",
  "vmaf_threshold": 85,
  "crf": 31,
  "libx265_params": "aq-mode=1:aq-strength=0.8:rd=5:ref=6:bframes=8:rc-lookahead=40:keyint=60:min-keyint=1:scenecut=50",
  "s_f": 0.5802786117455752,
  "vmaf": 85.032544,
  "vmaf_base": 87.060033,
  "compression_rate": 0.08041747952578163,
  "features": {
    "segment_count": 6.0,
    "cut_count": 5.0,
    "cut_rate": 0.16666666666666666,
    "hard_fraction": 1.0,
    "worst_difficulty": 0.590024698739309,
    "difficulty_mean": 0.5487072653269643,
    "difficulty_p90": 0.5891709477731798,
    "duration_weighted_difficulty": 0.5450857788769535,
    "motion_mean": 0.0580367875892641,
    "motion_std": 0.015349628735032038,
    "motion_p90": 0.1463336956850641,
    "texture": 5.191419383383464,
    "texture_lbp": 5.191419383383464,
    "texture_std": 0.6472676699946145,
    "entropy": 0.8298124030232429,
    "edge_density": 0.10306802983539094,
    "noise_level": 0.04660984381334857,
    "high_freq_energy": 5.0,
    "flatness": 0.4797401138117283,
    "luma_mean": 0.30904826275417574,
    "luma_std": 0.2489401325846992,
    "sat_mean": 0.38881575813967567,
    "chroma_std": 0.30865804400093777,
    "cut_density": 0.3333333333333333,
    "volatility": 0.4889916638599948,
    "duration": 30.0,
    "fps": 30.0,
    "width": 3840.0,
    "height": 2160.0,
    "short_side": 2160.0,
    "pixels": 8294400.0,
    "motion_level": 0.5022889485576462,
    "texture_level": 0.5516085482864878,
    "noise_level_norm": 0.4926532159307122,
    "edge_level": 0.6845279834508723,
    "cut_level": 0.3333333333333333
  },
  "param_tune_trials": 20,
  "error": null
}
