{
  "job_id": "v15",
  "vmaf_threshold": 85,
  "chosen_crf": 30,
  "libx265_params": "aq-mode=2:aq-strength=0.8:rd=6:ref=4:bframes=7:rc-lookahead=70:keyint=60:min-keyint=1:scenecut=60",
  "strategy": "fleet_sla_x265_crf_param_tune",
  "elapsed_sec": 4092.2345393330033,
  "error": "",
  "best": {
    "recipe": "default_fast",
    "mode": "RC",
    "encoder": "libx265",
    "crf": 30,
    "bitrate": null,
    "measured_bitrate_mbps": null,
    "path": "work_fleet/85/v15/final_x265.mp4",
    "stage": "sla_final",
    "s_f": 0.4636815145684377,
    "vmaf": 86.040437,
    "vmaf_base": 87.983983,
    "vmaf_delta": 1.9435459999999978,
    "passed_encoding_gates": true,
    "passed_vmaf_delta_gate": true,
    "compression_rate": 0.11564418699158713,
    "compression_ratio": 8.647213716611176,
    "reason": "success",
    "rejected_reason": null,
    "validation_errors": [],
    "encode_sec": 0.0,
    "score_sec": 0.0,
    "elapsed_sec": 0.0,
    "nvenc_overrides": {}
  },
  "features": {
    "segment_count": 9.0,
    "cut_count": 8.0,
    "cut_rate": 0.26666666666666666,
    "hard_fraction": 0.6,
    "worst_difficulty": 0.5487544273576311,
    "difficulty_mean": 0.4689050775310393,
    "difficulty_p90": 0.5044386641938815,
    "duration_weighted_difficulty": 0.4769775917106832,
    "motion_mean": 0.06070275966964719,
    "motion_std": 0.026857469765468916,
    "motion_p90": 0.1883634592108448,
    "texture": 3.7399005210836087,
    "texture_lbp": 3.7399005210836087,
    "texture_std": 0.6364287348922865,
    "entropy": 0.7723408420880635,
    "edge_density": 0.017630271829989712,
    "noise_level": 0.07154514021162564,
    "high_freq_energy": 3.8232279888323255,
    "flatness": 0.7280177493248456,
    "luma_mean": 0.2902635376510429,
    "luma_std": 0.1910919748815419,
    "sat_mean": 0.2893617726488744,
    "chroma_std": 0.2327074918735419,
    "cut_density": 0.5333333333333333,
    "volatility": 0.5831479276609045,
    "duration": 30.0,
    "fps": 30.0,
    "width": 3840.0,
    "height": 2160.0,
    "short_side": 2160.0,
    "pixels": 8294400.0,
    "motion_level": 0.5650393107173429,
    "texture_level": 0.4698426206681391,
    "noise_level_norm": 0.5984780316872133,
    "edge_level": 0.270692434326241,
    "cut_level": 0.5333333333333333
  },
  "stage_timings": {
    "download": 0.0,
    "features": 21.865724061004585,
    "prepare": 21.866212553999503,
    "scene_samples": 0.0,
    "crf_search": 416.66983355299453,
    "param_tune": 3653.6785923059942,
    "final_encode": 0.009153725011856295,
    "final_score": 0.0,
    "upload": 0.0
  }
}
