{
  "job_id": "v5",
  "input_path": "/root/terry/videos/5.mp4",
  "vmaf_threshold": 85,
  "crf": 28,
  "libx265_params": "aq-mode=1:aq-strength=0.8:rd=6:ref=4:bframes=6:rc-lookahead=30:keyint=60:min-keyint=1:scenecut=60",
  "s_f": 0.4080890412065166,
  "vmaf": 86.450094,
  "vmaf_base": 88.354039,
  "compression_rate": 0.14462679011236287,
  "features": {
    "segment_count": 7.0,
    "cut_count": 6.0,
    "cut_rate": 0.2,
    "hard_fraction": 0.7666666666666667,
    "worst_difficulty": 0.5624921230848956,
    "difficulty_mean": 0.46361794783270993,
    "difficulty_p90": 0.5578485712607872,
    "duration_weighted_difficulty": 0.470540356932361,
    "motion_mean": 0.04714932048964132,
    "motion_std": 0.013620553160369829,
    "motion_p90": 0.13331539654442018,
    "texture": 4.40377174416247,
    "texture_lbp": 4.40377174416247,
    "texture_std": 0.988579422633984,
    "entropy": 0.8088078927000364,
    "edge_density": 0.03314673675411523,
    "noise_level": 0.03881408012394483,
    "high_freq_energy": 4.05141042248639,
    "flatness": 0.6706250160751028,
    "luma_mean": 0.3724911881644376,
    "luma_std": 0.24017900976783227,
    "sat_mean": 0.2336146119028887,
    "chroma_std": 0.20445083458206464,
    "cut_density": 0.4,
    "volatility": 0.4939637385393523,
    "duration": 30.0,
    "fps": 30.0,
    "width": 3840.0,
    "height": 2160.0,
    "short_side": 2160.0,
    "pixels": 8294400.0,
    "motion_level": 0.47900834161412464,
    "texture_level": 0.5106549517783137,
    "noise_level_norm": 0.44709429701414566,
    "edge_level": 0.4110115063325711,
    "cut_level": 0.4
  },
  "param_tune_trials": 25,
  "error": null
}
