{
  "job_id": "v4",
  "vmaf_threshold": 85,
  "chosen_crf": 30,
  "libx265_params": "aq-mode=1:aq-strength=0.8:rd=4:ref=6:bframes=8:rc-lookahead=30:keyint=60:min-keyint=1:scenecut=50",
  "strategy": "fleet_sla_x265_crf_param_tune",
  "elapsed_sec": 6198.192142974993,
  "error": "",
  "best": {
    "recipe": "default_fast",
    "mode": "RC",
    "encoder": "libx265",
    "crf": 30,
    "bitrate": null,
    "measured_bitrate_mbps": null,
    "path": "work_fleet/85/v4/final_x265.mp4",
    "stage": "sla_final",
    "s_f": 0.5451443905186857,
    "vmaf": 85.355364,
    "vmaf_base": 87.288226,
    "vmaf_delta": 1.932862,
    "passed_encoding_gates": true,
    "passed_vmaf_delta_gate": true,
    "compression_rate": 0.08869609661510623,
    "compression_ratio": 11.274453309252907,
    "reason": "success",
    "rejected_reason": null,
    "validation_errors": [],
    "encode_sec": 0.0,
    "score_sec": 0.0,
    "elapsed_sec": 0.0,
    "nvenc_overrides": {}
  },
  "features": {
    "segment_count": 6.0,
    "cut_count": 5.0,
    "cut_rate": 0.16666666666666666,
    "hard_fraction": 1.0,
    "worst_difficulty": 0.6079735636946059,
    "difficulty_mean": 0.5363129978762126,
    "difficulty_p90": 0.6011025957941927,
    "duration_weighted_difficulty": 0.5328569691641145,
    "motion_mean": 0.05077492138959494,
    "motion_std": 0.012189224534002152,
    "motion_p90": 0.11635609189663515,
    "texture": 5.025372787096303,
    "texture_lbp": 5.025372787096303,
    "texture_std": 0.190397288163389,
    "entropy": 0.8656959682703017,
    "edge_density": 0.08169788451646091,
    "noise_level": 0.05072817640999953,
    "high_freq_energy": 5.0,
    "flatness": 0.5105373906893005,
    "luma_mean": 0.44214860386155497,
    "luma_std": 0.25065001631404865,
    "sat_mean": 0.2343945993958283,
    "chroma_std": 0.21690581898184502,
    "cut_density": 0.3333333333333333,
    "volatility": 0.32305586930547814,
    "duration": 30.0,
    "fps": 30.0,
    "width": 3840.0,
    "height": 2160.0,
    "short_side": 2160.0,
    "pixels": 8294400.0,
    "motion_level": 0.4452013766055751,
    "texture_level": 0.5435554523134186,
    "noise_level_norm": 0.51381660489033,
    "edge_level": 0.6323469213309906,
    "cut_level": 0.3333333333333333
  },
  "stage_timings": {
    "download": 0.0,
    "features": 28.736101533999317,
    "prepare": 28.736653018000652,
    "scene_samples": 0.0,
    "crf_search": 609.789835322008,
    "param_tune": 5559.625166864993,
    "final_encode": 0.017878351005492732,
    "final_score": 0.0,
    "upload": 0.0
  }
}
